table	position	text	code	weight	stem	reason	zhihu_value	zhihu_rarity	wiki_value	wiki_rarity	english_rank
moc_wubi86_core	22	落落难合	aacw	40000		古旧书面表达，按现代日常及工科用途审核	1	0.99829445	6	0.92341549	not_applicable
moc_wubi86_core	28	花花太岁	aadm	40000		古旧书面表达，按现代日常及工科用途审核	4	0.98982174	8	0.90055018	not_applicable
moc_wubi86_core	128	切切私语	aaty	40000		古旧书面表达，按现代日常及工科用途审核	3	0.99251761	unknown	unknown	not_applicable
moc_wubi86_core	448	戎机	adsm	40000		古旧称谓、文言短词或低需求历史用语	4	0.96935299	46	0.88283559	not_applicable
moc_wubi86_core	465	其奈我何	adtw	40000		古旧书面表达，按现代日常及工科用途审核	3	0.99251761	unknown	unknown	not_applicable
moc_wubi86_core	795	东走西顾	afsd	40000		古旧书面表达，按现代日常及工科用途审核	6	0.98544234	2	0.98927157	not_applicable
moc_wubi86_core	964	七青八黄	agwa	40000		古旧书面表达，按现代日常及工科用途审核	unknown	unknown	unknown	unknown	not_applicable
moc_wubi86_core	971	匡谬	agyn	39998		古旧称谓、文言短词或低需求历史用语	1	0.99523694	unknown	unknown	not_applicable
moc_wubi86_core	1013	牙婆	ahih	40000		古旧称谓、文言短词或低需求历史用语	1	0.99523694	33	0.90997984	not_applicable
moc_wubi86_core	1032	卧虎山	ahmm	40000		零散地方设施、品牌或人名，非通用词汇	2	0.99544534	50	0.87340949	not_applicable
moc_wubi86_core	1055	菽粟	ahso	40000		古旧称谓、文言短词或低需求历史用语	5	0.96189549	32	0.91223968	not_applicable
moc_wubi86_core	1180	茫昧	aijf	39999		古旧称谓、文言短词或低需求历史用语	9	0.93665473	2	0.99769669	not_applicable
moc_wubi86_core	1246	燕雀处堂	aiti	40000		古旧书面表达，按现代日常及工科用途审核	2	0.99521347	3	0.96734155	not_applicable
moc_wubi86_core	1316	七星台	ajck	40000		零散地方设施、品牌或人名，非通用词汇	12	0.96486408	unknown	unknown	not_applicable
moc_wubi86_core	1498	黄口孺子	akbb	40000		古旧书面表达，按现代日常及工科用途审核	4	0.98982174	unknown	unknown	not_applicable
moc_wubi86_core	1552	藏器待时	aktj	40000		古旧书面表达，按现代日常及工科用途审核	1	0.99829445	2	0.98927157	not_applicable
moc_wubi86_core	1695	芟除	ambw	40000		古旧称谓、文言短词或低需求历史用语	3	0.97721030	12	0.96264298	not_applicable
moc_wubi86_core	1915	薪尽火传	anow	40000		古旧书面表达，按现代日常及工科用途审核	10	0.97870819	9	0.88769806	not_applicable
moc_wubi86_core	1933	其情可悯	ansn	40000		古旧书面表达，按现代日常及工科用途审核	4	0.98982174	9	0.88769806	not_applicable
moc_wubi86_core	2011	其实难副	apcg	40000		古旧书面表达，按现代日常及工科用途审核	24	0.90167254	8	0.90055018	not_applicable
moc_wubi86_core	2052	荣宗耀祖	apip	40000		古旧书面表达，按现代日常及工科用途审核	unknown	unknown	4	0.95011004	not_applicable
moc_wubi86_core	2080	萦怀	apng	40000		古旧称谓、文言短词或低需求历史用语	10	0.93110941	16	0.95135243	not_applicable
moc_wubi86_core	2129	萦系	aptx	40000		古旧称谓、文言短词或低需求历史用语	unknown	unknown	unknown	unknown	not_applicable
moc_wubi86_core	2201	荆钗布裙	aqdp	40000		古旧书面表达，按现代日常及工科用途审核	2	0.99521347	6	0.92341549	not_applicable
moc_wubi86_core	2357	黄钟毁弃	aqvy	40000		古旧书面表达，按现代日常及工科用途审核	10	0.97870819	1	0.99903169	not_applicable
moc_wubi86_core	2359	敬颂	aqwc	40000		古旧称谓、文言短词或低需求历史用语	14	0.91112714	13	0.95991378	not_applicable
moc_wubi86_core	2363	敬候	aqwh	40000		古旧称谓、文言短词或低需求历史用语	12	0.92111393	54	0.86778152	not_applicable
moc_wubi86_core	2399	薄技在身	ardt	40000		古旧书面表达，按现代日常及工科用途审核	unknown	unknown	unknown	unknown	not_applicable
moc_wubi86_core	2468	莫可究诘	aspy	40000		古旧书面表达，按现代日常及工科用途审核	unknown	unknown	unknown	unknown	not_applicable
moc_wubi86_core	2485	荡检逾闲	aswu	40000		古旧书面表达，按现代日常及工科用途审核	unknown	unknown	unknown	unknown	not_applicable
moc_wubi86_core	2660	燕瘦环肥	auge	40000		古旧书面表达，按现代日常及工科用途审核	9	0.98020467	5	0.93872139	not_applicable
moc_wubi86_core	2694	芝兰之室	aupp	40000		古旧书面表达，按现代日常及工科用途审核	4	0.98982174	6	0.92341549	not_applicable
moc_wubi86_core	2712	黄童白叟	aurv	40000		古旧书面表达，按现代日常及工科用途审核	2	0.99521347	10	0.87655150	not_applicable
moc_wubi86_core	2820	欺君误国	avyl	40000		古旧书面表达，按现代日常及工科用途审核	unknown	unknown	11	0.86695643	not_applicable
moc_wubi86_core	2994	茶寮	awpd	40000		古旧称谓、文言短词或低需求历史用语	unknown	unknown	unknown	unknown	not_applicable
moc_wubi86_core	3034	东食西宿	awsp	40000		古旧书面表达，按现代日常及工科用途审核	12	0.97612236	unknown	unknown	not_applicable
moc_wubi86_core	3101	荏弱	awxu	40000		古旧称谓、文言短词或低需求历史用语	5	0.96189549	30	0.91683760	not_applicable
moc_wubi86_core	3229	芳魂	ayfc	40000		古旧称谓、文言短词或低需求历史用语	12	0.92111393	50	0.87509995	not_applicable
moc_wubi86_core	3283	蔼然	ayqd	40000		古旧称谓、文言短词或低需求历史用语	3	0.97721030	42	0.89077113	not_applicable
moc_wubi86_core	3323	蓬户瓮牖	aywt	40000		古旧书面表达，按现代日常及工科用途审核	unknown	unknown	unknown	unknown	not_applicable
moc_wubi86_core	3365	阿其所好	barv	40000		古旧书面表达，按现代日常及工科用途审核	4	0.98982174	unknown	unknown	not_applicable
moc_wubi86_core	3546	承奉	bddw	40000		古旧称谓、文言短词或低需求历史用语	2	0.98589334	61	0.85641275	not_applicable
moc_wubi86_core	3559	承教	bdft	40000		古旧称谓、文言短词或低需求历史用语	5	0.96189549	23	0.93341272	not_applicable
moc_wubi86_core	3610	承乏	bdtp	40000		古旧称谓、文言短词或低需求历史用语	unknown	unknown	10	0.96854466	not_applicable
moc_wubi86_core	3735	降志辱身	bfdt	40000		古旧书面表达，按现代日常及工科用途审核	unknown	unknown	8	0.90055018	not_applicable
moc_wubi86_core	3880	阮囊羞涩	bgui	40000		古旧书面表达，按现代日常及工科用途审核	unknown	unknown	10	0.87655150	not_applicable
moc_wubi86_core	3982	聚蚊成雷	bjdf	40000		古旧书面表达，按现代日常及工科用途审核	1	0.99829445	unknown	unknown	not_applicable
moc_wubi86_core	4049	亟盼	bkhw	40000		古旧称谓、文言短词或低需求历史用语	unknown	unknown	24	0.93081389	not_applicable
moc_wubi86_core	4075	降贵纡尊	bkxu	40000		古旧书面表达，按现代日常及工科用途审核	1	0.99829445	unknown	unknown	not_applicable
moc_wubi86_core	4099	耳软心活	blni	40000		古旧书面表达，按现代日常及工科用途审核	3	0.99251761	unknown	unknown	not_applicable
moc_wubi86_core	4318	聊以塞责	bnpg	40000		古旧书面表达，按现代日常及工科用途审核	unknown	unknown	unknown	unknown	not_applicable
moc_wubi86_core	4361	取精用弘	boex	40000		古旧书面表达，按现代日常及工科用途审核	unknown	unknown	unknown	unknown	not_applicable
moc_wubi86_core	4616	孤标傲世	bswa	40000		古旧书面表达，按现代日常及工科用途审核	5	0.98746699	unknown	unknown	not_applicable
moc_wubi86_core	4793	防意如城	buvf	40000		古旧书面表达，按现代日常及工科用途审核	1	0.99829445	3	0.96734155	not_applicable
moc_wubi86_core	4879	聆教	bwft	40000		古旧称谓、文言短词或低需求历史用语	unknown	unknown	5	0.98595418	not_applicable
moc_wubi86_core	5041	孔方兄	bykq	40000		古旧称谓、文言短词或低需求历史用语	10	0.97057548	23	0.92871602	not_applicable
moc_wubi86_core	5079	聚讼纷纭	byxx	40000		古旧书面表达，按现代日常及工科用途审核	5	0.98746699	7	0.91110255	not_applicable
moc_wubi86_core	5100	骐骥	cacu	40000		古旧称谓、文言短词或低需求历史用语	21	0.88012377	39	0.89708132	not_applicable
moc_wubi86_core	5196	矜夸	cbdf	40000		古旧称谓、文言短词或低需求历史用语	4	0.96935299	30	0.91683760	not_applicable
moc_wubi86_core	5313	骀荡	ccai	40000		古旧称谓、文言短词或低需求历史用语	7	0.94839725	7	0.97768835	not_applicable
moc_wubi86_core	5360	骆驿不绝	ccgx	40000		古旧书面表达，按现代日常及工科用途审核	unknown	unknown	7	0.91110255	not_applicable
moc_wubi86_core	5402	骚客	ccpt	40000		古旧称谓、文言短词或低需求历史用语	14	0.91112714	46	0.88283559	not_applicable
moc_wubi86_core	5524	参错	cdqa	40000		古旧称谓、文言短词或低需求历史用语	2	0.98589334	29	0.91906268	not_applicable
moc_wubi86_core	5545	参商	cdum	40000		古旧称谓、文言短词或低需求历史用语	21	0.88012377	7	0.97768835	not_applicable
moc_wubi86_core	5629	通家	cepe	40000		古旧称谓、文言短词或低需求历史用语	6	0.95490735	59	0.85995028	not_applicable
moc_wubi86_core	5915	驴鸣犬吠	ckdk	40000		古旧书面表达，按现代日常及工科用途审核	unknown	unknown	unknown	unknown	not_applicable
moc_wubi86_core	5927	台甫	ckge	40000		古旧称谓、文言短词或低需求历史用语	3	0.97721030	10	0.96854466	not_applicable
moc_wubi86_core	5940	台鉴	ckjt	40000		古旧称谓、文言短词或低需求历史用语	10	0.93110941	13	0.95991378	not_applicable
moc_wubi86_core	5943	台驾	cklk	39999		古旧称谓、文言短词或低需求历史用语	unknown	unknown	unknown	unknown	not_applicable
moc_wubi86_core	6040	骋怀	cmng	40000		古旧称谓、文言短词或低需求历史用语	1	0.99523694	5	0.98595418	not_applicable
moc_wubi86_core	6284	能近取譬	crbn	40000		古旧书面表达，按现代日常及工科用途审核	2	0.99521347	9	0.88769806	not_applicable
moc_wubi86_core	6315	通权达变	csdy	40000		古旧书面表达，按现代日常及工科用途审核	1	0.99829445	9	0.88769806	not_applicable
moc_wubi86_core	6384	骈俪	cuwg	40000		古旧称谓、文言短词或低需求历史用语	7	0.94839725	53	0.86946772	not_applicable
moc_wubi86_core	6431	难卜	cwhh	40000		古旧称谓、文言短词或低需求历史用语	10	0.93110941	9	0.97171714	not_applicable
moc_wubi86_core	6514	圣经贤传	cxjw	40000		古旧书面表达，按现代日常及工科用途审核	4	0.98982174	2	0.98927157	not_applicable
moc_wubi86_core	6657	左袒	dapu	39998		古旧称谓、文言短词或低需求历史用语	6	0.95490735	27	0.92354761	not_applicable
moc_wubi86_core	6786	龙骧虎步	dchh	40000		古旧书面表达，按现代日常及工科用途审核	unknown	unknown	3	0.96734155	not_applicable
moc_wubi86_core	6805	犬马之劳	dcpa	40000		古旧书面表达，按现代日常及工科用途审核	6	0.98544234	6	0.92341549	not_applicable
moc_wubi86_core	7200	大而言之	ddyp	40000		古旧书面表达，按现代日常及工科用途审核	6	0.98544234	6	0.92341549	not_applicable
moc_wubi86_core	7291	龙肝凤髓	demm	40000		古旧书面表达，按现代日常及工科用途审核	6	0.98544234	unknown	unknown	not_applicable
moc_wubi86_core	7621	三曹对案	dgcp	40000		古旧书面表达，按现代日常及工科用途审核	1	0.99829445	2	0.98927157	not_applicable
moc_wubi86_core	7723	万平口	dgkk	40000		零散地方设施、品牌或人名，非通用词汇	unknown	unknown	11	0.96392423	not_applicable
moc_wubi86_core	8069	破钞	dhqi	39999		古旧称谓、文言短词或低需求历史用语	unknown	unknown	unknown	unknown	not_applicable
moc_wubi86_core	8135	三贞九烈	dhvg	40000		古旧书面表达，按现代日常及工科用途审核	2	0.99521347	unknown	unknown	not_applicable
moc_wubi86_core	8229	耜	din	40000		低需求冷僻单字；含字词组保留	8	0.87541423	127	0.81899953	not_applicable
moc_wubi86_core	8232	耜	dinn	40000		低需求冷僻单字；含字词组保留	8	0.87541423	127	0.81899953	not_applicable
moc_wubi86_core	8689	春风风人	dmmw	40000		古旧书面表达，按现代日常及工科用途审核	3	0.99251761	3	0.96734155	not_applicable
moc_wubi86_core	8746	成败利钝	dmtq	40000		古旧书面表达，按现代日常及工科用途审核	9	0.98020467	8	0.90055018	not_applicable
moc_wubi86_core	8785	面禀	dmyl	40000		古旧称谓、文言短词或低需求历史用语	unknown	unknown	4	0.98853562	not_applicable
moc_wubi86_core	8828	感慨万端	dndu	39998		古旧书面表达，按现代日常及工科用途审核	5	0.98746699	12	0.85687720	not_applicable
moc_wubi86_core	8879	虿	dnju	40000		低需求冷僻单字；含字词组保留	26	0.73946662	225	0.75161748	not_applicable
moc_wubi86_core	8958	盛筵	dntt	39998		古旧称谓、文言短词或低需求历史用语	15	0.90613809	31	0.91455168	not_applicable
moc_wubi86_core	9036	石火电光	doji	40000		古旧书面表达，按现代日常及工科用途审核	1	0.99829445	unknown	unknown	not_applicable
moc_wubi86_core	9065	奋袂而起	dpdf	40000		古旧书面表达，按现代日常及工科用途审核	unknown	unknown	9	0.88769806	not_applicable
moc_wubi86_core	9070	破家县令	dpew	40000		古旧书面表达，按现代日常及工科用途审核	6	0.98544234	unknown	unknown	not_applicable
moc_wubi86_core	9249	万象森罗	dqsl	40000		古旧书面表达，按现代日常及工科用途审核	3	0.99251761	3	0.96734155	not_applicable
moc_wubi86_core	9282	秦镜高悬	dqye	40000		古旧书面表达，按现代日常及工科用途审核	unknown	unknown	unknown	unknown	not_applicable
moc_wubi86_core	9365	原宥	drpd	39998		古旧称谓、文言短词或低需求历史用语	5	0.96189549	11	0.96562424	not_applicable
moc_wubi86_core	9411	三推六问	druu	40000		古旧书面表达，按现代日常及工科用途审核	unknown	unknown	unknown	unknown	not_applicable
moc_wubi86_core	9492	雁杳鱼沉	dsqi	40000		古旧书面表达，按现代日常及工科用途审核	1	0.99829445	unknown	unknown	not_applicable
moc_wubi86_core	9529	奇谲	dsyc	40000		古旧称谓、文言短词或低需求历史用语	15	0.90613809	25	0.92843236	not_applicable
moc_wubi86_core	9540	百身莫赎	dtam	40000		古旧书面表达，按现代日常及工科用途审核	2	0.99521347	3	0.96734155	not_applicable
moc_wubi86_core	9635	寿材	dtsf	40000		古旧称谓、文言短词或低需求历史用语	17	0.89711609	6	0.98157355	not_applicable
moc_wubi86_core	9638	寿木	dtss	40000		古旧称谓、文言短词或低需求历史用语	4	0.96935299	11	0.96562424	not_applicable
moc_wubi86_core	9643	寿筵	dttt	39998		古旧称谓、文言短词或低需求历史用语	1	0.99523694	46	0.88283559	not_applicable
moc_wubi86_core	9644	三街六巷	dtua	40000		古旧书面表达，按现代日常及工科用途审核	unknown	unknown	9	0.88769806	not_applicable
moc_wubi86_core	9653	大笔如椽	dtvs	40000		古旧书面表达，按现代日常及工科用途审核	4	0.98982174	unknown	unknown	not_applicable
moc_wubi86_core	9675	大辩若讷	duay	39998		古旧书面表达，按现代日常及工科用途审核	20	0.96005722	unknown	unknown	not_applicable
moc_wubi86_core	9708	慧美青枫	dugs	40000		零散地方设施、品牌或人名，非通用词汇	unknown	unknown	unknown	unknown	not_applicable
moc_wubi86_core	9757	百端待举	duti	40000		古旧书面表达，按现代日常及工科用途审核	unknown	unknown	unknown	unknown	not_applicable
moc_wubi86_core	9815	面如傅粉	dvwo	40000		古旧书面表达，按现代日常及工科用途审核	6	0.98544234	8	0.90055018	not_applicable
moc_wubi86_core	9909	奉命唯谨	dwky	40000		古旧书面表达，按现代日常及工科用途审核	1	0.99829445	3	0.96734155	not_applicable
moc_wubi86_core	9920	感今怀昔	dwna	40000		古旧书面表达，按现代日常及工科用途审核	unknown	unknown	3	0.96734155	not_applicable
moc_wubi86_core	10189	大方之家	dypp	40000		古旧书面表达，按现代日常及工科用途审核	9	0.98020467	unknown	unknown	not_applicable
moc_wubi86_core	10262	月落星沉	eaji	40000		古旧书面表达，按现代日常及工科用途审核	2	0.99521347	unknown	unknown	not_applicable
moc_wubi86_core	10263	腊日	eajj	40000		古旧称谓、文言短词或低需求历史用语	10	0.93110941	63	0.85306644	not_applicable
moc_wubi86_core	10450	胜友如云	edvf	40000		古旧书面表达，按现代日常及工科用途审核	7	0.98340669	4	0.95011004	not_applicable
moc_wubi86_core	10485	肠肥脑满	eeei	40000		古旧书面表达，按现代日常及工科用途审核	8	0.98170114	unknown	unknown	not_applicable
moc_wubi86_core	10658	貂裘换酒	efri	40000		古旧书面表达，按现代日常及工科用途审核	unknown	unknown	4	0.95011004	not_applicable
moc_wubi86_core	10679	爱才如命	efvw	40000		古旧书面表达，按现代日常及工科用途审核	7	0.98340669	unknown	unknown	not_applicable
moc_wubi86_core	10935	爱国如家	elvp	40000		古旧书面表达，按现代日常及工科用途审核	unknown	unknown	unknown	unknown	not_applicable
moc_wubi86_core	10948	彩凤随鸦	emba	40000		古旧书面表达，按现代日常及工科用途审核	unknown	unknown	8	0.90055018	not_applicable
moc_wubi86_core	10975	觅句	emqk	40000		古旧称谓、文言短词或低需求历史用语	2	0.98589334	15	0.95406425	not_applicable
moc_wubi86_core	11015	腹心之疾	enpu	40000		古旧书面表达，按现代日常及工科用途审核	2	0.99521347	9	0.88769806	not_applicable
moc_wubi86_core	11168	逐臭	epth	40000		古旧称谓、文言短词或低需求历史用语	5	0.96189549	7	0.97768835	not_applicable
moc_wubi86_core	11278	助桀为虐	eqyh	40000		古旧书面表达，按现代日常及工科用途审核	2	0.99521347	5	0.93872139	not_applicable
moc_wubi86_core	11517	盈千累万	etld	40000		古旧书面表达，按现代日常及工科用途审核	unknown	unknown	unknown	unknown	not_applicable
moc_wubi86_core	11561	乃翁	etwc	40000		古旧称谓、文言短词或低需求历史用语	4	0.96935299	21	0.93854953	not_applicable
moc_wubi86_core	11651	采兰赠药	euma	40000		古旧书面表达，按现代日常及工科用途审核	unknown	unknown	unknown	unknown	not_applicable
moc_wubi86_core	11654	臆见	eumq	40000		古旧称谓、文言短词或低需求历史用语	unknown	unknown	5	0.98595418	not_applicable
moc_wubi86_core	11679	膝痒搔背	euru	40000		古旧书面表达，按现代日常及工科用途审核	unknown	unknown	unknown	unknown	not_applicable
moc_wubi86_core	11697	臆病	euug	40000		古旧称谓、文言短词或低需求历史用语	1	0.99523694	16	0.95135243	not_applicable
moc_wubi86_core	11738	妥否	evgi	40000		古旧称谓、文言短词或低需求历史用语	7	0.94839725	6	0.98157355	not_applicable
moc_wubi86_core	11772	爱人以德	ewnt	40000		古旧书面表达，按现代日常及工科用途审核	3	0.99251761	12	0.85687720	not_applicable
moc_wubi86_core	11781	用舍行藏	ewta	40000		古旧书面表达，按现代日常及工科用途审核	1	0.99829445	2	0.98927157	not_applicable
moc_wubi86_core	11863	脉案	eypv	40000		古旧称谓、文言短词或低需求历史用语	6	0.95490735	14	0.95694990	not_applicable
moc_wubi86_core	11892	彩衣娱亲	eyvu	40000		古旧书面表达，按现代日常及工科用途审核	unknown	unknown	11	0.86695643	not_applicable
moc_wubi86_core	11922	裁夺	fadf	40000		古旧称谓、文言短词或低需求历史用语	6	0.95490735	36	0.90357404	not_applicable
moc_wubi86_core	11946	夫荣妻贵	fagk	40000		古旧书面表达，按现代日常及工科用途审核	3	0.99251761	unknown	unknown	not_applicable
moc_wubi86_core	12399	支绌	fcxb	40000		古旧称谓、文言短词或低需求历史用语	9	0.93665473	49	0.87712513	not_applicable
moc_wubi86_core	12458	博而不精	fdgo	40000		古旧书面表达，按现代日常及工科用途审核	17	0.97038952	unknown	unknown	not_applicable
moc_wubi86_core	12634	埴	ffhg	39999		低需求冷僻单字；含字词组保留	10	0.85166483	1128	0.50331387	not_applicable
moc_wubi86_core	12678	恚恨	ffnv	40000		古旧称谓、文言短词或低需求历史用语	2	0.98589334	34	0.90780690	not_applicable
moc_wubi86_core	12688	坎井之蛙	ffpj	40000		古旧书面表达，按现代日常及工科用途审核	1	0.99829445	6	0.92341549	not_applicable
moc_wubi86_core	12750	恚怒	ffvc	39999		古旧称谓、文言短词或低需求历史用语	5	0.96189549	12	0.96264298	not_applicable
moc_wubi86_core	12850	云屯雾集	fgfw	39998		古旧书面表达，按现代日常及工科用途审核	unknown	unknown	unknown	unknown	not_applicable
moc_wubi86_core	12875	朝不虑夕	fghq	40000		古旧书面表达，按现代日常及工科用途审核	7	0.98340669	unknown	unknown	not_applicable
moc_wubi86_core	12892	博洽	fgiw	39999		古旧称谓、文言短词或低需求历史用语	2	0.98589334	62	0.85482217	not_applicable
moc_wubi86_core	13051	朝不谋夕	fgyq	40000		古旧书面表达，按现代日常及工科用途审核	2	0.99521347	4	0.95011004	not_applicable
moc_wubi86_core	13101	趋奉	fhdw	40000		古旧称谓、文言短词或低需求历史用语	5	0.96189549	9	0.97171714	not_applicable
moc_wubi86_core	13439	霄壤	fify	39999		古旧称谓、文言短词或低需求历史用语	3	0.97721030	19	0.94359942	not_applicable
moc_wubi86_core	13556	嫠妇	fivv	39999		古旧称谓、文言短词或低需求历史用语	1	0.99523694	17	0.94856239	not_applicable
moc_wubi86_core	13705	井蛙之见	fjpm	40000		古旧书面表达，按现代日常及工科用途审核	5	0.98746699	4	0.95011004	not_applicable
moc_wubi86_core	13706	韬晦之计	fjpy	40000		古旧书面表达，按现代日常及工科用途审核	2	0.99521347	6	0.92341549	not_applicable
moc_wubi86_core	13707	埸	fjq	40000		低需求冷僻单字；含字词组保留	13	0.82333912	1085	0.50875809	not_applicable
moc_wubi86_core	13715	埸	fjqr	40000		低需求冷僻单字；含字词组保留	13	0.82333912	1085	0.50875809	not_applicable
moc_wubi86_core	13733	老蚌生珠	fjtg	40000		古旧书面表达，按现代日常及工科用途审核	unknown	unknown	6	0.92341549	not_applicable
moc_wubi86_core	13820	瞽者	fkft	39999		古旧称谓、文言短词或低需求历史用语	unknown	unknown	unknown	unknown	not_applicable
moc_wubi86_core	13840	壶中日月	fkje	40000		古旧书面表达，按现代日常及工科用途审核	4	0.98982174	6	0.92341549	not_applicable
moc_wubi86_core	13944	无思无虑	flfh	40000		古旧书面表达，按现代日常及工科用途审核	3	0.99251761	8	0.90055018	not_applicable
moc_wubi86_core	13963	无边风月	flme	40000		古旧书面表达，按现代日常及工科用途审核	3	0.99251761	3	0.96734155	not_applicable
moc_wubi86_core	14063	地崩山摧	fmmr	40000		古旧书面表达，按现代日常及工科用途审核	2	0.99521347	unknown	unknown	not_applicable
moc_wubi86_core	14137	才尽其用	fnae	40000		古旧书面表达，按现代日常及工科用途审核	5	0.98746699	unknown	unknown	not_applicable
moc_wubi86_core	14207	墀	fni	40000		低需求冷僻单字；含字词组保留	4	0.93427489	417	0.66569355	not_applicable
moc_wubi86_core	14213	墀	fnih	39999		低需求冷僻单字；含字词组保留	4	0.93427489	417	0.66569355	not_applicable
moc_wubi86_core	14294	违拗	fnrx	39999		古旧称谓、文言短词或低需求历史用语	19	0.88954560	13	0.95991378	not_applicable
moc_wubi86_core	14525	未定之天	fppg	40000		古旧书面表达，按现代日常及工科用途审核	6	0.98544234	3	0.96734155	not_applicable
moc_wubi86_core	14545	煮鹤焚琴	fpsg	40000		古旧书面表达，按现代日常及工科用途审核	2	0.99521347	unknown	unknown	not_applicable
moc_wubi86_core	14852	卖儿鬻女	fqxv	40000		古旧书面表达，按现代日常及工科用途审核	7	0.98340669	5	0.93872139	not_applicable
moc_wubi86_core	14883	运斤成风	frdm	40000		古旧书面表达，按现代日常及工科用途审核	5	0.98746699	unknown	unknown	not_applicable
moc_wubi86_core	14975	无可无不可	fsfs	40000		古旧书面表达，按现代日常及工科用途审核	22	0.93043574	8	0.90055018	not_applicable
moc_wubi86_core	14979	地覆天翻	fsgt	40000		古旧书面表达，按现代日常及工科用途审核	11	0.97735475	3	0.96734155	not_applicable
moc_wubi86_core	14982	堙没	fsim	40000		古旧称谓、文言短词或低需求历史用语	unknown	unknown	unknown	unknown	not_applicable
moc_wubi86_core	14990	击楫中流	fski	40000		古旧书面表达，按现代日常及工科用途审核	3	0.99251761	2	0.98927157	not_applicable
moc_wubi86_core	15060	无私有弊	ftdu	40000		古旧书面表达，按现代日常及工科用途审核	unknown	unknown	unknown	unknown	not_applicable
moc_wubi86_core	15123	博物洽闻	ftiu	40000		古旧书面表达，按现代日常及工科用途审核	2	0.99521347	11	0.86695643	not_applicable
moc_wubi86_core	15179	填街塞巷	ftpa	40000		古旧书面表达，按现代日常及工科用途审核	1	0.99829445	unknown	unknown	not_applicable
moc_wubi86_core	15180	进身之阶	ftpb	40000		古旧书面表达，按现代日常及工科用途审核	7	0.98340669	11	0.86695643	not_applicable
moc_wubi86_core	15270	考妣	ftvx	40000		古旧称谓、文言短词或低需求历史用语	4	0.96935299	48	0.87923721	not_applicable
moc_wubi86_core	15466	封资修	fuwh	40000		古旧称谓、文言短词或低需求历史用语	6	0.98286582	58	0.86205899	not_applicable
moc_wubi86_core	15662	老僧入定	fwtp	39999		古旧书面表达，按现代日常及工科用途审核	20	0.96005722	9	0.88769806	not_applicable
moc_wubi86_core	15677	赍	fww	40000		低需求冷僻单字；含字词组保留	82	0.57763926	665	0.59097365	not_applicable
moc_wubi86_core	15681	赍	fwwm	40000		低需求冷僻单字；含字词组保留	82	0.57763926	665	0.59097365	not_applicable
moc_wubi86_core	15789	声应气求	fyrf	39999		古旧书面表达，按现代日常及工科用途审核	unknown	unknown	2	0.98927157	not_applicable
moc_wubi86_core	15858	青鞋布袜	gadp	40000		古旧书面表达，按现代日常及工科用途审核	unknown	unknown	unknown	unknown	not_applicable
moc_wubi86_core	15895	弄瓦	gagn	39999		古旧称谓、文言短词或低需求历史用语	3	0.97721030	16	0.95135243	not_applicable
moc_wubi86_core	15934	不欺暗室	gajp	40000		古旧书面表达，按现代日常及工科用途审核	1	0.99829445	9	0.88769806	not_applicable
moc_wubi86_core	16049	五黄六月	gaue	40000		古旧书面表达，按现代日常及工科用途审核	unknown	unknown	3	0.96734155	not_applicable
moc_wubi86_core	16145	五陵年少	gbri	40000		古旧书面表达，按现代日常及工科用途审核	4	0.98982174	3	0.96734155	not_applicable
moc_wubi86_core	16517	刺股悬梁	geei	40000		古旧书面表达，按现代日常及工科用途审核	1	0.99829445	unknown	unknown	not_applicable
moc_wubi86_core	16521	天悬地隔	gefb	40000		古旧书面表达，按现代日常及工科用途审核	1	0.99829445	3	0.96734155	not_applicable
moc_wubi86_core	16686	不教而杀	gfdq	40000		古旧书面表达，按现代日常及工科用途审核	1	0.99829445	unknown	unknown	not_applicable
moc_wubi86_core	16687	不教而诛	gfdy	39998		古旧书面表达，按现代日常及工科用途审核	12	0.97612236	11	0.86695643	not_applicable
moc_wubi86_core	16769	不刊之论	gfpy	39999		古旧书面表达，按现代日常及工科用途审核	15	0.97272227	3	0.96734155	not_applicable
moc_wubi86_core	16793	来者可追	gfsw	40000		古旧书面表达，按现代日常及工科用途审核	5	0.98746699	6	0.92341549	not_applicable
moc_wubi86_core	16807	裂土分茅	gfwa	40000		古旧书面表达，按现代日常及工科用途审核	1	0.99829445	unknown	unknown	not_applicable
moc_wubi86_core	16956	事不师古	ggjd	40000		古旧书面表达，按现代日常及工科用途审核	7	0.98340669	11	0.86695643	not_applicable
moc_wubi86_core	17000	五内	ggmw	40000		古旧称谓、文言短词或低需求历史用语	26	0.85686472	32	0.91223968	not_applicable
moc_wubi86_core	17034	天下独步	ggqh	40000		古旧书面表达，按现代日常及工科用途审核	4	0.98982174	2	0.98927157	not_applicable
moc_wubi86_core	17267	一瞑不视	ghgp	40000		古旧书面表达，按现代日常及工科用途审核	1	0.99829445	unknown	unknown	not_applicable
moc_wubi86_core	17355	不虞之誉	ghpi	40000		古旧书面表达，按现代日常及工科用途审核	3	0.99251761	12	0.85687720	not_applicable
moc_wubi86_core	17432	整旧如新	ghvu	40000		古旧书面表达，按现代日常及工科用途审核	unknown	unknown	unknown	unknown	not_applicable
moc_wubi86_core	17543	珠沉玉碎	gigd	40000		古旧书面表达，按现代日常及工科用途审核	unknown	unknown	unknown	unknown	not_applicable
moc_wubi86_core	17667	玉堂金马	giqc	40000		古旧书面表达，按现代日常及工科用途审核	2	0.99521347	unknown	unknown	not_applicable
moc_wubi86_core	17883	不易之论	gjpy	40000		古旧书面表达，按现代日常及工科用途审核	3	0.99251761	3	0.96734155	not_applicable
moc_wubi86_core	18266	珠围翠绕	glnx	40000		古旧书面表达，按现代日常及工科用途审核	3	0.99251761	unknown	unknown	not_applicable
moc_wubi86_core	18276	素车白马	glrc	40000		古旧书面表达，按现代日常及工科用途审核	6	0.98544234	12	0.85687720	not_applicable
moc_wubi86_core	18292	画供	glwa	40000		古旧称谓、文言短词或低需求历史用语	2	0.98589334	unknown	unknown	not_applicable
moc_wubi86_core	18415	政由己出	gmnb	40000		古旧书面表达，按现代日常及工科用途审核	11	0.97735475	3	0.96734155	not_applicable
moc_wubi86_core	18478	残山剩水	gmti	40000		古旧书面表达，按现代日常及工科用途审核	13	0.97495599	5	0.93872139	not_applicable
moc_wubi86_core	18507	一败如水	gmvi	40000		古旧书面表达，按现代日常及工科用途审核	1	0.99829445	unknown	unknown	not_applicable
moc_wubi86_core	18512	五内如焚	gmvs	40000		古旧书面表达，按现代日常及工科用途审核	1	0.99829445	unknown	unknown	not_applicable
moc_wubi86_core	18563	下必甚焉	gnag	40000		古旧书面表达，按现代日常及工科用途审核	19	0.96811180	3	0.96734155	not_applicable
moc_wubi86_core	18604	政以贿成	gnmd	40000		古旧书面表达，按现代日常及工科用途审核	1	0.99829445	3	0.96734155	not_applicable
moc_wubi86_core	18828	环宇城	gpfd	40000		零散地方设施、品牌或人名，非通用词汇	4	0.98915558	unknown	unknown	not_applicable
moc_wubi86_core	18840	不衫不履	gpgn	40000		古旧书面表达，按现代日常及工科用途审核	1	0.99829445	3	0.96734155	not_applicable
moc_wubi86_core	18847	不宁唯是	gpkj	40000		古旧书面表达，按现代日常及工科用途审核	4	0.98982174	unknown	unknown	not_applicable
moc_wubi86_core	18860	一字之师	gppj	40000		古旧书面表达，按现代日常及工科用途审核	4	0.98982174	6	0.92341549	not_applicable
moc_wubi86_core	18874	囊空如洗	gpvi	40000		古旧书面表达，按现代日常及工科用途审核	2	0.99521347	6	0.92341549	not_applicable
moc_wubi86_core	19092	一钱如命	gqvw	40000		古旧书面表达，按现代日常及工科用途审核	1	0.99829445	unknown	unknown	not_applicable
moc_wubi86_core	19180	不揣冒昧	grjj	40000		古旧书面表达，按现代日常及工科用途审核	15	0.97272227	9	0.88769806	not_applicable
moc_wubi86_core	19213	珠箔	grti	40000		古旧称谓、文言短词或低需求历史用语	4	0.96935299	unknown	unknown	not_applicable
moc_wubi86_core	19250	天覆地载	gsff	40000		古旧书面表达，按现代日常及工科用途审核	9	0.98020467	9	0.88769806	not_applicable
moc_wubi86_core	19306	残杯冷炙	gsuq	40000		古旧书面表达，按现代日常及工科用途审核	unknown	unknown	unknown	unknown	not_applicable
moc_wubi86_core	19367	一身二任	gtfw	39997		古旧书面表达，按现代日常及工科用途审核	unknown	unknown	unknown	unknown	not_applicable
moc_wubi86_core	19417	一得之功	gtpa	40000		古旧书面表达，按现代日常及工科用途审核	1	0.99829445	unknown	unknown	not_applicable
moc_wubi86_core	19422	一得之愚	gtpj	40000		古旧书面表达，按现代日常及工科用途审核	3	0.99251761	6	0.92341549	not_applicable
moc_wubi86_core	19424	一得之见	gtpm	40000		古旧书面表达，按现代日常及工科用途审核	2	0.99521347	7	0.91110255	not_applicable
moc_wubi86_core	19452	一笑千金	gttq	40000		古旧书面表达，按现代日常及工科用途审核	6	0.98544234	unknown	unknown	not_applicable
moc_wubi86_core	19483	不辨菽麦	guag	40000		古旧书面表达，按现代日常及工科用途审核	4	0.98982174	unknown	unknown	not_applicable
moc_wubi86_core	19565	平畴	guld	40000		古旧称谓、文言短词或低需求历史用语	7	0.94839725	44	0.88623405	not_applicable
moc_wubi86_core	19589	五斗折腰	gure	40000		古旧书面表达，按现代日常及工科用途审核	unknown	unknown	unknown	unknown	not_applicable
moc_wubi86_core	19594	开门揖盗	guru	40000		古旧书面表达，按现代日常及工科用途审核	5	0.98746699	7	0.91110255	not_applicable
moc_wubi86_core	19622	邴新科	gutu	40000		零散地方设施、品牌或人名，非通用词汇	unknown	unknown	unknown	unknown	not_applicable
moc_wubi86_core	19678	吞刀吐火	gvko	40000		古旧书面表达，按现代日常及工科用途审核	unknown	unknown	3	0.96734155	not_applicable
moc_wubi86_core	19706	更仆难数	gwco	40000		古旧书面表达，按现代日常及工科用途审核	1	0.99829445	unknown	unknown	not_applicable
moc_wubi86_core	19719	瓦釜雷鸣	gwfk	40000		古旧书面表达，按现代日常及工科用途审核	16	0.97151188	1	0.99903169	not_applicable
moc_wubi86_core	19721	王仁远	gwfq	40000		零散地方设施、品牌或人名，非通用词汇	unknown	unknown	unknown	unknown	not_applicable
moc_wubi86_core	19783	再作冯妇	gwuv	40000		古旧书面表达，按现代日常及工科用途审核	1	0.99829445	6	0.92341549	not_applicable
moc_wubi86_core	19880	残编断简	gxot	40000		古旧书面表达，按现代日常及工科用途审核	1	0.99829445	unknown	unknown	not_applicable
moc_wubi86_core	20006	不识一丁	gygs	40000		古旧书面表达，按现代日常及工科用途审核	unknown	unknown	3	0.96734155	not_applicable
moc_wubi86_core	20149	虐政	hagh	40000		古旧称谓、文言短词或低需求历史用语	8	0.94230435	40	0.89486493	not_applicable
moc_wubi86_core	20327	虚盈实亏	hepf	40000		古旧书面表达，按现代日常及工科用途审核	unknown	unknown	unknown	unknown	not_applicable
moc_wubi86_core	20335	肯綮	heyn	40000		古旧称谓、文言短词或低需求历史用语	14	0.91112714	25	0.92843236	not_applicable
moc_wubi86_core	20367	目无余子	hfwb	40000		古旧书面表达，按现代日常及工科用途审核	2	0.99521347	2	0.98927157	not_applicable
moc_wubi86_core	20427	目不交睫	hguh	40000		古旧书面表达，按现代日常及工科用途审核	3	0.99251761	6	0.92341549	not_applicable
moc_wubi86_core	20442	瞋目切齿	hhah	40000		古旧书面表达，按现代日常及工科用途审核	unknown	unknown	unknown	unknown	not_applicable
moc_wubi86_core	20694	颦蹙	hidh	40000		古旧称谓、文言短词或低需求历史用语	3	0.97721030	11	0.96562424	not_applicable
moc_wubi86_core	20700	上漏下湿	higi	40000		古旧书面表达，按现代日常及工科用途审核	unknown	unknown	4	0.95011004	not_applicable
moc_wubi86_core	20774	皮里阳秋	hjbt	40000		古旧书面表达，按现代日常及工科用途审核	20	0.96005722	unknown	unknown	not_applicable
moc_wubi86_core	20788	旧雨	hjfg	40000		古旧称谓、文言短词或低需求历史用语	7	0.94839725	26	0.92596391	not_applicable
moc_wubi86_core	20982	此唱彼和	hktt	40000		古旧书面表达，按现代日常及工科用途审核	unknown	unknown	unknown	unknown	not_applicable
moc_wubi86_core	20983	此呼彼应	hkty	40000		古旧书面表达，按现代日常及工科用途审核	2	0.99521347	unknown	unknown	not_applicable
moc_wubi86_core	21020	卣	hln	40000		低需求冷僻单字；含字词组保留	42	0.66908632	386	0.67792331	not_applicable
moc_wubi86_core	21021	卣	hlnf	40000		低需求冷僻单字；含字词组保留	42	0.66908632	386	0.67792331	not_applicable
moc_wubi86_core	21068	瞒心昧己	hnjn	40000		古旧书面表达，按现代日常及工科用途审核	unknown	unknown	unknown	unknown	not_applicable
moc_wubi86_core	21078	鼎铛	hnqi	40000		古旧称谓、文言短词或低需求历史用语	unknown	unknown	unknown	unknown	not_applicable
moc_wubi86_core	21093	目迷五色	hogq	40000		古旧书面表达，按现代日常及工科用途审核	2	0.99521347	unknown	unknown	not_applicable
moc_wubi86_core	21228	瞠乎其后	htar	40000		古旧书面表达，按现代日常及工科用途审核	6	0.98544234	9	0.88769806	not_applicable
moc_wubi86_core	21239	上智下愚	htgj	40000		古旧书面表达，按现代日常及工科用途审核	4	0.98982174	9	0.88769806	not_applicable
moc_wubi86_core	21283	虎头燕颔	huaw	40000		古旧书面表达，按现代日常及工科用途审核	unknown	unknown	unknown	unknown	not_applicable
moc_wubi86_core	21314	上好下甚	hvga	40000		古旧书面表达，按现代日常及工科用途审核	unknown	unknown	3	0.96734155	not_applicable
moc_wubi86_core	21407	步人后尘	hwri	40000		古旧书面表达，按现代日常及工科用途审核	3	0.99251761	9	0.88769806	not_applicable
moc_wubi86_core	21415	齿冷	hwuw	40000		古旧称谓、文言短词或低需求历史用语	16	0.90151410	31	0.91455168	not_applicable
moc_wubi86_core	21508	雌伏	hxwd	40000		古旧称谓、文言短词或低需求历史用语	4	0.96935299	33	0.90997984	not_applicable
moc_wubi86_core	21545	深藏若虚	iaah	40000		古旧书面表达，按现代日常及工科用途审核	3	0.99251761	6	0.92341549	not_applicable
moc_wubi86_core	21674	济世之才	iapf	40000		古旧书面表达，按现代日常及工科用途审核	3	0.99251761	12	0.85687720	not_applicable
moc_wubi86_core	21689	鸿爪	iarh	40000		古旧称谓、文言短词或低需求历史用语	3	0.97721030	26	0.92596391	not_applicable
moc_wubi86_core	21739	浅斟低唱	iawk	40000		古旧书面表达，按现代日常及工科用途审核	24	0.90167254	6	0.92341549	not_applicable
moc_wubi86_core	21770	渔阳鼙鼓	ibff	40000		古旧书面表达，按现代日常及工科用途审核	9	0.98020467	unknown	unknown	not_applicable
moc_wubi86_core	22005	小大由之	idmp	40000		古旧书面表达，按现代日常及工科用途审核	1	0.99829445	3	0.96734155	not_applicable
moc_wubi86_core	23452	涸辙之鲋	ilpq	40000		古旧书面表达，按现代日常及工科用途审核	9	0.98020467	unknown	unknown	not_applicable
moc_wubi86_core	23633	汉峪金谷	imqw	40000		零散地方设施、品牌或人名，非通用词汇	2	0.99521347	unknown	unknown	not_applicable
moc_wubi86_core	23689	流风余韵	imwu	40000		古旧书面表达，按现代日常及工科用途审核	1	0.99829445	5	0.93872139	not_applicable
moc_wubi86_core	23797	江心补漏	inpi	40000		古旧书面表达，按现代日常及工科用途审核	1	0.99829445	unknown	unknown	not_applicable
moc_wubi86_core	24208	堂倌	ipwp	39999		古旧称谓、文言短词或低需求历史用语	6	0.95490735	37	0.90166186	not_applicable
moc_wubi86_core	24372	水色山光	iqmi	40000		古旧书面表达，按现代日常及工科用途审核	1	0.99829445	8	0.90055018	not_applicable
moc_wubi86_core	24502	酒后无德	irft	40000		古旧书面表达，按现代日常及工科用途审核	unknown	unknown	unknown	unknown	not_applicable
moc_wubi86_core	24712	酒肴	isqd	39999		古旧称谓、文言短词或低需求历史用语	11	0.92598999	31	0.91455168	not_applicable
moc_wubi86_core	25184	深闭固拒	iulr	40000		古旧书面表达，按现代日常及工科用途审核	1	0.99829445	unknown	unknown	not_applicable
moc_wubi86_core	25241	酒阑人散	iuwa	40000		古旧书面表达，按现代日常及工科用途审核	3	0.99251761	unknown	unknown	not_applicable
moc_wubi86_core	25388	兴妖作怪	ivwn	40000		古旧书面表达，按现代日常及工科用途审核	unknown	unknown	8	0.90055018	not_applicable
moc_wubi86_core	25624	浪迹萍踪	iyak	40000		古旧书面表达，按现代日常及工科用途审核	1	0.99829445	unknown	unknown	not_applicable
moc_wubi86_core	25697	滨州学院	iyib	40000		零散地方设施、品牌或人名，非通用词汇	2	0.99521347	unknown	unknown	not_applicable
moc_wubi86_core	26000	暴敛	jawg	40000		古旧称谓、文言短词或低需求历史用语	16	0.90151410	40	0.89486493	not_applicable
moc_wubi86_core	26185	归马放牛	jcyr	40000		古旧书面表达，按现代日常及工科用途审核	unknown	unknown	unknown	unknown	not_applicable
moc_wubi86_core	26193	是古非今	jddw	40000		古旧书面表达，按现代日常及工科用途审核	7	0.98340669	7	0.91110255	not_applicable
moc_wubi86_core	26331	日月重光	jeti	40000		古旧书面表达，按现代日常及工科用途审核	2	0.99521347	11	0.86695643	not_applicable
moc_wubi86_core	26435	野无遗贤	jfkj	40000		古旧书面表达，按现代日常及工科用途审核	14	0.97386664	5	0.93872139	not_applicable
moc_wubi86_core	26530	旦暮	jgaj	40000		古旧称谓、文言短词或低需求历史用语	20	0.88527796	39	0.89708132	not_applicable
moc_wubi86_core	26546	晤面	jgdm	40000		古旧称谓、文言短词或低需求历史用语	5	0.96189549	58	0.86163648	not_applicable
moc_wubi86_core	26612	晤见	jgmq	40000		古旧称谓、文言短词或低需求历史用语	1	0.99523694	42	0.89077113	not_applicable
moc_wubi86_core	26698	明目达聪	jhdb	40000		古旧书面表达，按现代日常及工科用途审核	unknown	unknown	4	0.95011004	not_applicable
moc_wubi86_core	26823	日削月割	jiep	40000		古旧书面表达，按现代日常及工科用途审核	3	0.99251761	unknown	unknown	not_applicable
moc_wubi86_core	26828	临池学书	jiin	40000		古旧书面表达，按现代日常及工科用途审核	1	0.99829445	5	0.93872139	not_applicable
moc_wubi86_core	26834	临深履薄	jina	40000		古旧书面表达，按现代日常及工科用途审核	4	0.98982174	2	0.98927157	not_applicable
moc_wubi86_core	26842	临渴掘井	jirf	40000		古旧书面表达，按现代日常及工科用途审核	1	0.99829445	5	0.93872139	not_applicable
moc_wubi86_core	27035	坚甲利兵	jltr	40000		古旧书面表达，按现代日常及工科用途审核	1	0.99829445	8	0.90055018	not_applicable
moc_wubi86_core	27058	明见万里	jmdj	40000		古旧书面表达，按现代日常及工科用途审核	5	0.98746699	6	0.92341549	not_applicable
moc_wubi86_core	27163	暇日	jnjj	40000		古旧称谓、文言短词或低需求历史用语	9	0.93665473	54	0.86778152	not_applicable
moc_wubi86_core	27169	电唁	jnky	40000		古旧称谓、文言短词或低需求历史用语	unknown	unknown	27	0.92354761	not_applicable
moc_wubi86_core	27171	电贺	jnlk	40000		古旧称谓、文言短词或低需求历史用语	unknown	unknown	43	0.88838091	not_applicable
moc_wubi86_core	27278	显宦	jopa	40000		古旧称谓、文言短词或低需求历史用语	4	0.96935299	60	0.85815979	not_applicable
moc_wubi86_core	27346	明窗净几	jpum	40000		古旧书面表达，按现代日常及工科用途审核	4	0.98982174	unknown	unknown	not_applicable
moc_wubi86_core	27611	日往月来	jteg	40000		古旧书面表达，按现代日常及工科用途审核	1	0.99829445	unknown	unknown	not_applicable
moc_wubi86_core	27709	晦冥	jtpj	40000		古旧称谓、文言短词或低需求历史用语	9	0.93665473	47	0.88113201	not_applicable
moc_wubi86_core	27727	时和年丰	jtrd	40000		古旧书面表达，按现代日常及工科用途审核	unknown	unknown	3	0.96734155	not_applicable
moc_wubi86_core	27793	鉴谅	jtyy	40000		古旧称谓、文言短词或低需求历史用语	1	0.99523694	2	0.99769669	not_applicable
moc_wubi86_core	27930	归雁	jvdw	40000		古旧称谓、文言短词或低需求历史用语	22	0.87505650	35	0.90562528	not_applicable
moc_wubi86_core	28121	星离雨散	jyfa	40000		古旧书面表达，按现代日常及工科用途审核	2	0.99521347	unknown	unknown	not_applicable
moc_wubi86_core	28200	旷代	jywa	40000		古旧称谓、文言短词或低需求历史用语	12	0.92111393	44	0.88623405	not_applicable
moc_wubi86_core	28312	叨陪末座	kbgy	39998		古旧书面表达，按现代日常及工科用途审核	6	0.98544234	unknown	unknown	not_applicable
moc_wubi86_core	28322	咄嗟	kbku	40000		古旧称谓、文言短词或低需求历史用语	1	0.99523694	15	0.95406425	not_applicable
moc_wubi86_core	28337	别出机杼	kbss	40000		古旧书面表达，按现代日常及工科用途审核	1	0.99829445	3	0.96734155	not_applicable
moc_wubi86_core	28463	贵古贱今	kdmw	40000		古旧书面表达，按现代日常及工科用途审核	1	0.99829445	10	0.87655150	not_applicable
moc_wubi86_core	28475	遗大投艰	kdrc	40000		古旧书面表达，按现代日常及工科用途审核	unknown	unknown	3	0.96734155	not_applicable
moc_wubi86_core	28492	味达美	kdug	40000		零散地方设施、品牌或人名，非通用词汇	13	0.96226142	2	0.99819260	not_applicable
moc_wubi86_core	28650	贵远贱近	kfmr	40000		古旧书面表达，按现代日常及工科用途审核	5	0.98746699	9	0.88769806	not_applicable
moc_wubi86_core	28715	鄙俚	kfwj	40000		古旧称谓、文言短词或低需求历史用语	2	0.98589334	9	0.97171714	not_applicable
moc_wubi86_core	28727	鄙吝	kfyk	40000		古旧称谓、文言短词或低需求历史用语	8	0.94230435	33	0.90997984	not_applicable
moc_wubi86_core	28828	饕餮之徒	kgpt	40000		古旧书面表达，按现代日常及工科用途审核	1	0.99829445	3	0.96734155	not_applicable
moc_wubi86_core	29380	中流击楫	kifs	39999		古旧书面表达，按现代日常及工科用途审核	7	0.98340669	6	0.92341549	not_applicable
moc_wubi86_core	29392	器小易盈	kije	40000		古旧书面表达，按现代日常及工科用途审核	unknown	unknown	2	0.98927157	not_applicable
moc_wubi86_core	29454	吠影吠声	kjkf	40000		古旧书面表达，按现代日常及工科用途审核	unknown	unknown	unknown	unknown	not_applicable
moc_wubi86_core	29456	喁喁	kjkj	40000		古旧称谓、文言短词或低需求历史用语	unknown	unknown	unknown	unknown	not_applicable
moc_wubi86_core	29575	品题	kkjg	40000		古旧称谓、文言短词或低需求历史用语	8	0.94230435	52	0.87126691	not_applicable
moc_wubi86_core	29721	口谕	kkyw	40000		古旧称谓、文言短词或低需求历史用语	23	0.87011091	62	0.85482217	not_applicable
moc_wubi86_core	29826	别绪	klxf	40000		古旧称谓、文言短词或低需求历史用语	3	0.97721030	6	0.98157355	not_applicable
moc_wubi86_core	29842	吐刚茹柔	kmac	40000		古旧书面表达，按现代日常及工科用途审核	unknown	unknown	unknown	unknown	not_applicable
moc_wubi86_core	30068	噜苏	kqal	40000		古旧称谓、文言短词或低需求历史用语	3	0.97721030	13	0.95991378	not_applicable
moc_wubi86_core	30097	中铁汇苑	kqia	40000		零散地方设施、品牌或人名，非通用词汇	unknown	unknown	unknown	unknown	not_applicable
moc_wubi86_core	30461	唾余	ktwt	40000		古旧称谓、文言短词或低需求历史用语	6	0.95490735	54	0.86778152	not_applicable
moc_wubi86_core	30468	品竹弹丝	ktxx	40000		古旧书面表达，按现代日常及工科用途审核	unknown	unknown	2	0.98927157	not_applicable
moc_wubi86_core	30565	叨光	kviq	40000		古旧称谓、文言短词或低需求历史用语	unknown	unknown	unknown	unknown	not_applicable
moc_wubi86_core	30586	啸傲	kvwg	40000		古旧称谓、文言短词或低需求历史用语	7	0.94839725	23	0.93341272	not_applicable
moc_wubi86_core	30626	口含天宪	kwgp	40000		古旧书面表达，按现代日常及工科用途审核	10	0.97870819	unknown	unknown	not_applicable
moc_wubi86_core	30641	呵佛骂祖	kwkp	40000		古旧书面表达，按现代日常及工科用途审核	1	0.99829445	3	0.96734155	not_applicable
moc_wubi86_core	30643	吟哦	kwkt	40000		古旧称谓、文言短词或低需求历史用语	12	0.92111393	20	0.94113966	not_applicable
moc_wubi86_core	30751	吐丝自缚	kxtx	40000		古旧书面表达，按现代日常及工科用途审核	unknown	unknown	unknown	unknown	not_applicable
moc_wubi86_core	30764	唁函	kybi	40000		古旧称谓、文言短词或低需求历史用语	1	0.99523694	33	0.90997984	not_applicable
moc_wubi86_core	30823	嗾使	kywg	40000		古旧称谓、文言短词或低需求历史用语	2	0.98589334	38	0.89946285	not_applicable
moc_wubi86_core	30833	羁勒	laaf	40000		古旧称谓、文言短词或低需求历史用语	2	0.98589334	8	0.97497653	not_applicable
moc_wubi86_core	30842	畏葸不前	lagu	40000		古旧书面表达，按现代日常及工科用途审核	8	0.98170114	7	0.91110255	not_applicable
moc_wubi86_core	30846	回黄转绿	lalx	40000		古旧书面表达，按现代日常及工科用途审核	1	0.99829445	unknown	unknown	not_applicable
moc_wubi86_core	30914	因难见巧	lcma	40000		古旧书面表达，按现代日常及工科用途审核	unknown	unknown	unknown	unknown	not_applicable
moc_wubi86_core	30977	畴昔	ldaj	40000		古旧称谓、文言短词或低需求历史用语	10	0.93110941	41	0.89292668	not_applicable
moc_wubi86_core	31014	困而学之	ldip	40000		古旧书面表达，按现代日常及工科用途审核	1	0.99829445	unknown	unknown	not_applicable
moc_wubi86_core	31111	回肠九转	levl	40000		古旧书面表达，按现代日常及工科用途审核	unknown	unknown	unknown	unknown	not_applicable
moc_wubi86_core	31145	轻裘肥马	lfec	40000		古旧书面表达，按现代日常及工科用途审核	2	0.99521347	unknown	unknown	not_applicable
moc_wubi86_core	31326	轩榭	lfst	40000		古旧称谓、文言短词或低需求历史用语	unknown	unknown	3	0.99250774	not_applicable
moc_wubi86_core	31447	罗敷有夫	lgdf	40000		古旧书面表达，按现代日常及工科用途审核	4	0.98982174	5	0.93872139	not_applicable
moc_wubi86_core	31501	罪恶昭彰	lgju	39999		古旧书面表达，按现代日常及工科用途审核	1	0.99829445	12	0.85687720	not_applicable
moc_wubi86_core	31625	国帑	lgvc	40000		古旧称谓、文言短词或低需求历史用语	10	0.93110941	43	0.88838091	not_applicable
moc_wubi86_core	32069	田契	lldh	40000		古旧称谓、文言短词或低需求历史用语	4	0.96935299	37	0.90166186	not_applicable
moc_wubi86_core	32123	辅车相依	llsw	40000		古旧书面表达，按现代日常及工科用途审核	4	0.98982174	3	0.96734155	not_applicable
moc_wubi86_core	32159	因风吹火	lmko	40000		古旧书面表达，按现代日常及工科用途审核	2	0.99521347	unknown	unknown	not_applicable
moc_wubi86_core	32202	罹祸	lnpy	40000		古旧称谓、文言短词或低需求历史用语	3	0.97721030	30	0.91683760	not_applicable
moc_wubi86_core	32603	辂	ltk	39999		低需求冷僻单字；含字词组保留	9	0.86357898	499	0.63926148	not_applicable
moc_wubi86_core	32606	辂	ltkg	39998		低需求冷僻单字；含字词组保留	9	0.86357898	499	0.63926148	not_applicable
moc_wubi86_core	32705	囚首垢面	lufd	40000		古旧书面表达，按现代日常及工科用途审核	unknown	unknown	unknown	unknown	not_applicable
moc_wubi86_core	32737	斩将搴旗	lupy	40000		古旧书面表达，按现代日常及工科用途审核	11	0.97735475	8	0.90055018	not_applicable
moc_wubi86_core	32776	思如涌泉	lvir	40000		古旧书面表达，按现代日常及工科用途审核	1	0.99829445	unknown	unknown	not_applicable
moc_wubi86_core	32976	詈骂	lykk	40000		古旧称谓、文言短词或低需求历史用语	unknown	unknown	unknown	unknown	not_applicable
moc_wubi86_core	32984	略识之无	lypf	40000		古旧书面表达，按现代日常及工科用途审核	1	0.99829445	unknown	unknown	not_applicable
moc_wubi86_core	33171	风鬟雾鬓	mdfd	40000		古旧书面表达，按现代日常及工科用途审核	4	0.98982174	6	0.92341549	not_applicable
moc_wubi86_core	33312	财东	mfai	40000		古旧称谓、文言短词或低需求历史用语	unknown	unknown	14	0.95694990	not_applicable
moc_wubi86_core	33415	由博返约	mfrx	40000		古旧书面表达，按现代日常及工科用途审核	3	0.99251761	2	0.98927157	not_applicable
moc_wubi86_core	33525	贱内	mgmw	40000		古旧称谓、文言短词或低需求历史用语	6	0.95490735	2	0.99769669	not_applicable
moc_wubi86_core	33606	同庚	mgyv	40000		古旧称谓、文言短词或低需求历史用语	unknown	unknown	42	0.89077113	not_applicable
moc_wubi86_core	33677	贴己	mhnn	39999		古旧称谓、文言短词或低需求历史用语	2	0.98589334	unknown	unknown	not_applicable
moc_wubi86_core	33696	帆樯	mhsf	39999		古旧称谓、文言短词或低需求历史用语	7	0.94839725	57	0.86312276	not_applicable
moc_wubi86_core	33732	风流云散	mifa	40000		古旧书面表达，按现代日常及工科用途审核	20	0.96005722	5	0.93872139	not_applicable
moc_wubi86_core	33734	峭直	mifh	40000		古旧称谓、文言短词或低需求历史用语	unknown	unknown	17	0.94856239	not_applicable
moc_wubi86_core	33738	网漏吞舟	migt	40000		古旧书面表达，按现代日常及工科用途审核	1	0.99829445	5	0.93872139	not_applicable
moc_wubi86_core	33797	凤鸣朝阳	mkfb	40000		古旧书面表达，按现代日常及工科用途审核	unknown	unknown	10	0.87655150	not_applicable
moc_wubi86_core	33828	崭然	mlqd	40000		古旧称谓、文言短词或低需求历史用语	3	0.97721030	12	0.96264298	not_applicable
moc_wubi86_core	33861	巾帼须眉	mmen	40000		古旧书面表达，按现代日常及工科用途审核	4	0.98982174	unknown	unknown	not_applicable
moc_wubi86_core	33886	兕	mmgq	40000		低需求冷僻单字；含字词组保留	38	0.68510336	204	0.76471516	not_applicable
moc_wubi86_core	34009	风情月债	mnew	40000		古旧书面表达，按现代日常及工科用途审核	2	0.99521347	3	0.96734155	not_applicable
moc_wubi86_core	34101	内视反听	mprk	40000		古旧书面表达，按现代日常及工科用途审核	unknown	unknown	2	0.98927157	not_applicable
moc_wubi86_core	34222	见罪	mqld	40000		古旧称谓、文言短词或低需求历史用语	3	0.97721030	8	0.97497653	not_applicable
moc_wubi86_core	34324	见背	mqux	40000		古旧称谓、文言短词或低需求历史用语	unknown	unknown	unknown	unknown	not_applicable
moc_wubi86_core	34356	岁序	mqyc	40000		古旧称谓、文言短词或低需求历史用语	4	0.96935299	11	0.96562424	not_applicable
moc_wubi86_core	34392	风樯阵马	msbc	40000		古旧书面表达，按现代日常及工科用途审核	1	0.99829445	3	0.96734155	not_applicable
moc_wubi86_core	34454	风行水上	mtih	40000		古旧书面表达，按现代日常及工科用途审核	9	0.98020467	unknown	unknown	not_applicable
moc_wubi86_core	34570	罔替	mufw	40000		古旧称谓、文言短词或低需求历史用语	4	0.96935299	13	0.95991378	not_applicable
moc_wubi86_core	34815	曲终奏雅	mxda	40000		古旧书面表达，按现代日常及工科用途审核	1	0.99829445	2	0.98927157	not_applicable
moc_wubi86_core	34963	履薄临深	naji	40000		古旧书面表达，按现代日常及工科用途审核	unknown	unknown	unknown	unknown	not_applicable
moc_wubi86_core	34999	心荡神驰	napc	40000		古旧书面表达，按现代日常及工科用途审核	1	0.99829445	5	0.93872139	not_applicable
moc_wubi86_core	35003	心荡神迷	napo	40000		古旧书面表达，按现代日常及工科用途审核	2	0.99521347	unknown	unknown	not_applicable
moc_wubi86_core	35014	以其昏昏	naqq	40000		古旧书面表达，按现代日常及工科用途审核	13	0.97495599	1	0.99903169	not_applicable
moc_wubi86_core	35093	屈节	nbab	40000		古旧称谓、文言短词或低需求历史用语	6	0.95490735	40	0.89486493	not_applicable
moc_wubi86_core	35098	怯防勇战	nbch	40000		古旧书面表达，按现代日常及工科用途审核	unknown	unknown	unknown	unknown	not_applicable
moc_wubi86_core	35115	屈驾	nblk	40000		古旧称谓、文言短词或低需求历史用语	unknown	unknown	16	0.95135243	not_applicable
moc_wubi86_core	35143	以耳代目	nbwh	40000		古旧书面表达，按现代日常及工科用途审核	1	0.99829445	3	0.96734155	not_applicable
moc_wubi86_core	35175	快马一鞭	ncga	40000		古旧书面表达，按现代日常及工科用途审核	unknown	unknown	3	0.96734155	not_applicable
moc_wubi86_core	35227	司马彦	ncut	40000		零散地方设施、品牌或人名，非通用词汇	unknown	unknown	unknown	unknown	not_applicable
moc_wubi86_core	35297	悱恻	ndnm	40000		古旧称谓、文言短词或低需求历史用语	21	0.88012377	23	0.93341272	not_applicable
moc_wubi86_core	35317	以石投水	ndri	40000		古旧书面表达，按现代日常及工科用途审核	1	0.99829445	3	0.96734155	not_applicable
moc_wubi86_core	35324	尽态极妍	ndsv	40000		古旧书面表达，按现代日常及工科用途审核	9	0.98020467	3	0.96734155	not_applicable
moc_wubi86_core	35441	慰唁	nfky	40000		古旧称谓、文言短词或低需求历史用语	5	0.96189549	15	0.95406425	not_applicable
moc_wubi86_core	35501	屏声息气	nftr	40000		古旧书面表达，按现代日常及工科用途审核	1	0.99829445	unknown	unknown	not_applicable
moc_wubi86_core	35565	以一奉百	ngdd	40000		古旧书面表达，按现代日常及工科用途审核	unknown	unknown	unknown	unknown	not_applicable
moc_wubi86_core	35645	怔忡	ngnk	40000		古旧称谓、文言短词或低需求历史用语	5	0.96189549	23	0.93341272	not_applicable
moc_wubi86_core	35668	以一持万	ngrd	40000		古旧书面表达，按现代日常及工科用途审核	unknown	unknown	unknown	unknown	not_applicable
moc_wubi86_core	35787	疏虞	nhha	40000		古旧称谓、文言短词或低需求历史用语	2	0.98589334	22	0.93602893	not_applicable
moc_wubi86_core	35813	戕贼	nhma	40000		古旧称谓、文言短词或低需求历史用语	3	0.97721030	11	0.96562424	not_applicable
moc_wubi86_core	35923	收讫	nhyt	39999		古旧称谓、文言短词或低需求历史用语	6	0.95490735	18	0.94598964	not_applicable
moc_wubi86_core	36053	悭吝	njyk	40000		古旧称谓、文言短词或低需求历史用语	23	0.87011091	64	0.85121510	not_applicable
moc_wubi86_core	36082	璧还	nkgi	40000		古旧称谓、文言短词或低需求历史用语	3	0.97721030	11	0.96562424	not_applicable
moc_wubi86_core	36163	改辕易辙	nljl	40000		古旧书面表达，按现代日常及工科用途审核	unknown	unknown	3	0.96734155	not_applicable
moc_wubi86_core	36170	惭怍	nlnt	40000		古旧称谓、文言短词或低需求历史用语	6	0.95490735	unknown	unknown	not_applicable
moc_wubi86_core	36194	层见叠出	nmcb	40000		古旧书面表达，按现代日常及工科用途审核	3	0.99251761	8	0.90055018	not_applicable
moc_wubi86_core	36232	情见势屈	nmrn	40000		古旧书面表达，按现代日常及工科用途审核	unknown	unknown	unknown	unknown	not_applicable
moc_wubi86_core	36237	尺幅千里	nmtj	40000		古旧书面表达，按现代日常及工科用途审核	1	0.99829445	unknown	unknown	not_applicable
moc_wubi86_core	36238	情见乎辞	nmtt	40000		古旧书面表达，按现代日常及工科用途审核	1	0.99829445	2	0.98927157	not_applicable
moc_wubi86_core	36356	书眉	nnnh	40000		古旧称谓、文言短词或低需求历史用语	7	0.94839725	6	0.98157355	not_applicable
moc_wubi86_core	36399	忆想	nnsh	40000		古旧称谓、文言短词或低需求历史用语	unknown	unknown	3	0.99250774	not_applicable
moc_wubi86_core	36413	书牍	nnth	40000		古旧称谓、文言短词或低需求历史用语	4	0.96935299	42	0.89077113	not_applicable
moc_wubi86_core	36432	以疏间亲	nnuu	39996		古旧书面表达，按现代日常及工科用途审核	1	0.99829445	unknown	unknown	not_applicable
moc_wubi86_core	36440	忧心如捣	nnvr	40000		古旧书面表达，按现代日常及工科用途审核	unknown	unknown	2	0.98927157	not_applicable
moc_wubi86_core	36492	以火救火	nofo	40000		古旧书面表达，按现代日常及工科用途审核	1	0.99829445	unknown	unknown	not_applicable
moc_wubi86_core	36521	居之不疑	npgx	40000		古旧书面表达，按现代日常及工科用途审核	4	0.98982174	unknown	unknown	not_applicable
moc_wubi86_core	36523	改容易貌	npje	40000		古旧书面表达，按现代日常及工科用途审核	unknown	unknown	unknown	unknown	not_applicable
moc_wubi86_core	36552	怫然不悦	nqgn	40000		古旧书面表达，按现代日常及工科用途审核	1	0.99829445	2	0.98927157	not_applicable
moc_wubi86_core	36582	怫然作色	nqwq	40000		古旧书面表达，按现代日常及工科用途审核	unknown	unknown	unknown	unknown	not_applicable
moc_wubi86_core	36593	愧赧	nrfo	40000		古旧称谓、文言短词或低需求历史用语	3	0.97721030	unknown	unknown	not_applicable
moc_wubi86_core	36600	惶遽	nrha	40000		古旧称谓、文言短词或低需求历史用语	unknown	unknown	21	0.93854953	not_applicable
moc_wubi86_core	36601	发指眦裂	nrhg	40000		古旧书面表达，按现代日常及工科用途审核	1	0.99829445	3	0.96734155	not_applicable
moc_wubi86_core	36605	以手加额	nrlp	40000		古旧书面表达，按现代日常及工科用途审核	2	0.99521347	11	0.86695643	not_applicable
moc_wubi86_core	36612	愧怍	nrnt	40000		古旧称谓、文言短词或低需求历史用语	12	0.92111393	15	0.95406425	not_applicable
moc_wubi86_core	36621	心手相应	nrsy	40000		古旧书面表达，按现代日常及工科用途审核	4	0.98982174	6	0.92341549	not_applicable
moc_wubi86_core	36631	犀牛望月	nrye	40000		古旧书面表达，按现代日常及工科用途审核	6	0.98544234	11	0.86695643	not_applicable
moc_wubi86_core	36646	怵惕	nsnj	40000		古旧称谓、文言短词或低需求历史用语	7	0.94839725	32	0.91223968	not_applicable
moc_wubi86_core	36774	以升量石	ntjd	40000		古旧书面表达，按现代日常及工科用途审核	unknown	unknown	unknown	unknown	not_applicable
moc_wubi86_core	36811	发凡	ntmy	40000		古旧称谓、文言短词或低需求历史用语	9	0.93665473	59	0.85995028	not_applicable
moc_wubi86_core	36813	悖入悖出	ntnb	40000		古旧书面表达，按现代日常及工科用途审核	1	0.99829445	unknown	unknown	not_applicable
moc_wubi86_core	36926	恪遵	ntus	40000		古旧称谓、文言短词或低需求历史用语	unknown	unknown	unknown	unknown	not_applicable
moc_wubi86_core	37139	以意逆志	nuuf	40000		古旧书面表达，按现代日常及工科用途审核	10	0.97870819	4	0.95011004	not_applicable
moc_wubi86_core	37163	以意为之	nuyp	40000		古旧书面表达，按现代日常及工科用途审核	3	0.99251761	unknown	unknown	not_applicable
moc_wubi86_core	37206	以售其奸	nwav	40000		古旧书面表达，按现代日常及工科用途审核	5	0.98746699	unknown	unknown	not_applicable
moc_wubi86_core	37297	以蠡测海	nxii	40000		古旧书面表达，按现代日常及工科用途审核	1	0.99829445	unknown	unknown	not_applicable
moc_wubi86_core	37310	心织笔耕	nxtd	40000		古旧书面表达，按现代日常及工科用途审核	unknown	unknown	3	0.96734155	not_applicable
moc_wubi86_core	37555	情文并茂	nyua	40000		古旧书面表达，按现代日常及工科用途审核	unknown	unknown	3	0.96734155	not_applicable
moc_wubi86_core	37580	心广体胖	nywe	40000		古旧书面表达，按现代日常及工科用途审核	3	0.99251761	unknown	unknown	not_applicable
moc_wubi86_core	37880	断井颓垣	oftf	40000		古旧书面表达，按现代日常及工科用途审核	3	0.99251761	9	0.88769806	not_applicable
moc_wubi86_core	37986	黻	oguc	40000		低需求冷僻单字；含字词组保留	29	0.72471201	537	0.62687392	not_applicable
moc_wubi86_core	37991	黼	oguy	40000		低需求冷僻单字；含字词组保留	41	0.67350481	996	0.52382831	not_applicable
moc_wubi86_core	38017	火上弄冰	ohgu	40000		古旧书面表达，按现代日常及工科用途审核	unknown	unknown	unknown	unknown	not_applicable
moc_wubi86_core	38057	烟波钓徒	oiqt	40000		古旧书面表达，按现代日常及工科用途审核	1	0.99829445	9	0.88769806	not_applicable
moc_wubi86_core	38177	数黑论黄	olya	40000		古旧书面表达，按现代日常及工科用途审核	6	0.98544234	unknown	unknown	not_applicable
moc_wubi86_core	38254	断壁颓垣	ontf	40000		古旧书面表达，按现代日常及工科用途审核	6	0.98544234	unknown	unknown	not_applicable
moc_wubi86_core	38257	断乎	ontu	40000		古旧称谓、文言短词或低需求历史用语	1	0.99523694	16	0.95135243	not_applicable
moc_wubi86_core	38298	数米而炊	oodo	40000		古旧书面表达，按现代日常及工科用途审核	1	0.99829445	unknown	unknown	not_applicable
moc_wubi86_core	38459	断鹤续凫	opxq	40000		古旧书面表达，按现代日常及工科用途审核	unknown	unknown	unknown	unknown	not_applicable
moc_wubi86_core	38551	粉白黛黑	orwl	40000		古旧书面表达，按现代日常及工科用途审核	unknown	unknown	unknown	unknown	not_applicable
moc_wubi86_core	38555	数白论黄	orya	40000		古旧书面表达，按现代日常及工科用途审核	unknown	unknown	unknown	unknown	not_applicable
moc_wubi86_core	38584	断梗飘蓬	ossa	40000		古旧书面表达，按现代日常及工科用途审核	unknown	unknown	unknown	unknown	not_applicable
moc_wubi86_core	38618	断简残编	otgx	40000		古旧书面表达，按现代日常及工科用途审核	unknown	unknown	11	0.86695643	not_applicable
moc_wubi86_core	38697	料峭	oumi	40000		古旧称谓、文言短词或低需求历史用语	22	0.87505650	6	0.98157355	not_applicable
moc_wubi86_core	38841	精贯白日	oxrj	40000		古旧书面表达，按现代日常及工科用途审核	unknown	unknown	3	0.96734155	not_applicable
moc_wubi86_core	39011	实获我心	patn	40000		古旧书面表达，按现代日常及工科用途审核	7	0.98340669	9	0.88769806	not_applicable
moc_wubi86_core	39133	寡妻	pdgv	40000		古旧称谓、文言短词或低需求历史用语	6	0.95490735	49	0.87712513	not_applicable
moc_wubi86_core	39210	宠辱皆忘	pdxy	39999		古旧书面表达，按现代日常及工科用途审核	2	0.99521347	6	0.92341549	not_applicable
moc_wubi86_core	39257	家严	pego	40000		古旧称谓、文言短词或低需求历史用语	10	0.93110941	30	0.91683760	not_applicable
moc_wubi86_core	39279	家累	pelx	40000		古旧称谓、文言短词或低需求历史用语	12	0.92111393	44	0.88623405	not_applicable
moc_wubi86_core	39321	家慈	peux	40000		古旧称谓、文言短词或低需求历史用语	6	0.95490735	32	0.91223968	not_applicable
moc_wubi86_core	39339	家给	pexw	40000		古旧称谓、文言短词或低需求历史用语	unknown	unknown	unknown	unknown	not_applicable
moc_wubi86_core	39395	密云不雨	pfgf	40000		古旧书面表达，按现代日常及工科用途审核	unknown	unknown	8	0.90055018	not_applicable
moc_wubi86_core	39471	礼坏乐崩	pfqm	40000		古旧书面表达，按现代日常及工科用途审核	6	0.98544234	6	0.92341549	not_applicable
moc_wubi86_core	39472	宁馨儿	pfqt	40000		古旧称谓、文言短词或低需求历史用语	1	0.99855408	3	0.99298728	not_applicable
moc_wubi86_core	39627	宝号	pgkg	40000		古旧称谓、文言短词或低需求历史用语	1	0.99523694	3	0.99250774	not_applicable
moc_wubi86_core	39683	宝刹	pgqs	40000		古旧称谓、文言短词或低需求历史用语	5	0.96189549	40	0.89486493	not_applicable
moc_wubi86_core	39753	祸不旋踵	pgyk	40000		古旧书面表达，按现代日常及工科用途审核	unknown	unknown	8	0.90055018	not_applicable
moc_wubi86_core	39799	安常处顺	pitk	40000		古旧书面表达，按现代日常及工科用途审核	3	0.99251761	unknown	unknown	not_applicable
moc_wubi86_core	39818	寓目	pjhh	40000		古旧称谓、文言短词或低需求历史用语	7	0.94839725	45	0.88443486	not_applicable
moc_wubi86_core	39907	神号鬼哭	pkrk	40000		古旧书面表达，按现代日常及工科用途审核	unknown	unknown	unknown	unknown	not_applicable
moc_wubi86_core	39908	冢中枯骨	pksm	40000		古旧书面表达，按现代日常及工科用途审核	28	0.85222271	6	0.92341549	not_applicable
moc_wubi86_core	40039	剜肉医疮	pmau	40000		古旧书面表达，按现代日常及工科用途审核	unknown	unknown	unknown	unknown	not_applicable
moc_wubi86_core	40046	冗赘	pmgq	40000		古旧称谓、文言短词或低需求历史用语	13	0.91623788	53	0.86946772	not_applicable
moc_wubi86_core	40047	寡见少闻	pmiu	40000		古旧书面表达，按现代日常及工科用途审核	unknown	unknown	unknown	unknown	not_applicable
moc_wubi86_core	40055	宝山空回	pmpl	40000		古旧书面表达，按现代日常及工科用途审核	unknown	unknown	unknown	unknown	not_applicable
moc_wubi86_core	40065	家败人亡	pmwy	40000		古旧书面表达，按现代日常及工科用途审核	1	0.99829445	unknown	unknown	not_applicable
moc_wubi86_core	40076	官了	pnbn	40000		古旧称谓、文言短词或低需求历史用语	21	0.88012377	10	0.96854466	not_applicable
moc_wubi86_core	40173	视民如伤	pnvw	40000		古旧书面表达，按现代日常及工科用途审核	unknown	unknown	3	0.96734155	not_applicable
moc_wubi86_core	40187	穿壁引光	pnxi	40000		古旧书面表达，按现代日常及工科用途审核	unknown	unknown	unknown	unknown	not_applicable
moc_wubi86_core	40308	安富尊荣	ppua	40000		古旧书面表达，按现代日常及工科用途审核	5	0.98746699	8	0.90055018	not_applicable
moc_wubi86_core	40348	窃钩者诛	pqfy	40000		古旧书面表达，按现代日常及工科用途审核	23	0.91603213	6	0.92341549	not_applicable
moc_wubi86_core	40378	安危相易	pqsj	40000		古旧书面表达，按现代日常及工科用途审核	unknown	unknown	unknown	unknown	not_applicable
moc_wubi86_core	40391	官卑职小	prbi	40000		古旧书面表达，按现代日常及工科用途审核	2	0.99521347	3	0.96734155	not_applicable
moc_wubi86_core	40415	宽打窄用	prpe	40000		古旧书面表达，按现代日常及工科用途审核	unknown	unknown	unknown	unknown	not_applicable
moc_wubi86_core	40538	宅心	ptny	40000		古旧称谓、文言短词或低需求历史用语	1	0.99523694	19	0.94359942	not_applicable
moc_wubi86_core	40712	初民	puna	40000		古旧称谓、文言短词或低需求历史用语	27	0.85297083	59	0.85995028	not_applicable
moc_wubi86_core	40760	神头鬼面	purd	40000		古旧书面表达，按现代日常及工科用途审核	unknown	unknown	unknown	unknown	not_applicable
moc_wubi86_core	41284	祸结兵连	pxrl	40000		古旧书面表达，按现代日常及工科用途审核	unknown	unknown	3	0.96734155	not_applicable
moc_wubi86_core	41295	家弦户诵	pxyy	40000		古旧书面表达，按现代日常及工科用途审核	unknown	unknown	6	0.92341549	not_applicable
moc_wubi86_core	41368	祈盼	pyhw	40000		古旧称谓、文言短词或低需求历史用语	25	0.86114105	44	0.88623405	not_applicable
moc_wubi86_core	41561	负薪救火	qafo	40000		古旧书面表达，按现代日常及工科用途审核	unknown	unknown	unknown	unknown	not_applicable
moc_wubi86_core	41563	金瓯无缺	qafr	40000		古旧书面表达，按现代日常及工科用途审核	3	0.99251761	3	0.96734155	not_applicable
moc_wubi86_core	41565	色若死灰	qagd	40000		古旧书面表达，按现代日常及工科用途审核	unknown	unknown	unknown	unknown	not_applicable
moc_wubi86_core	41669	凶虐	qbha	40000		古旧称谓、文言短词或低需求历史用语	2	0.98589334	14	0.95694990	not_applicable
moc_wubi86_core	41691	凶焰	qboq	40000		古旧称谓、文言短词或低需求历史用语	2	0.98589334	19	0.94359942	not_applicable
moc_wubi86_core	41716	独出机杼	qbss	40000		古旧书面表达，按现代日常及工科用途审核	5	0.98746699	2	0.98927157	not_applicable
moc_wubi86_core	41793	勾魄	qcrr	40000		古旧称谓、文言短词或低需求历史用语	unknown	unknown	unknown	unknown	not_applicable
moc_wubi86_core	41836	危厄	qddb	40000		古旧称谓、文言短词或低需求历史用语	2	0.98589334	13	0.95991378	not_applicable
moc_wubi86_core	41844	狼奔豕突	qdep	40000		古旧书面表达，按现代日常及工科用途审核	8	0.98170114	3	0.96734155	not_applicable
moc_wubi86_core	41858	然否	qdgi	40000		古旧称谓、文言短词或低需求历史用语	5	0.96189549	7	0.97768835	not_applicable
moc_wubi86_core	41864	铄石流金	qdiq	40000		古旧书面表达，按现代日常及工科用途审核	unknown	unknown	unknown	unknown	not_applicable
moc_wubi86_core	41868	桀犬吠尧	qdka	40000		古旧书面表达，按现代日常及工科用途审核	4	0.98982174	unknown	unknown	not_applicable
moc_wubi86_core	41869	狂犬吠日	qdkj	40000		古旧书面表达，按现代日常及工科用途审核	7	0.98340669	unknown	unknown	not_applicable
moc_wubi86_core	41896	肴馔	qdqn	40000		古旧称谓、文言短词或低需求历史用语	8	0.94230435	27	0.92354761	not_applicable
moc_wubi86_core	41910	危笃	qdtc	40000		古旧称谓、文言短词或低需求历史用语	2	0.98589334	18	0.94598964	not_applicable
moc_wubi86_core	41931	然诺	qdya	40000		古旧称谓、文言短词或低需求历史用语	15	0.90613809	36	0.90357404	not_applicable
moc_wubi86_core	41939	解颐	qeah	40000		古旧称谓、文言短词或低需求历史用语	2	0.98589334	40	0.89486493	not_applicable
moc_wubi86_core	42033	觚	qer	40000		低需求冷僻单字；含字词组保留	40	0.67737100	637	0.59949503	not_applicable
moc_wubi86_core	42044	觚	qery	40000		低需求冷僻单字；含字词组保留	40	0.67737100	637	0.59949503	not_applicable
moc_wubi86_core	42057	觯	qeu	39999		低需求冷僻单字；含字词组保留	5	0.91738993	101	0.84440587	not_applicable
moc_wubi86_core	42063	觯	qeuf	39998		低需求冷僻单字；含字词组保留	5	0.91738993	101	0.84440587	not_applicable
moc_wubi86_core	42135	兔起鹘落	qfma	40000		古旧书面表达，按现代日常及工科用途审核	12	0.97612236	2	0.98927157	not_applicable
moc_wubi86_core	42137	独夫民贼	qfnm	40000		古旧书面表达，按现代日常及工科用途审核	12	0.97612236	9	0.88769806	not_applicable
moc_wubi86_core	42173	金鼓齐鸣	qfyk	40000		古旧书面表达，按现代日常及工科用途审核	3	0.99251761	7	0.91110255	not_applicable
moc_wubi86_core	42484	外子	qhbb	40000		古旧称谓、文言短词或低需求历史用语	3	0.97721030	14	0.95694990	not_applicable
moc_wubi86_core	42630	外舅	qhvl	40000		古旧称谓、文言短词或低需求历史用语	1	0.99523694	56	0.86454820	not_applicable
moc_wubi86_core	42664	尔耳	qibg	40000		古旧称谓、文言短词或低需求历史用语	6	0.95490735	9	0.97171714	not_applicable
moc_wubi86_core	42686	迩来	qigo	40000		古旧称谓、文言短词或低需求历史用语	10	0.93110941	37	0.90166186	not_applicable
moc_wubi86_core	42763	鱼游釜中	qiwk	39998		古旧书面表达，按现代日常及工科用途审核	unknown	unknown	unknown	unknown	not_applicable
moc_wubi86_core	42775	刈草	qjaj	40000		古旧称谓、文言短词或低需求历史用语	2	0.98589334	43	0.88838091	not_applicable
moc_wubi86_core	42849	劬劳	qkap	40000		古旧称谓、文言短词或低需求历史用语	3	0.97721030	43	0.88838091	not_applicable
moc_wubi86_core	42953	名之	qkpp	40000		不完整片段、明显错误或过度零散的口语拼接	unknown	unknown	unknown	unknown	not_applicable
moc_wubi86_core	43086	负薪	qmau	40000		古旧称谓、文言短词或低需求历史用语	5	0.96189549	60	0.85815979	not_applicable
moc_wubi86_core	43100	名山胜川	qmek	40000		古旧书面表达，按现代日常及工科用途审核	unknown	unknown	6	0.92341549	not_applicable
moc_wubi86_core	43187	多财善贾	qmus	40000		古旧书面表达，按现代日常及工科用途审核	3	0.99251761	unknown	unknown	not_applicable
moc_wubi86_core	43342	久惯牢成	qnpd	40000		古旧书面表达，按现代日常及工科用途审核	unknown	unknown	unknown	unknown	not_applicable
moc_wubi86_core	43454	乌绿	qnxv	40000		古旧称谓、文言短词或低需求历史用语	unknown	unknown	unknown	unknown	not_applicable
moc_wubi86_core	43510	名实相副	qpsg	40000		古旧书面表达，按现代日常及工科用途审核	3	0.99251761	9	0.88769806	not_applicable
moc_wubi86_core	43752	钧座	qqyw	39999		古旧称谓、文言短词或低需求历史用语	unknown	unknown	unknown	unknown	not_applicable
moc_wubi86_core	43763	刎颈	qrca	40000		古旧称谓、文言短词或低需求历史用语	unknown	unknown	unknown	unknown	not_applicable
moc_wubi86_core	43785	色授魂与	qrfg	40000		古旧书面表达，按现代日常及工科用途审核	2	0.99521347	unknown	unknown	not_applicable
moc_wubi86_core	43791	匆遽	qrha	40000		古旧称谓、文言短词或低需求历史用语	unknown	unknown	3	0.99250774	not_applicable
moc_wubi86_core	43910	钱可通神	qscp	40000		古旧书面表达，按现代日常及工科用途审核	2	0.99521347	2	0.98927157	not_applicable
moc_wubi86_core	43930	金相玉质	qsgr	40000		古旧书面表达，按现代日常及工科用途审核	1	0.99829445	unknown	unknown	not_applicable
moc_wubi86_core	43975	猜枚行令	qstw	40000		古旧书面表达，按现代日常及工科用途审核	1	0.99829445	unknown	unknown	not_applicable
moc_wubi86_core	44082	铢积寸累	qtfl	40000		古旧书面表达，按现代日常及工科用途审核	3	0.99251761	6	0.92341549	not_applicable
moc_wubi86_core	44280	急管繁弦	qttx	40000		古旧书面表达，按现代日常及工科用途审核	5	0.98746699	5	0.93872139	not_applicable
moc_wubi86_core	44376	钻头觅缝	quex	40000		古旧书面表达，按现代日常及工科用途审核	2	0.99521347	unknown	unknown	not_applicable
moc_wubi86_core	44425	铜头铁额	quqp	40000		古旧书面表达，按现代日常及工科用途审核	26	0.87621039	11	0.86695643	not_applicable
moc_wubi86_core	44461	针头线脑	quxe	39999		古旧书面表达，按现代日常及工科用途审核	12	0.97612236	12	0.85687720	not_applicable
moc_wubi86_core	44535	怨女旷夫	qvjf	40000		古旧书面表达，按现代日常及工科用途审核	unknown	unknown	unknown	unknown	not_applicable
moc_wubi86_core	44555	猫鼠同眠	qvmh	40000		古旧书面表达，按现代日常及工科用途审核	unknown	unknown	unknown	unknown	not_applicable
moc_wubi86_core	44704	鱼传尺素	qwng	40000		古旧书面表达，按现代日常及工科用途审核	9	0.98020467	unknown	unknown	not_applicable
moc_wubi86_core	44782	铺张扬厉	qxrd	40000		古旧书面表达，按现代日常及工科用途审核	4	0.98982174	5	0.93872139	not_applicable
moc_wubi86_core	44786	名缰利锁	qxtq	40000		古旧书面表达，按现代日常及工科用途审核	4	0.98982174	7	0.91110255	not_applicable
moc_wubi86_core	45095	拱璧	rank	40000		古旧称谓、文言短词或低需求历史用语	5	0.96189549	57	0.86312276	not_applicable
moc_wubi86_core	45164	拨草寻蛇	ravj	40000		古旧书面表达，按现代日常及工科用途审核	unknown	unknown	unknown	unknown	not_applicable
moc_wubi86_core	45194	拙著	rbaf	40000		古旧称谓、文言短词或低需求历史用语	7	0.94839725	11	0.96562424	not_applicable
moc_wubi86_core	45195	拙荆	rbag	40000		古旧称谓、文言短词或低需求历史用语	13	0.91623788	7	0.97768835	not_applicable
moc_wubi86_core	45229	报呈	rbkg	40000		古旧称谓、文言短词或低需求历史用语	unknown	unknown	23	0.93341272	not_applicable
moc_wubi86_core	45533	把斋	rcyd	40000		古旧称谓、文言短词或低需求历史用语	unknown	unknown	8	0.97497653	not_applicable
moc_wubi86_core	45581	拜爵	rdel	40000		古旧称谓、文言短词或低需求历史用语	18	0.89319612	26	0.92596391	not_applicable
moc_wubi86_core	45603	摇唇鼓舌	rdft	39997		古旧书面表达，按现代日常及工科用途审核	21	0.94502641	6	0.92341549	not_applicable
moc_wubi86_core	45630	拜盟	rdje	40000		古旧称谓、文言短词或低需求历史用语	unknown	unknown	6	0.98157355	not_applicable
moc_wubi86_core	45699	拜扫	rdrv	40000		古旧称谓、文言短词或低需求历史用语	4	0.96935299	13	0.95991378	not_applicable
moc_wubi86_core	45730	拜将	rduq	40000		古旧称谓、文言短词或低需求历史用语	unknown	unknown	unknown	unknown	not_applicable
moc_wubi86_core	45765	拜识	rdyk	40000		古旧称谓、文言短词或低需求历史用语	1	0.99523694	9	0.97171714	not_applicable
moc_wubi86_core	45839	搽脂抹粉	rero	40000		古旧书面表达，按现代日常及工科用途审核	1	0.99829445	unknown	unknown	not_applicable
moc_wubi86_core	45858	援笔	rett	40000		古旧称谓、文言短词或低需求历史用语	3	0.97721030	39	0.89708132	not_applicable
moc_wubi86_core	45867	持盈保泰	rewd	40000		古旧书面表达，按现代日常及工科用途审核	1	0.99829445	12	0.85687720	not_applicable
moc_wubi86_core	45880	撷英	rfam	40000		古旧称谓、文言短词或低需求历史用语	12	0.92111393	64	0.85121510	not_applicable
moc_wubi86_core	46249	指天誓日	rgrj	40000		古旧书面表达，按现代日常及工科用途审核	unknown	unknown	unknown	unknown	not_applicable
moc_wubi86_core	46424	披沥	rhid	40000		古旧称谓、文言短词或低需求历史用语	unknown	unknown	2	0.99769669	not_applicable
moc_wubi86_core	46450	年兄	rhkq	40000		古旧称谓、文言短词或低需求历史用语	4	0.96935299	9	0.97171714	not_applicable
moc_wubi86_core	46538	年尊	rhus	40000		古旧称谓、文言短词或低需求历史用语	3	0.97721030	33	0.90997984	not_applicable
moc_wubi86_core	46540	披阅	rhuu	39999		古旧称谓、文言短词或低需求历史用语	9	0.93665473	46	0.88283559	not_applicable
moc_wubi86_core	46697	拉法格	rist	40000		零散地方设施、品牌或人名，非通用词汇	1	0.99855408	59	0.86068537	not_applicable
moc_wubi86_core	46702	搅海翻江	riti	40000		古旧书面表达，按现代日常及工科用途审核	2	0.99521347	unknown	unknown	not_applicable
moc_wubi86_core	46746	提挈	rjdh	40000		古旧称谓、文言短词或低需求历史用语	14	0.91112714	35	0.90562528	not_applicable
moc_wubi86_core	46884	操切	rkav	40000		古旧称谓、文言短词或低需求历史用语	13	0.91623788	42	0.89077113	not_applicable
moc_wubi86_core	46897	抵足而眠	rkdh	40000		古旧书面表达，按现代日常及工科用途审核	7	0.98340669	unknown	unknown	not_applicable
moc_wubi86_core	46900	手足胼胝	rkee	40000		古旧书面表达，按现代日常及工科用途审核	1	0.99829445	8	0.90055018	not_applicable
moc_wubi86_core	46935	揖别	rkkl	40000		古旧称谓、文言短词或低需求历史用语	3	0.97721030	6	0.98157355	not_applicable
moc_wubi86_core	46958	揖客	rkpt	40000		古旧称谓、文言短词或低需求历史用语	unknown	unknown	unknown	unknown	not_applicable
moc_wubi86_core	47072	措置裕如	rlpv	40000		古旧书面表达，按现代日常及工科用途审核	unknown	unknown	3	0.96734155	not_applicable
moc_wubi86_core	47156	掀风鼓浪	rmfi	40000		古旧书面表达，按现代日常及工科用途审核	unknown	unknown	3	0.96734155	not_applicable
moc_wubi86_core	47229	扬幡招魂	rmrf	40000		古旧书面表达，按现代日常及工科用途审核	unknown	unknown	unknown	unknown	not_applicable
moc_wubi86_core	47299	抽绎	rmxc	40000		古旧称谓、文言短词或低需求历史用语	1	0.99523694	3	0.99250774	not_applicable
moc_wubi86_core	47301	投缳	rmxl	40000		古旧称谓、文言短词或低需求历史用语	7	0.94839725	54	0.86778152	not_applicable
moc_wubi86_core	47492	摒挡	rnri	40000		古旧称谓、文言短词或低需求历史用语	1	0.99523694	13	0.95991378	not_applicable
moc_wubi86_core	47643	损之又损	rpcr	40000		古旧书面表达，按现代日常及工科用途审核	18	0.96923415	5	0.93872139	not_applicable
moc_wubi86_core	47646	持之有故	rpdd	40000		古旧书面表达，按现代日常及工科用途审核	7	0.98340669	7	0.91110255	not_applicable
moc_wubi86_core	48165	手挥目送	rrhu	40000		古旧书面表达，按现代日常及工科用途审核	1	0.99829445	unknown	unknown	not_applicable
moc_wubi86_core	48396	打卦	rsff	39999		古旧称谓、文言短词或低需求历史用语	9	0.93665473	60	0.85815979	not_applicable
moc_wubi86_core	48409	返本还原	rsgd	40000		古旧书面表达，按现代日常及工科用途审核	3	0.99251761	10	0.87655150	not_applicable
moc_wubi86_core	48461	打禅	rspy	40000		古旧称谓、文言短词或低需求历史用语	4	0.96935299	8	0.97497653	not_applicable
moc_wubi86_core	48669	卑躬屈节	rtna	40000		古旧书面表达，按现代日常及工科用途审核	2	0.99521347	unknown	unknown	not_applicable
moc_wubi86_core	48787	皓首	rtut	39998		古旧称谓、文言短词或低需求历史用语	12	0.92111393	23	0.93341272	not_applicable
moc_wubi86_core	49053	白头如新	ruvu	40000		古旧书面表达，按现代日常及工科用途审核	5	0.98746699	unknown	unknown	not_applicable
moc_wubi86_core	49698	拂衣	rxye	40000		古旧称谓、文言短词或低需求历史用语	7	0.94839725	47	0.88113201	not_applicable
moc_wubi86_core	49710	斥革	ryaf	40000		古旧称谓、文言短词或低需求历史用语	1	0.99523694	35	0.90562528	not_applicable
moc_wubi86_core	49716	挥毫落纸	ryax	40000		古旧书面表达，按现代日常及工科用途审核	unknown	unknown	3	0.96734155	not_applicable
moc_wubi86_core	49734	择主而事	rydg	40000		古旧书面表达，按现代日常及工科用途审核	9	0.98020467	10	0.87655150	not_applicable
moc_wubi86_core	49756	擅场	ryfn	40000		古旧称谓、文言短词或低需求历史用语	9	0.93665473	24	0.93081389	not_applicable
moc_wubi86_core	49839	拒谏饰非	ryqd	40000		古旧书面表达，按现代日常及工科用途审核	1	0.99829445	5	0.93872139	not_applicable
moc_wubi86_core	49845	白衣卿相	ryqs	40000		古旧书面表达，按现代日常及工科用途审核	8	0.98170114	3	0.96734155	not_applicable
moc_wubi86_core	49861	搐搦	ryrx	39998		古旧称谓、文言短词或低需求历史用语	1	0.99523694	6	0.98157355	not_applicable
moc_wubi86_core	49925	拱肩缩背	ryxu	40000		古旧书面表达，按现代日常及工科用途审核	unknown	unknown	unknown	unknown	not_applicable
moc_wubi86_core	50007	横戈跃马	sakc	40000		古旧书面表达，按现代日常及工科用途审核	2	0.99521347	unknown	unknown	not_applicable
moc_wubi86_core	50122	桂子飘香	sbst	40000		古旧书面表达，按现代日常及工科用途审核	1	0.99829445	5	0.93872139	not_applicable
moc_wubi86_core	50172	歌台舞榭	scrs	40000		古旧书面表达，按现代日常及工科用途审核	3	0.99251761	3	0.96734155	not_applicable
moc_wubi86_core	50394	杏脸桃腮	sese	40000		古旧书面表达，按现代日常及工科用途审核	8	0.98170114	unknown	unknown	not_applicable
moc_wubi86_core	50638	西陆	sgbf	40000		古旧称谓、文言短词或低需求历史用语	8	0.94230435	51	0.87316170	not_applicable
moc_wubi86_core	50691	焚琴煮鹤	sgfp	40000		古旧书面表达，按现代日常及工科用途审核	24	0.90167254	8	0.90055018	not_applicable
moc_wubi86_core	50950	丁豪	sgyp	40000		零散地方设施、品牌或人名，非通用词汇	unknown	unknown	8	0.97497653	not_applicable
moc_wubi86_core	51178	醇酒妇人	sivw	40000		古旧书面表达，按现代日常及工科用途审核	7	0.98340669	2	0.98927157	not_applicable
moc_wubi86_core	51393	杜口裹足	skyk	40000		古旧书面表达，按现代日常及工科用途审核	2	0.99521347	unknown	unknown	not_applicable
moc_wubi86_core	51538	椎心泣血	snit	40000		古旧书面表达，按现代日常及工科用途审核	5	0.98746699	3	0.96734155	not_applicable
moc_wubi86_core	51718	杨铭宇	sqpg	40000		零散地方设施、品牌或人名，非通用词汇	13	0.96226142	2	0.99819260	not_applicable
moc_wubi86_core	52241	可立餐	suhq	40000		零散地方设施、品牌或人名，非通用词汇	unknown	unknown	unknown	unknown	not_applicable
moc_wubi86_core	52262	横槊赋诗	sumy	40000		古旧书面表达，按现代日常及工科用途审核	26	0.87621039	6	0.92341549	not_applicable
moc_wubi86_core	52334	杳如黄鹤	svap	40000		古旧书面表达，按现代日常及工科用途审核	2	0.99521347	4	0.95011004	not_applicable
moc_wubi86_core	52505	杞人之忧	swpn	40000		古旧书面表达，按现代日常及工科用途审核	2	0.99521347	unknown	unknown	not_applicable
moc_wubi86_core	52507	杜伊宁	swps	40000		零散地方设施、品牌或人名，非通用词汇	unknown	unknown	unknown	unknown	not_applicable
moc_wubi86_core	52685	焚膏继晷	syxj	39999		古旧书面表达，按现代日常及工科用途审核	23	0.91603213	12	0.85687720	not_applicable
moc_wubi86_core	52719	德薄能鲜	tacq	40000		古旧书面表达，按现代日常及工科用途审核	1	0.99829445	3	0.96734155	not_applicable
moc_wubi86_core	52809	矫若惊龙	tand	40000		古旧书面表达，按现代日常及工科用途审核	4	0.98982174	3	0.96734155	not_applicable
moc_wubi86_core	52816	知荣守辱	tapd	40000		古旧书面表达，按现代日常及工科用途审核	1	0.99829445	unknown	unknown	not_applicable
moc_wubi86_core	52823	生花之笔	tapt	40000		古旧书面表达，按现代日常及工科用途审核	unknown	unknown	unknown	unknown	not_applicable
moc_wubi86_core	52837	得其所哉	tarf	40000		古旧书面表达，按现代日常及工科用途审核	15	0.97272227	8	0.90055018	not_applicable
moc_wubi86_core	52927	向隅而泣	tbdi	40000		古旧书面表达，按现代日常及工科用途审核	unknown	unknown	unknown	unknown	not_applicable
moc_wubi86_core	53023	私弊	tcum	40000		古旧称谓、文言短词或低需求历史用语	unknown	unknown	5	0.98595418	not_applicable
moc_wubi86_core	53042	笃诚	tcyd	40000		古旧称谓、文言短词或低需求历史用语	6	0.95490735	32	0.91223968	not_applicable
moc_wubi86_core	53122	行成于思	tdgl	39999		古旧书面表达，按现代日常及工科用途审核	6	0.98544234	6	0.92341549	not_applicable
moc_wubi86_core	53211	千万买邻	tdnw	40000		古旧书面表达，按现代日常及工科用途审核	unknown	unknown	unknown	unknown	not_applicable
moc_wubi86_core	53221	知雄守雌	tdph	40000		古旧书面表达，按现代日常及工科用途审核	1	0.99829445	unknown	unknown	not_applicable
moc_wubi86_core	53246	躬耕乐道	tdqu	40000		古旧书面表达，按现代日常及工科用途审核	unknown	unknown	3	0.96734155	not_applicable
moc_wubi86_core	53299	短简	tdtu	39995		古旧称谓、文言短词或低需求历史用语	2	0.98589334	20	0.94113966	not_applicable
moc_wubi86_core	53322	辞灵	tdvo	40000		古旧称谓、文言短词或低需求历史用语	unknown	unknown	26	0.92596391	not_applicable
moc_wubi86_core	54146	征尘	tgif	39998		古旧称谓、文言短词或低需求历史用语	7	0.94839725	38	0.89946285	not_applicable
moc_wubi86_core	54209	行不由径	tgmt	40000		古旧书面表达，按现代日常及工科用途审核	2	0.99521347	10	0.87655150	not_applicable
moc_wubi86_core	54371	征衣	tgye	39999		古旧称谓、文言短词或低需求历史用语	5	0.96189549	18	0.94598964	not_applicable
moc_wubi86_core	54790	升堂入室	titp	39999		古旧书面表达，按现代日常及工科用途审核	3	0.99251761	5	0.93872139	not_applicable
moc_wubi86_core	54804	稍顷	tixd	40000		古旧称谓、文言短词或低需求历史用语	4	0.96935299	6	0.98157355	not_applicable
moc_wubi86_core	54839	待时而动	tjdf	40000		古旧书面表达，按现代日常及工科用途审核	22	0.93043574	8	0.90055018	not_applicable
moc_wubi86_core	54996	香闺	tjuf	39999		古旧称谓、文言短词或低需求历史用语	10	0.93110941	62	0.85482217	not_applicable
moc_wubi86_core	55079	各不	tkgi	39998		不完整片段、明显错误或过度零散的口语拼接	16	0.90151410	61	0.85641275	not_applicable
moc_wubi86_core	55103	各显	tkjo	40000		不完整片段、明显错误或过度零散的口语拼接	13	0.91623788	43	0.88838091	not_applicable
moc_wubi86_core	55124	各尽	tkny	40000		不完整片段、明显错误或过度零散的口语拼接	4	0.96935299	22	0.93602893	not_applicable
moc_wubi86_core	55168	和番	tkto	40000		古旧称谓、文言短词或低需求历史用语	unknown	unknown	unknown	unknown	not_applicable
moc_wubi86_core	55298	笾	tlp	40000		低需求冷僻单字；含字词组保留	8	0.87541423	77	0.86965441	not_applicable
moc_wubi86_core	55303	笾	tlpu	39999		低需求冷僻单字；含字词组保留	8	0.87541423	77	0.86965441	not_applicable
moc_wubi86_core	55612	知情不举	tngi	40000		古旧书面表达，按现代日常及工科用途审核	5	0.98746699	4	0.95011004	not_applicable
moc_wubi86_core	55739	释典	toma	40000		古旧称谓、文言短词或低需求历史用语	2	0.98589334	53	0.86946772	not_applicable
moc_wubi86_core	55871	管宁割席	tppy	40000		古旧书面表达，按现代日常及工科用途审核	2	0.99521347	3	0.96734155	not_applicable
moc_wubi86_core	55875	入室操戈	tpra	40000		古旧书面表达，按现代日常及工科用途审核	unknown	unknown	unknown	unknown	not_applicable
moc_wubi86_core	55907	徙宅忘妻	tpyg	40000		古旧书面表达，按现代日常及工科用途审核	unknown	unknown	unknown	unknown	not_applicable
moc_wubi86_core	55954	循名责实	tqgp	40000		古旧书面表达，按现代日常及工科用途审核	6	0.98544234	7	0.91110255	not_applicable
moc_wubi86_core	55986	徇情	tqng	39998		古旧称谓、文言短词或低需求历史用语	1	0.99523694	36	0.90357404	not_applicable
moc_wubi86_core	56022	衔枚	tqst	39999		古旧称谓、文言短词或低需求历史用语	20	0.88527796	58	0.86163648	not_applicable
moc_wubi86_core	56374	我醉欲眠	tswh	40000		古旧书面表达，按现代日常及工科用途审核	2	0.99521347	unknown	unknown	not_applicable
moc_wubi86_core	56390	躬逢其盛	ttad	40000		古旧书面表达，按现代日常及工科用途审核	6	0.98544234	12	0.85687720	not_applicable
moc_wubi86_core	56410	积微成著	ttda	40000		古旧书面表达，按现代日常及工科用途审核	3	0.99251761	2	0.98927157	not_applicable
moc_wubi86_core	56475	积德累功	ttla	40000		古旧书面表达，按现代日常及工科用途审核	unknown	unknown	5	0.93872139	not_applicable
moc_wubi86_core	56478	鹅行鸭步	ttlh	40000		古旧书面表达，按现代日常及工科用途审核	unknown	unknown	unknown	unknown	not_applicable
moc_wubi86_core	56644	委决不下	tugg	39995		古旧书面表达，按现代日常及工科用途审核	unknown	unknown	2	0.98927157	not_applicable
moc_wubi86_core	56693	乱头粗服	tuoe	40000		古旧书面表达，按现代日常及工科用途审核	unknown	unknown	unknown	unknown	not_applicable
moc_wubi86_core	56737	乞浆得酒	tuti	39997		古旧书面表达，按现代日常及工科用途审核	unknown	unknown	unknown	unknown	not_applicable
moc_wubi86_core	56806	簋	tvel	40000		低需求冷僻单字；含字词组保留	174	0.47159539	1457	0.46047025	not_applicable
moc_wubi86_core	56817	委琐	tvgi	40000		古旧称谓、文言短词或低需求历史用语	9	0.93665473	3	0.99250774	not_applicable
moc_wubi86_core	56873	魏阙	tvuu	40000		古旧称谓、文言短词或低需求历史用语	5	0.96189549	17	0.94856239	not_applicable
moc_wubi86_core	56967	知命之年	twpr	40000		古旧书面表达，按现代日常及工科用途审核	4	0.98982174	10	0.87655150	not_applicable
moc_wubi86_core	56975	答拜	twrd	39998		古旧称谓、文言短词或低需求历史用语	6	0.95490735	38	0.89946285	not_applicable
moc_wubi86_core	56977	签押	twrl	40000		古旧称谓、文言短词或低需求历史用语	3	0.97721030	28	0.92128777	not_applicable
moc_wubi86_core	56987	稔知	twtd	40000		古旧称谓、文言短词或低需求历史用语	3	0.97721030	17	0.94856239	not_applicable
moc_wubi86_core	57017	稔熟	twyb	40000		古旧称谓、文言短词或低需求历史用语	12	0.92111393	43	0.88838091	not_applicable
moc_wubi86_core	57167	入主出奴	tybv	40000		古旧书面表达，按现代日常及工科用途审核	2	0.99521347	8	0.90055018	not_applicable
moc_wubi86_core	57322	物离乡贵	tyxk	40000		古旧书面表达，按现代日常及工科用途审核	1	0.99829445	unknown	unknown	not_applicable
moc_wubi86_core	57416	兰薰桂馥	uast	40000		古旧书面表达，按现代日常及工科用途审核	3	0.99251761	unknown	unknown	not_applicable
moc_wubi86_core	57473	逆取顺守	ubkp	40000		古旧书面表达，按现代日常及工科用途审核	4	0.98982174	12	0.85687720	not_applicable
moc_wubi86_core	57587	衮衮	ucuc	40000		古旧称谓、文言短词或低需求历史用语	6	0.95490735	17	0.94856239	not_applicable
moc_wubi86_core	57596	冯妇	ucvv	40000		古旧称谓、文言短词或低需求历史用语	3	0.97721030	13	0.95991378	not_applicable
moc_wubi86_core	57821	闼	udp	39999		低需求冷僻单字；含字词组保留	28	0.72984062	598	0.60888433	not_applicable
moc_wubi86_core	57828	闼	udpi	39999		低需求冷僻单字；含字词组保留	28	0.72984062	598	0.60888433	not_applicable
moc_wubi86_core	58000	剖腹藏珠	ueag	40000		古旧书面表达，按现代日常及工科用途审核	unknown	unknown	unknown	unknown	not_applicable
moc_wubi86_core	58107	剪径	uetc	40000		古旧称谓、文言短词或低需求历史用语	10	0.93110941	unknown	unknown	not_applicable
moc_wubi86_core	58191	斗胜	ufet	40000		古旧称谓、文言短词或低需求历史用语	2	0.98589334	20	0.94113966	not_applicable
moc_wubi86_core	58287	北坡镇	ufqf	40000		零散地方设施、品牌或人名，非通用词汇	unknown	unknown	unknown	unknown	not_applicable
moc_wubi86_core	58293	六朝金粉	ufqo	40000		古旧书面表达，按现代日常及工科用途审核	6	0.98544234	11	0.86695643	not_applicable
moc_wubi86_core	58634	羞与为伍	ugyw	39998		古旧书面表达，按现代日常及工科用途审核	7	0.98340669	7	0.91110255	not_applicable
moc_wubi86_core	58674	阒寂	uhph	39999		古旧称谓、文言短词或低需求历史用语	2	0.98589334	5	0.98595418	not_applicable
moc_wubi86_core	58676	阒然	uhqd	40000		古旧称谓、文言短词或低需求历史用语	3	0.97721030	3	0.99250774	not_applicable
moc_wubi86_core	58723	斗酒百篇	uidt	40000		古旧书面表达，按现代日常及工科用途审核	unknown	unknown	unknown	unknown	not_applicable
moc_wubi86_core	58779	前清后欠	uirq	40000		古旧书面表达，按现代日常及工科用途审核	unknown	unknown	unknown	unknown	not_applicable
moc_wubi86_core	58816	资深望重	uiyt	40000		古旧书面表达，按现代日常及工科用途审核	1	0.99829445	2	0.98927157	not_applicable
moc_wubi86_core	58844	音耗	ujdi	40000		古旧称谓、文言短词或低需求历史用语	2	0.98589334	2	0.99769669	not_applicable
moc_wubi86_core	58849	并日而食	ujdw	40000		古旧书面表达，按现代日常及工科用途审核	unknown	unknown	5	0.93872139	not_applicable
moc_wubi86_core	58896	阊	ujjd	40000		低需求冷僻单字；含字词组保留	2	0.96946505	232	0.74751460	not_applicable
moc_wubi86_core	59068	竟夜	ujyw	39999		古旧称谓、文言短词或低需求历史用语	3	0.97721030	6	0.98157355	not_applicable
moc_wubi86_core	59304	斗转参横	ulcs	40000		古旧书面表达，按现代日常及工科用途审核	unknown	unknown	unknown	unknown	not_applicable
moc_wubi86_core	59346	阃	uls	40000		低需求冷僻单字；含字词组保留	23	0.75595708	216	0.75690390	not_applicable
moc_wubi86_core	59348	阃	ulsi	40000		低需求冷僻单字；含字词组保留	23	0.75595708	216	0.75690390	not_applicable
moc_wubi86_core	59359	兰因絮果	ulvj	40000		古旧书面表达，按现代日常及工科用途审核	13	0.97495599	2	0.98927157	not_applicable
moc_wubi86_core	59412	病骨支离	umfy	40000		古旧书面表达，按现代日常及工科用途审核	3	0.99251761	2	0.98927157	not_applicable
moc_wubi86_core	59455	敝屣	umnt	40000		古旧称谓、文言短词或低需求历史用语	7	0.94839725	24	0.93081389	not_applicable
moc_wubi86_core	59501	旁见侧出	umwb	40000		古旧书面表达，按现代日常及工科用途审核	unknown	unknown	3	0.96734155	not_applicable
moc_wubi86_core	59565	交臂失之	unrp	40000		古旧书面表达，按现代日常及工科用途审核	unknown	unknown	unknown	unknown	not_applicable
moc_wubi86_core	59679	郊寒岛瘦	upqu	40000		古旧书面表达，按现代日常及工科用途审核	4	0.98982174	8	0.90055018	not_applicable
moc_wubi86_core	59702	阍	uqa	40000		低需求冷僻单字；含字词组保留	10	0.85166483	121	0.82349692	not_applicable
moc_wubi86_core	59710	阍	uqaj	39999		低需求冷僻单字；含字词组保留	10	0.85166483	121	0.82349692	not_applicable
moc_wubi86_core	59775	效颦	uqhi	40000		古旧称谓、文言短词或低需求历史用语	14	0.91112714	38	0.89946285	not_applicable
moc_wubi86_core	59778	恣睢	uqhw	40000		古旧称谓、文言短词或低需求历史用语	18	0.89319612	42	0.89077113	not_applicable
moc_wubi86_core	59834	交臂	uqnk	40000		古旧称谓、文言短词或低需求历史用语	6	0.95490735	23	0.93341272	not_applicable
moc_wubi86_core	59866	交拜	uqrd	39999		古旧称谓、文言短词或低需求历史用语	unknown	unknown	15	0.95406425	not_applicable
moc_wubi86_core	59989	羊质虎皮	urhh	40000		古旧书面表达，按现代日常及工科用途审核	unknown	unknown	9	0.88769806	not_applicable
moc_wubi86_core	59994	斗批改	urnt	40000		古旧称谓、文言短词或低需求历史用语	unknown	unknown	53	0.86965009	not_applicable
moc_wubi86_core	60105	尊驾	uslk	40000		古旧称谓、文言短词或低需求历史用语	13	0.91623788	15	0.95406425	not_applicable
moc_wubi86_core	60195	尊颜	usut	40000		古旧称谓、文言短词或低需求历史用语	unknown	unknown	9	0.97171714	not_applicable
moc_wubi86_core	60456	道旁苦李	uuas	40000		古旧书面表达，按现代日常及工科用途审核	1	0.99829445	unknown	unknown	not_applicable
moc_wubi86_core	60477	闭门觅句	uueq	40000		古旧书面表达，按现代日常及工科用途审核	1	0.99829445	6	0.92341549	not_applicable
moc_wubi86_core	60568	立决	uuun	40000		古旧称谓、文言短词或低需求历史用语	3	0.97721030	39	0.89708132	not_applicable
moc_wubi86_core	60579	立候	uuwh	40000		古旧称谓、文言短词或低需求历史用语	5	0.96189549	unknown	unknown	not_applicable
moc_wubi86_core	60588	阙疑	uuxt	40000		古旧称谓、文言短词或低需求历史用语	3	0.97721030	35	0.90562528	not_applicable
moc_wubi86_core	60837	兼弱攻昧	uxaj	40000		古旧书面表达，按现代日常及工科用途审核	5	0.98746699	7	0.91110255	not_applicable
moc_wubi86_core	60879	凝碧	uxgr	39999		古旧称谓、文言短词或低需求历史用语	3	0.97721030	13	0.95991378	not_applicable
moc_wubi86_core	60897	兹日	uxjj	40000		古旧称谓、文言短词或低需求历史用语	unknown	unknown	unknown	unknown	not_applicable
moc_wubi86_core	60914	弊绝风清	uxmi	40000		古旧书面表达，按现代日常及工科用途审核	1	0.99829445	2	0.98927157	not_applicable
moc_wubi86_core	60970	慈颜	uxut	39998		古旧称谓、文言短词或低需求历史用语	3	0.97721030	23	0.93341272	not_applicable
moc_wubi86_core	61020	阆苑	uyaq	40000		古旧称谓、文言短词或低需求历史用语	5	0.96189549	53	0.86946772	not_applicable
moc_wubi86_core	61068	疾言遽色	uyhq	40000		古旧书面表达，按现代日常及工科用途审核	unknown	unknown	7	0.91110255	not_applicable
moc_wubi86_core	61176	阆	uyv	40000		低需求冷僻单字；含字词组保留	12	0.83091368	316	0.70711693	not_applicable
moc_wubi86_core	61177	阆	uyve	40000		低需求冷僻单字；含字词组保留	12	0.83091368	316	0.70711693	not_applicable
moc_wubi86_core	61319	如堕烟海	vboi	40000		古旧书面表达，按现代日常及工科用途审核	1	0.99829445	unknown	unknown	not_applicable
moc_wubi86_core	61495	群而不党	vdgi	40000		古旧书面表达，按现代日常及工科用途审核	7	0.98340669	8	0.90055018	not_applicable
moc_wubi86_core	61503	刀耕火耨	vdod	40000		古旧书面表达，按现代日常及工科用途审核	1	0.99829445	unknown	unknown	not_applicable
moc_wubi86_core	61526	鼠肚鸡肠	vece	40000		古旧书面表达，按现代日常及工科用途审核	unknown	unknown	unknown	unknown	not_applicable
moc_wubi86_core	61612	退佃	vewl	40000		古旧称谓、文言短词或低需求历史用语	7	0.94839725	5	0.98595418	not_applicable
moc_wubi86_core	61878	肃敬	viaq	40000		古旧称谓、文言短词或低需求历史用语	2	0.98589334	46	0.88283559	not_applicable
moc_wubi86_core	61968	隶卒	viyw	40000		古旧称谓、文言短词或低需求历史用语	5	0.96189549	14	0.95694990	not_applicable
moc_wubi86_core	61979	如蝇逐臭	vjet	40000		古旧书面表达，按现代日常及工科用途审核	5	0.98746699	unknown	unknown	not_applicable
moc_wubi86_core	62010	如日方升	vjyt	40000		古旧书面表达，按现代日常及工科用途审核	3	0.99251761	2	0.98927157	not_applicable
moc_wubi86_core	62142	如风过耳	vmfb	40000		古旧书面表达，按现代日常及工科用途审核	unknown	unknown	unknown	unknown	not_applicable
moc_wubi86_core	62149	好肉剜疮	vmpu	40000		古旧书面表达，按现代日常及工科用途审核	unknown	unknown	unknown	unknown	not_applicable
moc_wubi86_core	62154	妖由人兴	vmwi	40000		古旧书面表达，按现代日常及工科用途审核	unknown	unknown	3	0.96734155	not_applicable
moc_wubi86_core	62155	刀山剑树	vmws	40000		古旧书面表达，按现代日常及工科用途审核	unknown	unknown	8	0.90055018	not_applicable
moc_wubi86_core	62311	婉顺	vpkd	40000		古旧称谓、文言短词或低需求历史用语	9	0.93665473	55	0.86617356	not_applicable
moc_wubi86_core	62331	鼠窃狗偷	vpqw	40000		古旧书面表达，按现代日常及工科用途审核	1	0.99829445	4	0.95011004	not_applicable
moc_wubi86_core	62344	婉辞	vptd	40000		古旧称谓、文言短词或低需求历史用语	5	0.96189549	62	0.85482217	not_applicable
moc_wubi86_core	62357	巡缉	vpxk	40000		古旧称谓、文言短词或低需求历史用语	unknown	unknown	64	0.85121510	not_applicable
moc_wubi86_core	62401	如狼牧羊	vqtu	40000		古旧书面表达，按现代日常及工科用途审核	1	0.99829445	unknown	unknown	not_applicable
moc_wubi86_core	62404	婚媾	vqvf	40000		古旧称谓、文言短词或低需求历史用语	6	0.95490735	16	0.95135243	not_applicable
moc_wubi86_core	62407	如解倒悬	vqwe	40000		古旧书面表达，按现代日常及工科用途审核	unknown	unknown	3	0.96734155	not_applicable
moc_wubi86_core	62413	刀锯斧钺	vqwq	40000		古旧书面表达，按现代日常及工科用途审核	unknown	unknown	unknown	unknown	not_applicable
moc_wubi86_core	62438	如牛负重	vrqt	40000		古旧书面表达，按现代日常及工科用途审核	1	0.99829445	unknown	unknown	not_applicable
moc_wubi86_core	62485	寻枝摘叶	vsrk	40000		古旧书面表达，按现代日常及工科用途审核	unknown	unknown	unknown	unknown	not_applicable
moc_wubi86_core	62839	妙绝时人	vxjw	40000		古旧书面表达，按现代日常及工科用途审核	unknown	unknown	5	0.93872139	not_applicable
moc_wubi86_core	62880	妙语解颐	vyqa	40000		古旧书面表达，按现代日常及工科用途审核	unknown	unknown	unknown	unknown	not_applicable
moc_wubi86_core	62920	傍花随柳	wabs	40000		古旧书面表达，按现代日常及工科用途审核	unknown	unknown	unknown	unknown	not_applicable
moc_wubi86_core	62922	人莫予毒	wacg	40000		古旧书面表达，按现代日常及工科用途审核	1	0.99829445	3	0.96734155	not_applicable
moc_wubi86_core	63049	伛偻	wawo	39998		古旧称谓、文言短词或低需求历史用语	13	0.91623788	18	0.94598964	not_applicable
moc_wubi86_core	63086	倾耳而听	wbdk	40000		古旧书面表达，按现代日常及工科用途审核	3	0.99251761	3	0.96734155	not_applicable
moc_wubi86_core	63260	俟机	wcsm	40000		古旧称谓、文言短词或低需求历史用语	1	0.99523694	23	0.93341272	not_applicable
moc_wubi86_core	63262	余勇可贾	wcss	40000		古旧书面表达，按现代日常及工科用途审核	3	0.99251761	unknown	unknown	not_applicable
moc_wubi86_core	63263	倚马可待	wcst	40000		古旧书面表达，按现代日常及工科用途审核	6	0.98544234	unknown	unknown	not_applicable
moc_wubi86_core	63279	倚马千言	wcty	40000		古旧书面表达，按现代日常及工科用途审核	3	0.99251761	3	0.96734155	not_applicable
moc_wubi86_core	63293	翁媪	wcvj	40000		古旧称谓、文言短词或低需求历史用语	1	0.99523694	9	0.97171714	not_applicable
moc_wubi86_core	63304	仰观俯察	wcwp	40000		古旧书面表达，按现代日常及工科用途审核	1	0.99829445	7	0.91110255	not_applicable
moc_wubi86_core	63339	亿万斯年	wdar	40000		古旧书面表达，按现代日常及工科用途审核	6	0.98544234	9	0.88769806	not_applicable
moc_wubi86_core	63377	人存政举	wdgi	39998		古旧书面表达，按现代日常及工科用途审核	1	0.99829445	2	0.98927157	not_applicable
moc_wubi86_core	63425	倚翠	wdny	39999		古旧称谓、文言短词或低需求历史用语	unknown	unknown	unknown	unknown	not_applicable
moc_wubi86_core	63473	倚门	wduy	40000		古旧称谓、文言短词或低需求历史用语	18	0.89319612	18	0.94598964	not_applicable
moc_wubi86_core	63633	依违两可	wfgs	40000		古旧书面表达，按现代日常及工科用途审核	2	0.99521347	unknown	unknown	not_applicable
moc_wubi86_core	63790	含垢忍辱	wfvd	40000		古旧书面表达，按现代日常及工科用途审核	3	0.99251761	unknown	unknown	not_applicable
moc_wubi86_core	63854	食不甘味	wgak	39999		古旧书面表达，按现代日常及工科用途审核	18	0.96923415	5	0.93872139	not_applicable
moc_wubi86_core	64087	敛容	wgpw	39998		古旧称谓、文言短词或低需求历史用语	5	0.96189549	26	0.92596391	not_applicable
moc_wubi86_core	64165	傲物	wgtr	39999		古旧称谓、文言短词或低需求历史用语	10	0.93110941	11	0.96562424	not_applicable
moc_wubi86_core	64167	命笔	wgtt	39997		古旧称谓、文言短词或低需求历史用语	3	0.97721030	19	0.94359942	not_applicable
moc_wubi86_core	64261	傲睨万物	whdt	40000		古旧书面表达，按现代日常及工科用途审核	unknown	unknown	unknown	unknown	not_applicable
moc_wubi86_core	64274	候教	whft	40000		古旧称谓、文言短词或低需求历史用语	7	0.94839725	8	0.97497653	not_applicable
moc_wubi86_core	64300	候驾	whlk	40000		古旧称谓、文言短词或低需求历史用语	1	0.99523694	8	0.97497653	not_applicable
moc_wubi86_core	64325	倏尔	whqi	40000		古旧称谓、文言短词或低需求历史用语	19	0.88954560	9	0.97171714	not_applicable
moc_wubi86_core	64333	候缺	whrm	40000		古旧称谓、文言短词或低需求历史用语	3	0.97721030	16	0.95135243	not_applicable
moc_wubi86_core	64341	佛眼相看	whsr	40000		古旧书面表达，按现代日常及工科用途审核	unknown	unknown	unknown	unknown	not_applicable
moc_wubi86_core	64420	俟河之清	wipi	40000		古旧书面表达，按现代日常及工科用途审核	4	0.98982174	7	0.91110255	not_applicable
moc_wubi86_core	64433	倒海翻江	witi	39998		古旧书面表达，按现代日常及工科用途审核	6	0.98544234	6	0.92341549	not_applicable
moc_wubi86_core	64479	今是昨非	wjjd	40000		古旧书面表达，按现代日常及工科用途审核	3	0.99251761	unknown	unknown	not_applicable
moc_wubi86_core	64688	焦国标	wlsf	40000		零散地方设施、品牌或人名，非通用词汇	unknown	unknown	unknown	unknown	not_applicable
moc_wubi86_core	64721	倒凤颠鸾	wmfy	40000		古旧书面表达，按现代日常及工科用途审核	1	0.99829445	2	0.98927157	not_applicable
moc_wubi86_core	64756	食肉寝皮	wmph	40000		古旧书面表达，按现代日常及工科用途审核	4	0.98982174	unknown	unknown	not_applicable
moc_wubi86_core	64777	侧闻	wmub	40000		古旧称谓、文言短词或低需求历史用语	3	0.97721030	2	0.99769669	not_applicable
moc_wubi86_core	64796	谷贱伤农	wmwp	40000		古旧书面表达，按现代日常及工科用途审核	22	0.93043574	3	0.96734155	not_applicable
moc_wubi86_core	64877	倾心吐胆	wnke	40000		古旧书面表达，按现代日常及工科用途审核	unknown	unknown	unknown	unknown	not_applicable
moc_wubi86_core	64937	坐以待旦	wntj	40000		古旧书面表达，按现代日常及工科用途审核	5	0.98746699	unknown	unknown	not_applicable
moc_wubi86_core	64940	假以辞色	wntq	40000		古旧书面表达，按现代日常及工科用途审核	3	0.99251761	2	0.98927157	not_applicable
moc_wubi86_core	65007	拿糖作醋	wows	40000		古旧书面表达，按现代日常及工科用途审核	unknown	unknown	unknown	unknown	not_applicable
moc_wubi86_core	65017	傅粉施朱	woyr	40000		古旧书面表达，按现代日常及工科用途审核	4	0.98982174	5	0.93872139	not_applicable
moc_wubi86_core	65040	伫足	wpkh	40000		古旧称谓、文言短词或低需求历史用语	5	0.96189549	49	0.87712513	not_applicable
moc_wubi86_core	65056	傧相	wpsh	40000		古旧称谓、文言短词或低需求历史用语	3	0.97721030	45	0.88443486	not_applicable
moc_wubi86_core	65067	伫候	wpwh	40000		古旧称谓、文言短词或低需求历史用语	2	0.98589334	7	0.97768835	not_applicable
moc_wubi86_core	65068	倥侗	wpwm	40000		古旧称谓、文言短词或低需求历史用语	6	0.95490735	3	0.99250774	not_applicable
moc_wubi86_core	65077	伫望	wpyn	40000		古旧称谓、文言短词或低需求历史用语	1	0.99523694	7	0.97768835	not_applicable
moc_wubi86_core	65091	仰承	wqbd	39999		古旧称谓、文言短词或低需求历史用语	1	0.99523694	60	0.85815979	not_applicable
moc_wubi86_core	65185	父执	wqrv	39999		古旧称谓、文言短词或低需求历史用语	1	0.99523694	16	0.95135243	not_applicable
moc_wubi86_core	65244	侈靡	wqys	40000		古旧称谓、文言短词或低需求历史用语	7	0.94839725	62	0.85482217	not_applicable
moc_wubi86_core	65257	倒持泰阿	wrdb	40000		古旧书面表达，按现代日常及工科用途审核	unknown	unknown	unknown	unknown	not_applicable
moc_wubi86_core	65388	体惜	wsna	40000		古旧称谓、文言短词或低需求历史用语	unknown	unknown	5	0.98595418	not_applicable
moc_wubi86_core	65391	体己	wsnn	40000		古旧称谓、文言短词或低需求历史用语	20	0.88527796	3	0.99250774	not_applicable
moc_wubi86_core	65411	何极	wsse	40000		古旧称谓、文言短词或低需求历史用语	1	0.99523694	6	0.98157355	not_applicable
moc_wubi86_core	65437	剑树刀山	wsvm	40000		古旧书面表达，按现代日常及工科用途审核	1	0.99829445	3	0.96734155	not_applicable
moc_wubi86_core	65448	体念	wswy	39999		古旧称谓、文言短词或低需求历史用语	10	0.93110941	44	0.88623405	not_applicable
moc_wubi86_core	65726	俄顷	wtxd	39999		古旧称谓、文言短词或低需求历史用语	18	0.89319612	30	0.91683760	not_applicable
moc_wubi86_core	65782	倚门卖笑	wuft	40000		古旧书面表达，按现代日常及工科用途审核	1	0.99829445	3	0.96734155	not_applicable
moc_wubi86_core	65802	伴当	wuiv	40000		古旧称谓、文言短词或低需求历史用语	16	0.90151410	44	0.88623405	not_applicable
moc_wubi86_core	65863	佛头着粪	wuuo	40000		古旧书面表达，按现代日常及工科用途审核	4	0.98982174	unknown	unknown	not_applicable
moc_wubi86_core	65897	分阴	wvbe	40000		古旧称谓、文言短词或低需求历史用语	6	0.95490735	51	0.87316170	not_applicable
moc_wubi86_core	65955	侵晨	wvjd	39999		古旧称谓、文言短词或低需求历史用语	unknown	unknown	unknown	unknown	not_applicable
moc_wubi86_core	66006	分之	wvpp	40000		不完整片段、明显错误或过度零散的口语拼接	unknown	unknown	3	0.99250774	not_applicable
moc_wubi86_core	66253	仆仆风尘	wwmi	40000		古旧书面表达，按现代日常及工科用途审核	1	0.99829445	10	0.87655150	not_applicable
moc_wubi86_core	66497	华胄	wxme	40000		古旧称谓、文言短词或低需求历史用语	5	0.96189549	53	0.86946772	not_applicable
moc_wubi86_core	66509	人给家足	wxpk	40000		古旧书面表达，按现代日常及工科用途审核	1	0.99829445	6	0.92341549	not_applicable
moc_wubi86_core	66576	化斋	wxyd	40000		古旧称谓、文言短词或低需求历史用语	5	0.96189549	34	0.90780690	not_applicable
moc_wubi86_core	66633	俯允	wycq	40000		古旧称谓、文言短词或低需求历史用语	1	0.99523694	unknown	unknown	not_applicable
moc_wubi86_core	66899	人亡物在	wytd	39998		古旧书面表达，按现代日常及工科用途审核	unknown	unknown	2	0.98927157	not_applicable
moc_wubi86_core	66994	食斋	wyyd	40000		古旧称谓、文言短词或低需求历史用语	1	0.99523694	33	0.90997984	not_applicable
moc_wubi86_core	66997	俯就	wyyi	40000		古旧称谓、文言短词或低需求历史用语	13	0.91623788	6	0.98157355	not_applicable
moc_wubi86_core	67149	弭患	xbkk	40000		古旧称谓、文言短词或低需求历史用语	5	0.96189549	8	0.97497653	not_applicable
moc_wubi86_core	67175	引颈受戮	xcen	40000		古旧书面表达，按现代日常及工科用途审核	10	0.97870819	unknown	unknown	not_applicable
moc_wubi86_core	67216	经售	xcwy	39999		古旧称谓、文言短词或低需求历史用语	unknown	unknown	11	0.96562424	not_applicable
moc_wubi86_core	67244	细大不捐	xdgr	40000		古旧书面表达，按现代日常及工科用途审核	7	0.98340669	unknown	unknown	not_applicable
moc_wubi86_core	67282	引而伸之	xdwp	40000		古旧书面表达，按现代日常及工科用途审核	unknown	unknown	unknown	unknown	not_applicable
moc_wubi86_core	67287	绮绣	xdxt	40000		古旧称谓、文言短词或低需求历史用语	5	0.96189549	10	0.96854466	not_applicable
moc_wubi86_core	67289	绮靡	xdys	40000		古旧称谓、文言短词或低需求历史用语	7	0.94839725	42	0.89077113	not_applicable
moc_wubi86_core	67518	弱不胜衣	xgey	40000		古旧书面表达，按现代日常及工科用途审核	1	0.99829445	3	0.96734155	not_applicable
moc_wubi86_core	67560	终天之恨	xgpn	40000		古旧书面表达，按现代日常及工科用途审核	unknown	unknown	1	0.99903169	not_applicable
moc_wubi86_core	67844	绳墨	xklf	40000		古旧称谓、文言短词或低需求历史用语	15	0.90613809	62	0.85482217	not_applicable
moc_wubi86_core	68033	纳彩	xmes	40000		古旧称谓、文言短词或低需求历史用语	1	0.99523694	11	0.96562424	not_applicable
moc_wubi86_core	68040	引风吹火	xmko	40000		古旧书面表达，按现代日常及工科用途审核	unknown	unknown	unknown	unknown	not_applicable
moc_wubi86_core	68045	纶巾羽扇	xmny	40000		古旧书面表达，按现代日常及工科用途审核	3	0.99251761	unknown	unknown	not_applicable
moc_wubi86_core	68150	红情绿意	xnxu	40000		古旧书面表达，按现代日常及工科用途审核	3	0.99251761	unknown	unknown	not_applicable
moc_wubi86_core	68160	缕陈	xoba	40000		古旧称谓、文言短词或低需求历史用语	unknown	unknown	2	0.99769669	not_applicable
moc_wubi86_core	68178	缕析	xosr	40000		古旧称谓、文言短词或低需求历史用语	7	0.94839725	14	0.95694990	not_applicable
moc_wubi86_core	68179	缕述	xosy	40000		古旧称谓、文言短词或低需求历史用语	3	0.97721030	2	0.99769669	not_applicable
moc_wubi86_core	68278	纸鹞	xqer	40000		古旧称谓、文言短词或低需求历史用语	2	0.98589334	62	0.85482217	not_applicable
moc_wubi86_core	68479	贯朽粟陈	xssb	40000		古旧书面表达，按现代日常及工科用途审核	1	0.99829445	unknown	unknown	not_applicable
moc_wubi86_core	68526	纤悉无遗	xtfk	40000		古旧书面表达，按现代日常及工科用途审核	1	0.99829445	unknown	unknown	not_applicable
moc_wubi86_core	68583	乡宦	xtpa	40000		古旧称谓、文言短词或低需求历史用语	4	0.96935299	20	0.94113966	not_applicable
moc_wubi86_core	68894	强作解人	xwqw	40000		古旧书面表达，按现代日常及工科用途审核	1	0.99829445	unknown	unknown	not_applicable
moc_wubi86_core	69171	红衰翠减	xynu	40000		古旧书面表达，按现代日常及工科用途审核	unknown	unknown	3	0.96734155	not_applicable
moc_wubi86_core	69323	度曲	yama	40000		古旧称谓、文言短词或低需求历史用语	7	0.94839725	50	0.87509995	not_applicable
moc_wubi86_core	69352	谨饬	yaqn	40000		古旧称谓、文言短词或低需求历史用语	1	0.99523694	19	0.94359942	not_applicable
moc_wubi86_core	69572	谓予不信	ycgw	40000		古旧书面表达，按现代日常及工科用途审核	3	0.99251761	2	0.98927157	not_applicable
moc_wubi86_core	69642	谲诈	ycyt	39998		古旧称谓、文言短词或低需求历史用语	unknown	unknown	unknown	unknown	not_applicable
moc_wubi86_core	69704	诚笃	ydtc	40000		古旧称谓、文言短词或低需求历史用语	2	0.98589334	61	0.85641275	not_applicable
moc_wubi86_core	69728	哀矜	yecb	40000		古旧称谓、文言短词或低需求历史用语	12	0.92111393	28	0.92128777	not_applicable
moc_wubi86_core	69922	庑	yfq	40000		低需求冷僻单字；含字词组保留	33	0.70624901	2524	0.36768187	not_applicable
moc_wubi86_core	69932	庑	yfqv	40000		低需求冷僻单字；含字词组保留	33	0.70624901	2524	0.36768187	not_applicable
moc_wubi86_core	70082	妄下雌黄	ygha	40000		古旧书面表达，按现代日常及工科用途审核	unknown	unknown	unknown	unknown	not_applicable
moc_wubi86_core	70097	席不暇暖	ygjj	40000		古旧书面表达，按现代日常及工科用途审核	5	0.98746699	2	0.98927157	not_applicable
moc_wubi86_core	70106	应天顺人	ygkw	40000		古旧书面表达，按现代日常及工科用途审核	unknown	unknown	12	0.85687720	not_applicable
moc_wubi86_core	70312	为虎傅翼	yhwn	40000		古旧书面表达，按现代日常及工科用途审核	unknown	unknown	9	0.88769806	not_applicable
moc_wubi86_core	70445	就道	yiut	39999		古旧称谓、文言短词或低需求历史用语	unknown	unknown	unknown	unknown	not_applicable
moc_wubi86_core	70540	谒拜	yjrd	40000		古旧称谓、文言短词或低需求历史用语	2	0.98589334	43	0.88838091	not_applicable
moc_wubi86_core	70611	调嘴弄舌	ykgt	40000		古旧书面表达，按现代日常及工科用途审核	unknown	unknown	unknown	unknown	not_applicable
moc_wubi86_core	70618	调嘴学舌	ykit	40000		古旧书面表达，按现代日常及工科用途审核	unknown	unknown	unknown	unknown	not_applicable
moc_wubi86_core	70672	庸中佼佼	ykww	40000		古旧书面表达，按现代日常及工科用途审核	1	0.99829445	3	0.96734155	not_applicable
moc_wubi86_core	70696	高车驷马	ylcc	40000		古旧书面表达，按现代日常及工科用途审核	1	0.99829445	6	0.92341549	not_applicable
moc_wubi86_core	70701	禀奏	yldw	40000		古旧称谓、文言短词或低需求历史用语	unknown	unknown	56	0.86454820	not_applicable
moc_wubi86_core	70714	为盼	ylhw	40000		不完整片段、明显错误或过度零散的口语拼接	10	0.93110941	43	0.88838091	not_applicable
moc_wubi86_core	70721	弃甲曳兵	yljr	40000		古旧书面表达，按现代日常及工科用途审核	unknown	unknown	3	0.96734155	not_applicable
moc_wubi86_core	70737	禀见	ylmq	39999		古旧称谓、文言短词或低需求历史用语	2	0.98589334	10	0.96854466	not_applicable
moc_wubi86_core	70750	衣架饭囊	ylqg	40000		古旧书面表达，按现代日常及工科用途审核	unknown	unknown	unknown	unknown	not_applicable
moc_wubi86_core	70976	望风捕影	ymrj	40000		古旧书面表达，按现代日常及工科用途审核	unknown	unknown	unknown	unknown	not_applicable
moc_wubi86_core	71037	诈败佯输	ymwl	40000		古旧书面表达，按现代日常及工科用途审核	2	0.99521347	unknown	unknown	not_applicable
moc_wubi86_core	71098	户限	ynbv	40000		古旧称谓、文言短词或低需求历史用语	unknown	unknown	unknown	unknown	not_applicable
moc_wubi86_core	71170	文恬武嬉	yngv	40000		古旧书面表达，按现代日常及工科用途审核	8	0.98170114	12	0.85687720	not_applicable
moc_wubi86_core	71348	肇端	ynum	40000		古旧称谓、文言短词或低需求历史用语	9	0.93665473	42	0.89077113	not_applicable
moc_wubi86_core	71532	亦算	yoth	40000		不完整片段、明显错误或过度零散的口语拼接	unknown	unknown	unknown	unknown	not_applicable
moc_wubi86_core	71605	言之无文	ypfy	40000		古旧书面表达，按现代日常及工科用途审核	5	0.98746699	unknown	unknown	not_applicable
moc_wubi86_core	71623	高官显爵	ypje	40000		古旧书面表达，按现代日常及工科用途审核	6	0.98544234	8	0.90055018	not_applicable
moc_wubi86_core	71738	诤友	yqdc	40000		古旧称谓、文言短词或低需求历史用语	15	0.90613809	35	0.90562528	not_applicable
moc_wubi86_core	71741	废然而返	yqdr	40000		古旧书面表达，按现代日常及工科用途审核	unknown	unknown	unknown	unknown	not_applicable
moc_wubi86_core	71742	诡奇	yqds	40000		古旧称谓、文言短词或低需求历史用语	21	0.88012377	15	0.95406425	not_applicable
moc_wubi86_core	71777	诡怪	yqnc	40000		古旧称谓、文言短词或低需求历史用语	5	0.96189549	53	0.86946772	not_applicable
moc_wubi86_core	71791	方外之人	yqpw	40000		古旧书面表达，按现代日常及工科用途审核	4	0.98982174	unknown	unknown	not_applicable
moc_wubi86_core	71822	良金美玉	yqug	40000		古旧书面表达，按现代日常及工科用途审核	1	0.99829445	3	0.96734155	not_applicable
moc_wubi86_core	71837	谗佞	yqwf	40000		古旧称谓、文言短词或低需求历史用语	4	0.96935299	32	0.91223968	not_applicable
moc_wubi86_core	71883	亵慢	yrnj	40000		古旧称谓、文言短词或低需求历史用语	1	0.99523694	3	0.99250774	not_applicable
moc_wubi86_core	71906	言近旨远	yrxf	40000		古旧书面表达，按现代日常及工科用途审核	5	0.98746699	9	0.88769806	not_applicable
moc_wubi86_core	71943	恋栈不去	ysgf	40000		古旧书面表达，按现代日常及工科用途审核	3	0.99251761	unknown	unknown	not_applicable
moc_wubi86_core	72098	庭除	ytbw	40000		古旧称谓、文言短词或低需求历史用语	2	0.98589334	15	0.95406425	not_applicable
moc_wubi86_core	72156	为德不卒	ytgy	39996		古旧书面表达，按现代日常及工科用途审核	1	0.99829445	5	0.93872139	not_applicable
moc_wubi86_core	72179	度德量力	ytjl	40000		古旧书面表达，按现代日常及工科用途审核	12	0.97612236	5	0.93872139	not_applicable
moc_wubi86_core	72199	放赈	ytmd	40000		古旧称谓、文言短词或低需求历史用语	unknown	unknown	38	0.89946285	not_applicable
moc_wubi86_core	72216	谢忱	ytnp	40000		古旧称谓、文言短词或低需求历史用语	10	0.93110941	32	0.91223968	not_applicable
moc_wubi86_core	72368	谙达	yudp	40000		古旧称谓、文言短词或低需求历史用语	1	0.99523694	47	0.88113201	not_applicable
moc_wubi86_core	72429	记问之学	yupi	40000		古旧书面表达，按现代日常及工科用途审核	unknown	unknown	unknown	unknown	not_applicable
moc_wubi86_core	72439	望门投止	yurh	40000		古旧书面表达，按现代日常及工科用途审核	1	0.99829445	12	0.85687720	not_applicable
moc_wubi86_core	72472	谙练	yuxa	40000		古旧称谓、文言短词或低需求历史用语	2	0.98589334	34	0.90780690	not_applicable
moc_wubi86_core	72531	庚帖	yvmh	40000		古旧称谓、文言短词或低需求历史用语	13	0.91623788	5	0.98595418	not_applicable
moc_wubi86_core	72561	文君新寡	yvup	40000		古旧书面表达，按现代日常及工科用途审核	5	0.98746699	3	0.96734155	not_applicable
moc_wubi86_core	72605	为丛驱雀	ywci	40000		古旧书面表达，按现代日常及工科用途审核	3	0.99251761	unknown	unknown	not_applicable
moc_wubi86_core	72633	衣食不周	ywgm	40000		古旧书面表达，按现代日常及工科用途审核	1	0.99829445	2	0.98927157	not_applicable
moc_wubi86_core	72814	壅蔽	yxau	40000		古旧称谓、文言短词或低需求历史用语	7	0.94839725	36	0.90357404	not_applicable
moc_wubi86_core	72850	率然	yxqd	40000		古旧称谓、文言短词或低需求历史用语	1	0.99523694	54	0.86778152	not_applicable
moc_wubi86_core	72851	率尔	yxqi	40000		古旧称谓、文言短词或低需求历史用语	unknown	unknown	42	0.89077113	not_applicable
moc_wubi86_core	72991	肩摩踵接	yykr	40000		古旧书面表达，按现代日常及工科用途审核	unknown	unknown	unknown	unknown	not_applicable
moc_wubi86_core	73125	妄言妄听	yyyk	40000		古旧书面表达，按现代日常及工科用途审核	1	0.99829445	3	0.96734155	not_applicable
moc_wubi86_extra	244	莫非王臣	adga	39998		古旧书面表达，按现代日常及工科用途审核	28	0.85222271	unknown	unknown	not_applicable
moc_wubi86_extra	987	欺山赶海	amfi	40000		古旧书面表达，按现代日常及工科用途审核	20	0.96005722	unknown	unknown	not_applicable
moc_wubi86_extra	1245	蕞尔小国	aqil	40000		古旧书面表达，按现代日常及工科用途审核	27	0.86400748	9	0.88769806	not_applicable
moc_wubi86_extra	1708	欧普康视	auyp	40000		零散地方设施、品牌或人名，非通用词汇	20	0.96005722	unknown	unknown	not_applicable
moc_wubi86_extra	1965	孽畜	awyx	40000		古旧称谓、文言短词或低需求历史用语	20	0.88527796	5	0.98595418	not_applicable
moc_wubi86_extra	4282	奇马耶夫	dcbf	40000		零散体育人物专名或圈内用语	26	0.87621039	unknown	unknown	not_applicable
moc_wubi86_extra	4325	大通中心	dckn	40000		零散地方设施、品牌或人名，非通用词汇	25	0.88840229	6	0.92341549	not_applicable
moc_wubi86_extra	4514	厄斐琉斯	ddga	39998		低需求游戏、影视专名及圈内用语	20	0.96005722	unknown	unknown	not_applicable
moc_wubi86_extra	4978	古井无波	dffi	39999		古旧书面表达，按现代日常及工科用途审核	27	0.86400748	10	0.87655150	not_applicable
moc_wubi86_extra	5065	厄运之槌	dfps	39999		低需求游戏、影视专名及圈内用语	22	0.93043574	4	0.95011004	not_applicable
moc_wubi86_extra	5716	感觉日本	dijs	40000		不完整片段、明显错误或过度零散的口语拼接	23	0.91603213	3	0.96734155	not_applicable
moc_wubi86_extra	5916	不是存心	djdn	39995		不完整片段、明显错误或过度零散的口语拼接	27	0.86400748	4	0.95011004	not_applicable
moc_wubi86_extra	6282	大败亏输	dmfl	39999		古旧书面表达，按现代日常及工科用途审核	25	0.88840229	3	0.96734155	not_applicable
moc_wubi86_extra	7227	不配做人	dsww	39996		不完整片段、明显错误或过度零散的口语拼接	24	0.90167254	unknown	unknown	not_applicable
moc_wubi86_extra	7345	不知觉的	dtir	39997		不完整片段、明显错误或过度零散的口语拼接	20	0.96005722	7	0.91110255	not_applicable
moc_wubi86_extra	8456	奈良鹿久	dyyq	40000		低需求游戏、影视专名及圈内用语	22	0.93043574	8	0.90055018	not_applicable
moc_wubi86_extra	8718	月满则亏	eimf	40000		古旧书面表达，按现代日常及工科用途审核	21	0.94502641	unknown	unknown	not_applicable
moc_wubi86_extra	9478	超大巨人	fdaw	40000		低需求游戏、影视专名及圈内用语	28	0.85222271	2	0.98927157	not_applicable
moc_wubi86_extra	9799	雷霆雨露	ffff	39993		古旧书面表达，按现代日常及工科用途审核	23	0.91603213	unknown	unknown	not_applicable
moc_wubi86_extra	9892	雷霆之怒	ffpv	40000		低需求游戏、影视专名及圈内用语	24	0.90167254	9	0.88769806	not_applicable
moc_wubi86_extra	10683	赵路老师	fkfj	40000		零散地方设施、品牌或人名，非通用词汇	27	0.86400748	unknown	unknown	not_applicable
moc_wubi86_extra	12157	越便宜的	fwpr	39999		不完整片段、明显错误或过度零散的口语拼接	20	0.96005722	unknown	unknown	not_applicable
moc_wubi86_extra	12323	都给我滚	fxti	40000		不完整片段、明显错误或过度零散的口语拼接	25	0.88840229	unknown	unknown	not_applicable
moc_wubi86_extra	12372	真谈不上	fydh	40000		不完整片段、明显错误或过度零散的口语拼接	23	0.91603213	2	0.98927157	not_applicable
moc_wubi86_extra	13561	玛琳菲森	ggas	40000		零散地方设施、品牌或人名，非通用词汇	23	0.91603213	unknown	unknown	not_applicable
moc_wubi86_extra	13949	一点点啊	ghhk	39998		不完整片段、明显错误或过度零散的口语拼接	27	0.86400748	unknown	unknown	not_applicable
moc_wubi86_extra	14372	恶果之地	gjpf	39999		低需求游戏、影视专名及圈内用语	21	0.94502641	unknown	unknown	not_applicable
moc_wubi86_extra	14632	吞风吻雨	gmkf	40000		古旧书面表达，按现代日常及工科用途审核	22	0.93043574	unknown	unknown	not_applicable
moc_wubi86_extra	14869	青灯古佛	godw	39999		古旧书面表达，按现代日常及工科用途审核	27	0.86400748	9	0.88769806	not_applicable
moc_wubi86_extra	15128	玛拉顿	grgb	40000		低需求游戏、影视专名及圈内用语	29	0.91216021	unknown	unknown	not_applicable
moc_wubi86_extra	15145	一年一张	grgx	40000		不完整片段、明显错误或过度零散的口语拼接	25	0.88840229	12	0.85687720	not_applicable
moc_wubi86_extra	15815	整首歌都	gusf	40000		不完整片段、明显错误或过度零散的口语拼接	25	0.88840229	4	0.95011004	not_applicable
moc_wubi86_extra	15904	珍妮巴斯	gvca	40000		零散地方设施、品牌或人名，非通用词汇	28	0.85222271	unknown	unknown	not_applicable
moc_wubi86_extra	16072	一拿到手	gwgr	39996		不完整片段、明显错误或过度零散的口语拼接	22	0.93043574	unknown	unknown	not_applicable
moc_wubi86_extra	16453	死亡一指	gygr	40000		低需求游戏、影视专名及圈内用语	20	0.96005722	6	0.92341549	not_applicable
moc_wubi86_extra	16521	恶魔之心	gypn	40000		低需求游戏、影视专名及圈内用语	23	0.91603213	unknown	unknown	not_applicable
moc_wubi86_extra	16559	死亡先知	gytt	39999		低需求游戏、影视专名及圈内用语	27	0.86400748	unknown	unknown	not_applicable
moc_wubi86_extra	16627	上蒸下煮	hagf	40000		古旧书面表达，按现代日常及工科用途审核	23	0.91603213	unknown	unknown	not_applicable
moc_wubi86_extra	17300	紫陌	hxbd	40000		古旧称谓、文言短词或低需求历史用语	23	0.87011091	14	0.95694990	not_applicable
moc_wubi86_extra	18075	没地方可	ifys	40000		不完整片段、明显错误或过度零散的口语拼接	26	0.87621039	2	0.98927157	not_applicable
moc_wubi86_extra	18157	法天象地	igqf	39999		古旧书面表达，按现代日常及工科用途审核	24	0.90167254	2	0.98927157	not_applicable
moc_wubi86_extra	18429	河清海晏	iiij	39999		古旧书面表达，按现代日常及工科用途审核	26	0.87621039	11	0.86695643	not_applicable
moc_wubi86_extra	18563	溯游从之	iiwp	40000		古旧书面表达，按现代日常及工科用途审核	23	0.91603213	unknown	unknown	not_applicable
moc_wubi86_extra	18564	溯洄从之	iiwp	39999		古旧书面表达，按现代日常及工科用途审核	20	0.96005722	unknown	unknown	not_applicable
moc_wubi86_extra	19418	深入不毛	itdt	39999		古旧书面表达，按现代日常及工科用途审核	21	0.94502641	6	0.92341549	not_applicable
moc_wubi86_extra	19710	江阔云低	iufw	39997		古旧书面表达，按现代日常及工科用途审核	22	0.93043574	3	0.96734155	not_applicable
moc_wubi86_extra	20364	量子恒道	jbnu	39999		零散地方设施、品牌或人名，非通用词汇	25	0.88840229	8	0.90055018	not_applicable
moc_wubi86_extra	20828	暗影萨满	jjai	39998		低需求游戏、影视专名及圈内用语	25	0.88840229	unknown	unknown	not_applicable
moc_wubi86_extra	21346	监本	jtsg	39999		古旧称谓、文言短词或低需求历史用语	22	0.87505650	63	0.85306644	not_applicable
moc_wubi86_extra	21431	暗忖	junf	40000		古旧称谓、文言短词或低需求历史用语	26	0.85686472	16	0.95135243	not_applicable
moc_wubi86_extra	22235	路引	khxh	40000		古旧称谓、文言短词或低需求历史用语	25	0.86114105	49	0.87712513	not_applicable
moc_wubi86_extra	23751	黑暗之书	ljpn	40000		低需求游戏、影视专名及圈内用语	20	0.96005722	unknown	unknown	not_applicable
moc_wubi86_extra	23764	黑暗侵袭	ljwd	40000		低需求游戏、影视专名及圈内用语	27	0.86400748	8	0.90055018	not_applicable
moc_wubi86_extra	23850	车力巨人	llaw	39999		低需求游戏、影视专名及圈内用语	27	0.86400748	4	0.95011004	not_applicable
moc_wubi86_extra	23912	黑山老妖	lmfv	40000		低需求游戏、影视专名及圈内用语	28	0.85222271	unknown	unknown	not_applicable
moc_wubi86_extra	25629	凯立德	mutf	40000		零散地方设施、品牌或人名，非通用词汇	21	0.93963274	4	0.98872180	not_applicable
moc_wubi86_extra	26217	心无挂碍	nfrd	40000		古旧书面表达，按现代日常及工科用途审核	20	0.96005722	1	0.99903169	not_applicable
moc_wubi86_extra	28359	赛雷布洛	pfdi	39999		低需求游戏、影视专名及圈内用语	21	0.94502641	2	0.98927157	not_applicable
moc_wubi86_extra	28480	裙下之臣	pgpa	40000		古旧书面表达，按现代日常及工科用途审核	22	0.93043574	unknown	unknown	not_applicable
moc_wubi86_extra	29087	宝相庄严	psyg	40000		古旧书面表达，按现代日常及工科用途审核	22	0.93043574	unknown	unknown	not_applicable
moc_wubi86_extra	29139	神秘四奥	ptlt	39998		低需求游戏、影视专名及圈内用语	20	0.96005722	unknown	unknown	not_applicable
moc_wubi86_extra	29568	宿伞之魂	pwpf	40000		低需求游戏、影视专名及圈内用语	25	0.88840229	unknown	unknown	not_applicable
moc_wubi86_extra	30728	铠之巨人	qpaw	40000		低需求游戏、影视专名及圈内用语	21	0.94502641	8	0.90055018	not_applicable
moc_wubi86_extra	32670	的小事儿	rigq	39999		不完整片段、明显错误或过度零散的口语拼接	26	0.87621039	3	0.96734155	not_applicable
moc_wubi86_extra	32718	扫清六合	riuw	40000		古旧书面表达，按现代日常及工科用途审核	25	0.88840229	unknown	unknown	not_applicable
moc_wubi86_extra	32820	手里拿个	rjww	39998		不完整片段、明显错误或过度零散的口语拼接	23	0.91603213	unknown	unknown	not_applicable
moc_wubi86_extra	33074	看情况再	rnug	40000		不完整片段、明显错误或过度零散的口语拼接	23	0.91603213	8	0.90055018	not_applicable
moc_wubi86_extra	33530	把手机号	rrsk	40000		不完整片段、明显错误或过度零散的口语拼接	22	0.93043574	unknown	unknown	not_applicable
moc_wubi86_extra	34636	拉维妮娅	rxvv	40000		零散地方设施、品牌或人名，非通用词汇	20	0.96005722	9	0.88769806	not_applicable
moc_wubi86_extra	34681	年方二八	ryfw	39998		古旧书面表达，按现代日常及工科用途审核	23	0.91603213	7	0.91110255	not_applicable
moc_wubi86_extra	35091	格雷迈恩	sfdl	40000		低需求游戏、影视专名及圈内用语	23	0.91603213	unknown	unknown	not_applicable
moc_wubi86_extra	35816	梦之女巫	spva	40000		低需求游戏、影视专名及圈内用语	22	0.93043574	5	0.93872139	not_applicable
moc_wubi86_extra	36181	西决地板	sufs	40000		零散体育人物专名或圈内用语	28	0.85222271	6	0.92341549	not_applicable
moc_wubi86_extra	36961	奥达曼	tdjl	39999		低需求游戏、影视专名及圈内用语	21	0.93963274	3	0.99298728	not_applicable
moc_wubi86_extra	37593	我真他妈	tfwv	39998		不完整片段、明显错误或过度零散的口语拼接	23	0.91603213	8	0.90055018	not_applicable
moc_wubi86_extra	38427	我没这么	tiyt	39997		不完整片段、明显错误或过度零散的口语拼接	22	0.93043574	unknown	unknown	not_applicable
moc_wubi86_extra	38558	徒呼奈何	tkdw	39998		古旧书面表达，按现代日常及工科用途审核	20	0.96005722	5	0.93872139	not_applicable
moc_wubi86_extra	38681	我国开始	tlgv	40000		不完整片段、明显错误或过度零散的口语拼接	28	0.85222271	unknown	unknown	not_applicable
moc_wubi86_extra	39154	奥尔加隆	tqlb	40000		低需求游戏、影视专名及圈内用语	24	0.90167254	unknown	unknown	not_applicable
moc_wubi86_extra	39213	我猜他是	tqwj	39999		不完整片段、明显错误或过度零散的口语拼接	24	0.90167254	3	0.96734155	not_applicable
moc_wubi86_extra	39227	我猜就是	tqyj	40000		不完整片段、明显错误或过度零散的口语拼接	20	0.96005722	unknown	unknown	not_applicable
moc_wubi86_extra	39422	我看看我	trrt	39999		不完整片段、明显错误或过度零散的口语拼接	20	0.96005722	2	0.98927157	not_applicable
moc_wubi86_extra	40641	复仇之魂	twpf	39999		低需求游戏、影视专名及圈内用语	27	0.86400748	3	0.96734155	not_applicable
moc_wubi86_extra	41385	站在巨人	udaw	39998		不完整片段、明显错误或过度零散的口语拼接	21	0.94502641	10	0.87655150	not_applicable
moc_wubi86_extra	42830	将翱将翔	uruu	40000		古旧书面表达，按现代日常及工科用途审核	21	0.94502641	3	0.96734155	not_applicable
moc_wubi86_extra	43155	道童	utuj	39994		古旧称谓、文言短词或低需求历史用语	22	0.87505650	40	0.89486493	not_applicable
moc_wubi86_extra	43857	君子固穷	vblp	40000		古旧书面表达，按现代日常及工科用途审核	21	0.94502641	6	0.92341549	not_applicable
moc_wubi86_extra	43905	那又怎么	vctt	40000		不完整片段、明显错误或过度零散的口语拼接	28	0.85222271	5	0.93872139	not_applicable
moc_wubi86_extra	44678	妈妈们都	vvwf	40000		不完整片段、明显错误或过度零散的口语拼接	23	0.91603213	4	0.95011004	not_applicable
moc_wubi86_extra	44725	那你还不	vwgd	39999		不完整片段、明显错误或过度零散的口语拼接	25	0.88840229	unknown	unknown	not_applicable
moc_wubi86_extra	44830	那你就在	vwyd	40000		不完整片段、明显错误或过度零散的口语拼接	21	0.94502641	unknown	unknown	not_applicable
moc_wubi86_extra	45210	你能怎么	wctt	40000		不完整片段、明显错误或过度零散的口语拼接	28	0.85222271	unknown	unknown	not_applicable
moc_wubi86_extra	45322	你不是有	wdjd	39998		不完整片段、明显错误或过度零散的口语拼接	26	0.87621039	unknown	unknown	not_applicable
moc_wubi86_extra	45412	食不知味	wdtk	39997		古旧书面表达，按现代日常及工科用途审核	22	0.93043574	7	0.91110255	not_applicable
moc_wubi86_extra	45417	你帮我把	wdtr	39999		不完整片段、明显错误或过度零散的口语拼接	28	0.85222271	3	0.96734155	not_applicable
moc_wubi86_extra	45781	你还能有	wgcd	40000		不完整片段、明显错误或过度零散的口语拼接	20	0.96005722	unknown	unknown	not_applicable
moc_wubi86_extra	46298	你早晚会	wjjw	40000		不完整片段、明显错误或过度零散的口语拼接	27	0.86400748	2	0.98927157	not_applicable
moc_wubi86_extra	46629	人同此心	wmhn	39999		古旧书面表达，按现代日常及工科用途审核	22	0.93043574	3	0.96734155	not_applicable
moc_wubi86_extra	47789	斜睨	wthv	39998		古旧称谓、文言短词或低需求历史用语	21	0.88012377	3	0.99250774	not_applicable
moc_wubi86_extra	48311	倾盖如故	wuvd	40000		古旧书面表达，按现代日常及工科用途审核	23	0.91603213	unknown	unknown	not_applicable
moc_wubi86_extra	48387	登录中国	wvkl	39999		不完整片段、明显错误或过度零散的口语拼接	28	0.85222271	9	0.88769806	not_applicable
moc_wubi86_extra	48611	你倒是给	wwjx	40000		不完整片段、明显错误或过度零散的口语拼接	22	0.93043574	unknown	unknown	not_applicable
moc_wubi86_extra	48885	假人假义	wwwy	39995		古旧书面表达，按现代日常及工科用途审核	unknown	unknown	unknown	unknown	not_applicable
moc_wubi86_extra	48922	但从这个	wwyw	39997		不完整片段、明显错误或过度零散的口语拼接	26	0.87621039	6	0.92341549	not_applicable
moc_wubi86_extra	49252	你这属于	wyng	39997		不完整片段、明显错误或过度零散的口语拼接	25	0.88840229	unknown	unknown	not_applicable
moc_wubi86_extra	51426	应支付的	yfwr	39999		不完整片段、明显错误或过度零散的口语拼接	20	0.96005722	12	0.85687720	not_applicable
moc_wubi86_extra	52068	这几天有	ymgd	39999		不完整片段、明显错误或过度零散的口语拼接	24	0.90167254	unknown	unknown	not_applicable
moc_wubi86_extra	52336	就业率达	yoyd	40000		不完整片段、明显错误或过度零散的口语拼接	27	0.86400748	10	0.87655150	not_applicable
moc_wubi86_extra	53072	谓我何求	ytwf	39999		古旧书面表达，按现代日常及工科用途审核	28	0.85222271	unknown	unknown	not_applicable
moc_wubi86_extra	61658	Rajesh	rajesh	0		低需求英文专名、来源昵称或拼写问题，英文常用词独立保护	unknown	unknown	unknown	unknown	unknown
moc_wubi86_extra	61689	Mac OS X Cheetah	macosx	1		细分旧设备及系统版本名称，保留通用产品名称	unknown	unknown	unknown	unknown	unknown
moc_wubi86_extra	61690	Mac OS X Puma	macosx	2		细分旧设备及系统版本名称，保留通用产品名称	unknown	unknown	unknown	unknown	unknown
moc_wubi86_extra	61691	Mac OS X Jaguar	macosx	3		细分旧设备及系统版本名称，保留通用产品名称	unknown	unknown	unknown	unknown	unknown
moc_wubi86_extra	61692	Mac OS X Panther	macosx	4		细分旧设备及系统版本名称，保留通用产品名称	unknown	unknown	unknown	unknown	unknown
moc_wubi86_extra	61693	Mac OS X Tiger	macosx	5		细分旧设备及系统版本名称，保留通用产品名称	unknown	unknown	unknown	unknown	unknown
moc_wubi86_extra	61694	Mac OS X Leopard	macosx	6		细分旧设备及系统版本名称，保留通用产品名称	unknown	unknown	unknown	unknown	unknown
moc_wubi86_extra	61695	Mac OS X Snow Leopard	macosx	7		细分旧设备及系统版本名称，保留通用产品名称	unknown	unknown	unknown	unknown	unknown
moc_wubi86_extra	61697	OS X Lion	osx	1		细分旧设备及系统版本名称，保留通用产品名称	unknown	unknown	unknown	unknown	unknown
moc_wubi86_extra	61698	OS X Mountain Lion	osx	2		细分旧设备及系统版本名称，保留通用产品名称	unknown	unknown	unknown	unknown	unknown
moc_wubi86_extra	61699	OS X Mavericks	osx	3		细分旧设备及系统版本名称，保留通用产品名称	unknown	unknown	unknown	unknown	unknown
moc_wubi86_extra	61700	OS X Yosemite	osx	4		细分旧设备及系统版本名称，保留通用产品名称	unknown	unknown	unknown	unknown	unknown
moc_wubi86_extra	61701	OS X El Capitan	osx	5		细分旧设备及系统版本名称，保留通用产品名称	unknown	unknown	unknown	unknown	unknown
moc_wubi86_extra	61724	iPhone 3G	iphone3g	0		细分旧设备及系统版本名称，保留通用产品名称	unknown	unknown	unknown	unknown	unknown
moc_wubi86_extra	61725	iPhone 3GS	iphone3gs	0		细分旧设备及系统版本名称，保留通用产品名称	unknown	unknown	unknown	unknown	unknown
moc_wubi86_extra	61726	iPhone 4	iphone4	0		细分旧设备及系统版本名称，保留通用产品名称	unknown	unknown	unknown	unknown	unknown
moc_wubi86_extra	61727	iPhone 4S	iphone4s	0		细分旧设备及系统版本名称，保留通用产品名称	unknown	unknown	unknown	unknown	unknown
moc_wubi86_extra	61728	iPhone 5	iphone5	0		细分旧设备及系统版本名称，保留通用产品名称	unknown	unknown	unknown	unknown	unknown
moc_wubi86_extra	61729	iPhone 5C	iphone5c	0		细分旧设备及系统版本名称，保留通用产品名称	unknown	unknown	unknown	unknown	unknown
moc_wubi86_extra	61730	iPhone 5S	iphone5s	0		细分旧设备及系统版本名称，保留通用产品名称	unknown	unknown	unknown	unknown	unknown
moc_wubi86_extra	61731	iPhone 6	iphone6	0		细分旧设备及系统版本名称，保留通用产品名称	unknown	unknown	unknown	unknown	unknown
moc_wubi86_extra	61732	iPhone 6 Plus	iphone6plus	0		细分旧设备及系统版本名称，保留通用产品名称	unknown	unknown	unknown	unknown	unknown
moc_wubi86_extra	61733	iPhone 6S	iphone6s	0		细分旧设备及系统版本名称，保留通用产品名称	unknown	unknown	unknown	unknown	unknown
moc_wubi86_extra	61734	iPhone 6S Plus	iphone6splus	0		细分旧设备及系统版本名称，保留通用产品名称	unknown	unknown	unknown	unknown	unknown
moc_wubi86_extra	61736	iPhone 7	iphone7	0		细分旧设备及系统版本名称，保留通用产品名称	unknown	unknown	unknown	unknown	unknown
moc_wubi86_extra	61737	iPhone 7 Plus	iphone7plus	0		细分旧设备及系统版本名称，保留通用产品名称	unknown	unknown	unknown	unknown	unknown
moc_wubi86_extra	61738	iPhone 8	iphone8	0		细分旧设备及系统版本名称，保留通用产品名称	unknown	unknown	unknown	unknown	unknown
moc_wubi86_extra	61739	iPhone 8 Plus	iphone8plus	0		细分旧设备及系统版本名称，保留通用产品名称	unknown	unknown	unknown	unknown	unknown
moc_wubi86_extra	61744	iPhone 11	iphone11	0		细分旧设备及系统版本名称，保留通用产品名称	unknown	unknown	unknown	unknown	unknown
moc_wubi86_extra	61745	iPhone 11 Pro	iphone11pro	0		细分旧设备及系统版本名称，保留通用产品名称	unknown	unknown	unknown	unknown	unknown
moc_wubi86_extra	61746	iPhone 11 Pro Max	iphone11promax	0		细分旧设备及系统版本名称，保留通用产品名称	unknown	unknown	unknown	unknown	unknown
moc_wubi86_extra	61767	Mac OS X Cheetah	macosxcheetah	0		细分旧设备及系统版本名称，保留通用产品名称	unknown	unknown	unknown	unknown	unknown
moc_wubi86_extra	61768	Mac OS X Puma	macosxpuma	0		细分旧设备及系统版本名称，保留通用产品名称	unknown	unknown	unknown	unknown	unknown
moc_wubi86_extra	61769	Mac OS X Jaguar	macosxjaguar	0		细分旧设备及系统版本名称，保留通用产品名称	unknown	unknown	unknown	unknown	unknown
moc_wubi86_extra	61770	Mac OS X Panther	macosxpanther	0		细分旧设备及系统版本名称，保留通用产品名称	unknown	unknown	unknown	unknown	unknown
moc_wubi86_extra	61771	Mac OS X Tiger	macosxtiger	0		细分旧设备及系统版本名称，保留通用产品名称	unknown	unknown	unknown	unknown	unknown
moc_wubi86_extra	61772	Mac OS X Leopard	macosxleopard	0		细分旧设备及系统版本名称，保留通用产品名称	unknown	unknown	unknown	unknown	unknown
moc_wubi86_extra	61773	Mac OS X Snow Leopard	macosxsnowleopard	0		细分旧设备及系统版本名称，保留通用产品名称	unknown	unknown	unknown	unknown	unknown
moc_wubi86_extra	61774	OS X Lion	osxlion	0		细分旧设备及系统版本名称，保留通用产品名称	unknown	unknown	unknown	unknown	unknown
moc_wubi86_extra	61775	OS X Mountain Lion	osxmountainlion	0		细分旧设备及系统版本名称，保留通用产品名称	unknown	unknown	unknown	unknown	unknown
moc_wubi86_extra	61776	OS X Mavericks	osxmavericks	0		细分旧设备及系统版本名称，保留通用产品名称	unknown	unknown	unknown	unknown	unknown
moc_wubi86_extra	61777	OS X Yosemite	osxyosemite	0		细分旧设备及系统版本名称，保留通用产品名称	unknown	unknown	unknown	unknown	unknown
moc_wubi86_extra	61778	OS X El Capitan	osxelcapitan	0		细分旧设备及系统版本名称，保留通用产品名称	unknown	unknown	unknown	unknown	unknown
moc_wubi86_extra	61838	Aeron Chair	aeronchair	0		低需求英文专名、来源昵称或拼写问题，英文常用词独立保护	unknown	unknown	unknown	unknown	unknown
moc_wubi86_extra	61898	AfterShokz Aeropex	aftershokzaeropex	0		低需求英文专名、来源昵称或拼写问题，英文常用词独立保护	unknown	unknown	unknown	unknown	unknown
moc_wubi86_extra	61900	Aeropex	aeropex	0		低需求英文专名、来源昵称或拼写问题，英文常用词独立保护	unknown	unknown	unknown	unknown	unknown
moc_wubi86_extra	61933	Musixmatch	musixmatch	0		低需求英文专名、来源昵称或拼写问题，英文常用词独立保护	unknown	unknown	unknown	unknown	unknown
moc_wubi86_extra	61935	CloudXNS	cloudxns	0		低需求英文专名、来源昵称或拼写问题，英文常用词独立保护	unknown	unknown	unknown	unknown	unknown
moc_wubi86_extra	61941	LyricsX	lyricsx	0		低需求英文专名、来源昵称或拼写问题，英文常用词独立保护	unknown	unknown	unknown	unknown	unknown
moc_wubi86_extra	61966	D.VA	d.va	0		低需求英文专名、来源昵称或拼写问题，英文常用词独立保护	unknown	unknown	unknown	unknown	unknown
moc_wubi86_extra	62035	IQOS	iqos	0		低需求英文专名、来源昵称或拼写问题，英文常用词独立保护	unknown	unknown	unknown	unknown	unknown
moc_wubi86_extra	62056	RION	rion	0		低需求英文专名、来源昵称或拼写问题，英文常用词独立保护	unknown	unknown	unknown	unknown	unknown
moc_wubi86_extra	62057	SegmentFault	segmentfault	0		低需求英文专名、来源昵称或拼写问题，英文常用词独立保护	unknown	unknown	unknown	unknown	unknown
moc_wubi86_extra	62062	Spiritfarer	spiritfarer	0		低需求英文专名、来源昵称或拼写问题，英文常用词独立保护	unknown	unknown	unknown	unknown	unknown
moc_wubi86_extra	62064	Turso	turso	0		低需求英文专名、来源昵称或拼写问题，英文常用词独立保护	unknown	unknown	unknown	unknown	unknown
moc_wubi86_extra	62073	gakki	gakki	0		低需求英文专名、来源昵称或拼写问题，英文常用词独立保护	unknown	unknown	unknown	unknown	unknown
moc_wubi86_extra	62110	Amphetamine	amphetamine	0		低需求英文专名、来源昵称或拼写问题，英文常用词独立保护	unknown	unknown	unknown	unknown	unknown
moc_wubi86_extra	62119	BundleHunt	bundlehunt	0		低需求英文专名、来源昵称或拼写问题，英文常用词独立保护	unknown	unknown	unknown	unknown	unknown
moc_wubi86_extra	62120	Byword	byword	0		低需求英文专名、来源昵称或拼写问题，英文常用词独立保护	unknown	unknown	unknown	unknown	unknown
moc_wubi86_extra	62121	Btitish	btitish	0		低需求英文专名、来源昵称或拼写问题，英文常用词独立保护	unknown	unknown	unknown	unknown	unknown
moc_wubi86_extra	62124	Calcbot	calcbot	0		低需求英文专名、来源昵称或拼写问题，英文常用词独立保护	unknown	unknown	unknown	unknown	unknown
moc_wubi86_extra	62137	CloudMagic	cloudmagic	0		低需求英文专名、来源昵称或拼写问题，英文常用词独立保护	unknown	unknown	unknown	unknown	unknown
moc_wubi86_extra	62140	Color Schemer	colorschemer	0		低需求英文专名、来源昵称或拼写问题，英文常用词独立保护	unknown	unknown	unknown	unknown	unknown
moc_wubi86_extra	62141	Color Snapper	colorsnapper	0		低需求英文专名、来源昵称或拼写问题，英文常用词独立保护	unknown	unknown	unknown	unknown	unknown
moc_wubi86_extra	62145	Curio	curio	0		低需求英文专名、来源昵称或拼写问题，英文常用词独立保护	unknown	unknown	unknown	unknown	unknown
moc_wubi86_extra	62148	Datagraph	datagraph	0		低需求英文专名、来源昵称或拼写问题，英文常用词独立保护	unknown	unknown	unknown	unknown	unknown
moc_wubi86_extra	62155	Diumoo	diumoo	0		低需求英文专名、来源昵称或拼写问题，英文常用词独立保护	unknown	unknown	unknown	unknown	unknown
moc_wubi86_extra	62157	Dropzone	dropzone	0		低需求英文专名、来源昵称或拼写问题，英文常用词独立保护	unknown	unknown	unknown	unknown	unknown
moc_wubi86_extra	62173	Frank DeLoupe	frankdeloupe	0		低需求英文专名、来源昵称或拼写问题，英文常用词独立保护	unknown	unknown	unknown	unknown	unknown
moc_wubi86_extra	62175	Gestimer	gestimer	0		低需求英文专名、来源昵称或拼写问题，英文常用词独立保护	unknown	unknown	unknown	unknown	unknown
moc_wubi86_extra	62176	GhostNote	ghostnote	0		低需求英文专名、来源昵称或拼写问题，英文常用词独立保护	unknown	unknown	unknown	unknown	unknown
moc_wubi86_extra	62177	GhostTile	ghosttile	0		低需求英文专名、来源昵称或拼写问题，英文常用词独立保护	unknown	unknown	unknown	unknown	unknown
moc_wubi86_extra	62178	Gif Brewery	gifbrewery	0		低需求英文专名、来源昵称或拼写问题，英文常用词独立保护	unknown	unknown	unknown	unknown	unknown
moc_wubi86_extra	62181	GoagentX	goagentx	0		低需求英文专名、来源昵称或拼写问题，英文常用词独立保护	unknown	unknown	unknown	unknown	unknown
moc_wubi86_extra	62184	Graffle	graffle	0		低需求英文专名、来源昵称或拼写问题，英文常用词独立保护	unknown	unknown	unknown	unknown	unknown
moc_wubi86_extra	62190	iA Writer	iawriter	0		低需求英文专名、来源昵称或拼写问题，英文常用词独立保护	unknown	unknown	unknown	unknown	unknown
moc_wubi86_extra	62196	iExplorer	iexplorer	0		低需求英文专名、来源昵称或拼写问题，英文常用词独立保护	unknown	unknown	unknown	unknown	unknown
moc_wubi86_extra	62197	iFFmpeg	iffmpeg	0		低需求英文专名、来源昵称或拼写问题，英文常用词独立保护	unknown	unknown	unknown	unknown	unknown
moc_wubi86_extra	62203	iMore	imore	0		低需求英文专名、来源昵称或拼写问题，英文常用词独立保护	unknown	unknown	unknown	unknown	unknown
moc_wubi86_extra	62204	Inboard	inboard	0		低需求英文专名、来源昵称或拼写问题，英文常用词独立保护	unknown	unknown	unknown	unknown	unknown
moc_wubi86_extra	62205	Instacast	instacast	0		低需求英文专名、来源昵称或拼写问题，英文常用词独立保护	unknown	unknown	unknown	unknown	unknown
moc_wubi86_extra	62206	Instashare	instashare	0		低需求英文专名、来源昵称或拼写问题，英文常用词独立保护	unknown	unknown	unknown	unknown	unknown
moc_wubi86_extra	62207	Intensify	intensify	0		低需求英文专名、来源昵称或拼写问题，英文常用词独立保护	unknown	unknown	unknown	unknown	unknown
moc_wubi86_extra	62208	iPack	ipack	0		低需求英文专名、来源昵称或拼写问题，英文常用词独立保护	unknown	unknown	unknown	unknown	unknown
moc_wubi86_extra	62224	Keycard	keycard	0		低需求英文专名、来源昵称或拼写问题，英文常用词独立保护	unknown	unknown	unknown	unknown	unknown
moc_wubi86_extra	62226	LaTeXian	latexian	0		低需求英文专名、来源昵称或拼写问题，英文常用词独立保护	unknown	unknown	unknown	unknown	unknown
moc_wubi86_extra	62234	MacAppDeals	macappdeals	0		低需求英文专名、来源昵称或拼写问题，英文常用词独立保护	unknown	unknown	unknown	unknown	unknown
moc_wubi86_extra	62240	MacID	macid	0		低需求英文专名、来源昵称或拼写问题，英文常用词独立保护	unknown	unknown	unknown	unknown	unknown
moc_wubi86_extra	62241	MacTips	mactips	0		低需求英文专名、来源昵称或拼写问题，英文常用词独立保护	unknown	unknown	unknown	unknown	unknown
moc_wubi86_extra	62242	MacUpdate Desktop	macupdatedesktop	0		低需求英文专名、来源昵称或拼写问题，英文常用词独立保护	unknown	unknown	unknown	unknown	unknown
moc_wubi86_extra	62244	MAMP PRO	mamppro	0		低需求英文专名、来源昵称或拼写问题，英文常用词独立保护	unknown	unknown	unknown	unknown	unknown
moc_wubi86_extra	62245	Manico	manico	0		低需求英文专名、来源昵称或拼写问题，英文常用词独立保护	unknown	unknown	unknown	unknown	unknown
moc_wubi86_extra	62247	MarkMyWords	markmywords	0		低需求英文专名、来源昵称或拼写问题，英文常用词独立保护	unknown	unknown	unknown	unknown	unknown
moc_wubi86_extra	62248	MarsEdit	marsedit	0		低需求英文专名、来源昵称或拼写问题，英文常用词独立保护	unknown	unknown	unknown	unknown	unknown
moc_wubi86_extra	62251	Moke	moke	0		低需求英文专名、来源昵称或拼写问题，英文常用词独立保护	unknown	unknown	unknown	unknown	unknown
moc_wubi86_extra	62256	MplayerX	mplayerx	0		低需求英文专名、来源昵称或拼写问题，英文常用词独立保护	unknown	unknown	unknown	unknown	unknown
moc_wubi86_extra	62258	Noizio	noizio	0		低需求英文专名、来源昵称或拼写问题，英文常用词独立保护	unknown	unknown	unknown	unknown	unknown
moc_wubi86_extra	62259	nvALT	nvalt	0		低需求英文专名、来源昵称或拼写问题，英文常用词独立保护	unknown	unknown	unknown	unknown	unknown
moc_wubi86_extra	62260	OmmWriter	ommwriter	0		低需求英文专名、来源昵称或拼写问题，英文常用词独立保护	unknown	unknown	unknown	unknown	unknown
moc_wubi86_extra	62270	PhotoDesk	photodesk	0		低需求英文专名、来源昵称或拼写问题，英文常用词独立保护	unknown	unknown	unknown	unknown	unknown
moc_wubi86_extra	62271	Picatext	picatext	0		低需求英文专名、来源昵称或拼写问题，英文常用词独立保护	unknown	unknown	unknown	unknown	unknown
moc_wubi86_extra	62274	Play by Play	playbyplay	0		低需求英文专名、来源昵称或拼写问题，英文常用词独立保护	unknown	unknown	unknown	unknown	unknown
moc_wubi86_extra	62275	PlistEdit	pliplistedit	0		低需求英文专名、来源昵称或拼写问题，英文常用词独立保护	unknown	unknown	unknown	unknown	unknown
moc_wubi86_extra	62279	Promotee	promotee	0		低需求英文专名、来源昵称或拼写问题，英文常用词独立保护	unknown	unknown	unknown	unknown	unknown
moc_wubi86_extra	62282	Quitter	quitter	0		低需求英文专名、来源昵称或拼写问题，英文常用词独立保护	unknown	unknown	unknown	unknown	unknown
moc_wubi86_extra	62283	Quiver	quiver	0		低需求英文专名、来源昵称或拼写问题，英文常用词独立保护	unknown	unknown	unknown	unknown	unknown
moc_wubi86_extra	62284	Rdio	rdio	0		低需求英文专名、来源昵称或拼写问题，英文常用词独立保护	unknown	unknown	unknown	unknown	unknown
moc_wubi86_extra	62286	Readkit	readkit	0		低需求英文专名、来源昵称或拼写问题，英文常用词独立保护	unknown	unknown	unknown	unknown	unknown
moc_wubi86_extra	62287	Regulex	regulex	0		低需求英文专名、来源昵称或拼写问题，英文常用词独立保护	unknown	unknown	unknown	unknown	unknown
moc_wubi86_extra	62293	SaneDesk	sanedesk	0		低需求英文专名、来源昵称或拼写问题，英文常用词独立保护	unknown	unknown	unknown	unknown	unknown
moc_wubi86_extra	62295	ScreenFloat	screenfloat	0		低需求英文专名、来源昵称或拼写问题，英文常用词独立保护	unknown	unknown	unknown	unknown	unknown
moc_wubi86_extra	62303	Should I Sleep	shouldisleep	0		低需求英文专名、来源昵称或拼写问题，英文常用词独立保护	unknown	unknown	unknown	unknown	unknown
moc_wubi86_extra	62306	Slicy	slicy	0		低需求英文专名、来源昵称或拼写问题，英文常用词独立保护	unknown	unknown	unknown	unknown	unknown
moc_wubi86_extra	62308	Sparkbox	sparkbox	0		低需求英文专名、来源昵称或拼写问题，英文常用词独立保护	unknown	unknown	unknown	unknown	unknown
moc_wubi86_extra	62312	StackSocial	stacksocial	0		低需求英文专名、来源昵称或拼写问题，英文常用词独立保护	unknown	unknown	unknown	unknown	unknown
moc_wubi86_extra	62323	TinkerTool	tinkertool	0		低需求英文专名、来源昵称或拼写问题，英文常用词独立保护	unknown	unknown	unknown	unknown	unknown
moc_wubi86_extra	62328	Tweetbot	tweetbot	0		低需求英文专名、来源昵称或拼写问题，英文常用词独立保护	unknown	unknown	unknown	unknown	unknown
moc_wubi86_extra	62354	Xee	xee	0		低需求英文专名、来源昵称或拼写问题，英文常用词独立保护	unknown	unknown	unknown	unknown	unknown
moc_wubi86_extra	62358	XtraFinder	xtrafinder	0		低需求英文专名、来源昵称或拼写问题，英文常用词独立保护	unknown	unknown	unknown	unknown	unknown
moc_wubi86_extra	62361	ZEALER	zealer	0		低需求英文专名、来源昵称或拼写问题，英文常用词独立保护	unknown	unknown	unknown	unknown	unknown
moc_wubi86_extra	62391	Cinity	cinity	0		低需求英文专名、来源昵称或拼写问题，英文常用词独立保护	unknown	unknown	unknown	unknown	unknown
moc_wubi86_extra	62397	Eason	eason	0		低需求英文专名、来源昵称或拼写问题，英文常用词独立保护	unknown	unknown	unknown	unknown	unknown
moc_wubi86_extra	62404	iKlear	iklear	0		低需求英文专名、来源昵称或拼写问题，英文常用词独立保护	unknown	unknown	unknown	unknown	unknown
moc_wubi86_extra	62407	itsdangerours	itsdangerours	0		低需求英文专名、来源昵称或拼写问题，英文常用词独立保护	unknown	unknown	unknown	unknown	unknown
moc_wubi86_extra	62436	Darcula	darcula	0		低需求英文专名、来源昵称或拼写问题，英文常用词独立保护	unknown	unknown	unknown	unknown	unknown
moc_wubi86_extra	62449	blackFriday	blackfriday	0		低需求英文专名、来源昵称或拼写问题，英文常用词独立保护	unknown	unknown	unknown	unknown	unknown
moc_wubi86_extra	62463	Waline	waline	0		低需求英文专名、来源昵称或拼写问题，英文常用词独立保护	unknown	unknown	unknown	unknown	unknown
moc_wubi86_extra	62464	Valine	valine	0		低需求英文专名、来源昵称或拼写问题，英文常用词独立保护	unknown	unknown	unknown	unknown	unknown
moc_wubi86_extra	62466	PaperMod	papermod	0		低需求英文专名、来源昵称或拼写问题，英文常用词独立保护	unknown	unknown	unknown	unknown	unknown
moc_wubi86_extra	62482	Geralt	geralt	0		低需求英文专名、来源昵称或拼写问题，英文常用词独立保护	unknown	unknown	unknown	unknown	unknown
moc_wubi86_extra	62483	ServerCat	servercat	0		低需求英文专名、来源昵称或拼写问题，英文常用词独立保护	unknown	unknown	unknown	unknown	unknown
moc_wubi86_extra	62485	Harington	harington	0		低需求英文专名、来源昵称或拼写问题，英文常用词独立保护	unknown	unknown	unknown	unknown	unknown
moc_wubi86_extra	62509	MAPPA	mappa	0		低需求英文专名、来源昵称或拼写问题，英文常用词独立保护	unknown	unknown	unknown	unknown	unknown
moc_wubi86_extra	62515	Arthas	arthas	0		低需求英文专名、来源昵称或拼写问题，英文常用词独立保护	unknown	unknown	unknown	unknown	unknown
moc_wubi86_extra	62518	Pied Piper	piedpiper	0		低需求英文专名、来源昵称或拼写问题，英文常用词独立保护	unknown	unknown	unknown	unknown	unknown
moc_wubi86_extra	62529	Turbo Boost Switcher	turboboostswitcher	0		低需求英文专名、来源昵称或拼写问题，英文常用词独立保护	unknown	unknown	unknown	unknown	unknown
moc_wubi86_extra	62542	Garena	garena	0		低需求英文专名、来源昵称或拼写问题，英文常用词独立保护	unknown	unknown	unknown	unknown	unknown
moc_wubi86_extra	62543	WonderCV	wondercv	0		低需求英文专名、来源昵称或拼写问题，英文常用词独立保护	unknown	unknown	unknown	unknown	unknown
moc_wubi86_extra	62545	Igalia	igalia	0		低需求英文专名、来源昵称或拼写问题，英文常用词独立保护	unknown	unknown	unknown	unknown	unknown
moc_wubi86_extra	62580	GeekNote	geeknote	0		低需求英文专名、来源昵称或拼写问题，英文常用词独立保护	unknown	unknown	unknown	unknown	unknown
moc_wubi86_extra	62594	CHDBits	chdbits	0		低需求英文专名、来源昵称或拼写问题，英文常用词独立保护	unknown	unknown	unknown	unknown	unknown
moc_wubi86_extra	62595	M-Team	m-team	0		低需求英文专名、来源昵称或拼写问题，英文常用词独立保护	unknown	unknown	unknown	unknown	unknown
moc_wubi86_extra	62634	One Dark	onedark	0		低需求英文专名、来源昵称或拼写问题，英文常用词独立保护	unknown	unknown	unknown	unknown	unknown
moc_wubi86_extra	62653	Sheeran	sheeran	0		低需求英文专名、来源昵称或拼写问题，英文常用词独立保护	unknown	unknown	unknown	unknown	unknown
moc_wubi86_extra	62676	rime-shuangpin-fuzhuma	rime-shuangpin-fuzhuma	0		低需求英文专名、来源昵称或拼写问题，英文常用词独立保护	unknown	unknown	unknown	unknown	unknown
moc_wubi86_extra	62685	aPaaS	apaas	0		低需求英文专名、来源昵称或拼写问题，英文常用词独立保护	unknown	unknown	unknown	unknown	unknown
moc_wubi86_extra	62708	Honey Select	honeyselect	0		低需求英文专名、来源昵称或拼写问题，英文常用词独立保护	unknown	unknown	unknown	unknown	unknown
moc_wubi86_extra	62718	MissWarmJ	misswarmj	0		低需求英文专名、来源昵称或拼写问题，英文常用词独立保护	unknown	unknown	unknown	unknown	unknown
moc_wubi86_extra	62721	PictureView	pictureview	0		低需求英文专名、来源昵称或拼写问题，英文常用词独立保护	unknown	unknown	unknown	unknown	unknown
moc_wubi86_extra	62737	FBI WARNING	fbiwarning	0		低需求英文专名、来源昵称或拼写问题，英文常用词独立保护	unknown	unknown	unknown	unknown	unknown
moc_wubi86_extra	62769	uPic	upic	0		低需求英文专名、来源昵称或拼写问题，英文常用词独立保护	unknown	unknown	unknown	unknown	unknown
moc_wubi86_extra	62856	Vampire Survivors	vampiresurvivors	0		低需求英文专名、来源昵称或拼写问题，英文常用词独立保护	unknown	unknown	unknown	unknown	unknown
moc_wubi86_extra	62859	BuhoCleaner	buhocleaner	0		低需求英文专名、来源昵称或拼写问题，英文常用词独立保护	unknown	unknown	unknown	unknown	unknown
moc_wubi86_extra	62861	Champion's inequality	champion'sinequality	0		低需求英文专名、来源昵称或拼写问题，英文常用词独立保护	unknown	unknown	unknown	unknown	unknown
moc_wubi86_extra	62862	NovelAI	novelai	0		低需求英文专名、来源昵称或拼写问题，英文常用词独立保护	unknown	unknown	unknown	unknown	unknown
moc_wubi86_extra	62875	hading	hading	0		低需求英文专名、来源昵称或拼写问题，英文常用词独立保护	unknown	unknown	unknown	unknown	unknown
moc_wubi86_extra	62878	limon	limon	0		低需求英文专名、来源昵称或拼写问题，英文常用词独立保护	unknown	unknown	unknown	unknown	unknown
moc_wubi86_extra	62891	unfo	unfo	0		低需求英文专名、来源昵称或拼写问题，英文常用词独立保护	unknown	unknown	unknown	unknown	unknown
moc_wubi86_extra	62899	GalGame	galgame	0		低需求英文专名、来源昵称或拼写问题，英文常用词独立保护	unknown	unknown	unknown	unknown	unknown
moc_wubi86_extra	62912	hallelujahIM	hallelujahim	0		低需求英文专名、来源昵称或拼写问题，英文常用词独立保护	unknown	unknown	unknown	unknown	unknown
moc_wubi86_extra	62987	Icelander	icelander	0		低需求英文专名、来源昵称或拼写问题，英文常用词独立保护	unknown	unknown	unknown	unknown	unknown
moc_wubi86_extra	62990	Irishman	irishman	0		低需求英文专名、来源昵称或拼写问题，英文常用词独立保护	unknown	unknown	unknown	unknown	unknown
moc_wubi86_extra	62991	Italilian	italilian	0		低需求英文专名、来源昵称或拼写问题，英文常用词独立保护	unknown	unknown	unknown	unknown	unknown
moc_wubi86_extra	63011	PreSearch	presearch	0		低需求英文专名、来源昵称或拼写问题，英文常用词独立保护	unknown	unknown	unknown	unknown	unknown
moc_wubi86_extra	63054	Tether	tether	0		低需求英文专名、来源昵称或拼写问题，英文常用词独立保护	unknown	unknown	unknown	unknown	unknown
moc_wubi86_extra	63076	SigmaOS	sigmaos	0		低需求英文专名、来源昵称或拼写问题，英文常用词独立保护	unknown	unknown	unknown	unknown	unknown
moc_wubi86_extra	63077	fuckity	fuckity	0		低需求英文专名、来源昵称或拼写问题，英文常用词独立保护	unknown	unknown	unknown	unknown	unknown
moc_wubi86_extra	63082	Zaraz	zaraz	0		低需求英文专名、来源昵称或拼写问题，英文常用词独立保护	unknown	unknown	unknown	unknown	unknown
moc_wubi86_extra	63091	Noria	noria	0		低需求英文专名、来源昵称或拼写问题，英文常用词独立保护	unknown	unknown	unknown	unknown	unknown
moc_wubi86_extra	63134	Depay	depay	0		低需求英文专名、来源昵称或拼写问题，英文常用词独立保护	unknown	unknown	unknown	unknown	unknown
moc_wubi86_extra	63136	OpenCat	opencat	0		低需求英文专名、来源昵称或拼写问题，英文常用词独立保护	unknown	unknown	unknown	unknown	unknown
moc_wubi86_extra	63158	bromite	bromite	0		低需求英文专名、来源昵称或拼写问题，英文常用词独立保护	unknown	unknown	unknown	unknown	unknown
moc_wubi86_extra	63213	Nexitally	nexitally	0		低需求英文专名、来源昵称或拼写问题，英文常用词独立保护	unknown	unknown	unknown	unknown	unknown
moc_wubi86_extra	63230	Mailfence	mailfence	0		低需求英文专名、来源昵称或拼写问题，英文常用词独立保护	unknown	unknown	unknown	unknown	unknown
moc_wubi86_extra	63232	Heisenberg	heisenberg	0		低需求英文专名、来源昵称或拼写问题，英文常用词独立保护	unknown	unknown	unknown	unknown	unknown
moc_wubi86_extra	63241	KuCoin	kucoin	0		低需求英文专名、来源昵称或拼写问题，英文常用词独立保护	unknown	unknown	unknown	unknown	unknown
moc_wubi86_extra	63254	Starknet	starknet	0		低需求英文专名、来源昵称或拼写问题，英文常用词独立保护	unknown	unknown	unknown	unknown	unknown
moc_wubi86_extra	63258	Lens Protocal	lensprotocal	0		低需求英文专名、来源昵称或拼写问题，英文常用词独立保护	unknown	unknown	unknown	unknown	unknown
moc_wubi86_extra	63259	zkSync	zksync	0		低需求英文专名、来源昵称或拼写问题，英文常用词独立保护	unknown	unknown	unknown	unknown	unknown
moc_wubi86_extra	63260	Arweave	arweave	0		低需求英文专名、来源昵称或拼写问题，英文常用词独立保护	unknown	unknown	unknown	unknown	unknown
moc_wubi86_extra	63263	Harmony One	harmonyone	0		低需求英文专名、来源昵称或拼写问题，英文常用词独立保护	unknown	unknown	unknown	unknown	unknown
moc_wubi86_extra	63267	SushiSwap	sushiswap	0		低需求英文专名、来源昵称或拼写问题，英文常用词独立保护	unknown	unknown	unknown	unknown	unknown
moc_wubi86_extra	63268	PancakeSwap	pancakeswap	0		低需求英文专名、来源昵称或拼写问题，英文常用词独立保护	unknown	unknown	unknown	unknown	unknown
moc_wubi86_extra	63269	JediSwap	jediswap	0		低需求英文专名、来源昵称或拼写问题，英文常用词独立保护	unknown	unknown	unknown	unknown	unknown
moc_wubi86_extra	63270	Orbiter	orbiter	0		低需求英文专名、来源昵称或拼写问题，英文常用词独立保护	unknown	unknown	unknown	unknown	unknown
moc_wubi86_extra	63271	MakerDAO	makerdao	0		低需求英文专名、来源昵称或拼写问题，英文常用词独立保护	unknown	unknown	unknown	unknown	unknown
moc_wubi86_extra	63273	Aave	aave	0		低需求英文专名、来源昵称或拼写问题，英文常用词独立保护	unknown	unknown	unknown	unknown	unknown
moc_wubi86_extra	63275	Curve Finance	curvefinance	0		低需求英文专名、来源昵称或拼写问题，英文常用词独立保护	unknown	unknown	unknown	unknown	unknown
moc_wubi86_extra	63276	dYdX	dydx	0		低需求英文专名、来源昵称或拼写问题，英文常用词独立保护	unknown	unknown	unknown	unknown	unknown
moc_wubi86_extra	63282	Argent X	argentx	0		低需求英文专名、来源昵称或拼写问题，英文常用词独立保护	unknown	unknown	unknown	unknown	unknown
moc_wubi86_extra	63284	Braavos Wallet	braavos	0		低需求英文专名、来源昵称或拼写问题，英文常用词独立保护	unknown	unknown	unknown	unknown	unknown
moc_wubi86_extra	63285	OneKey	onekey	0		低需求英文专名、来源昵称或拼写问题，英文常用词独立保护	unknown	unknown	unknown	unknown	unknown
moc_wubi86_extra	63287	DYOR	dyor	0		低需求英文专名、来源昵称或拼写问题，英文常用词独立保护	unknown	unknown	unknown	unknown	unknown
moc_wubi86_extra	63288	Do Your Own Research	dyor	0		低需求英文专名、来源昵称或拼写问题，英文常用词独立保护	unknown	unknown	unknown	unknown	unknown
moc_wubi86_extra	63291	Norah	norah	0		低需求英文专名、来源昵称或拼写问题，英文常用词独立保护	unknown	unknown	unknown	unknown	unknown
moc_wubi86_extra	63311	Kuromis	kuromis	0		低需求英文专名、来源昵称或拼写问题，英文常用词独立保护	unknown	unknown	unknown	unknown	unknown
moc_wubi86_extra	63312	heil	heil	0		低需求英文专名、来源昵称或拼写问题，英文常用词独立保护	unknown	unknown	unknown	unknown	unknown
moc_wubi86_extra	63313	AmyTelecom	amytelecom	0		低需求英文专名、来源昵称或拼写问题，英文常用词独立保护	unknown	unknown	unknown	unknown	unknown
moc_wubi86_extra	63355	shitwork	shitwork	0		低需求英文专名、来源昵称或拼写问题，英文常用词独立保护	unknown	unknown	unknown	unknown	unknown
moc_wubi86_extra	63360	Hughie	hughie	0		低需求英文专名、来源昵称或拼写问题，英文常用词独立保护	unknown	unknown	unknown	unknown	unknown
moc_wubi86_extra	63361	Maeve	maeve	0		低需求英文专名、来源昵称或拼写问题，英文常用词独立保护	unknown	unknown	unknown	unknown	unknown
moc_wubi86_extra	63378	beyatch	beyatch	0		低需求英文专名、来源昵称或拼写问题，英文常用词独立保护	unknown	unknown	unknown	unknown	unknown
moc_wubi86_extra	63386	rho	rho	0		低需求英文专名、来源昵称或拼写问题，英文常用词独立保护	unknown	unknown	unknown	unknown	unknown
moc_wubi86_extra	63398	Laugh Tale	laughtale	0		低需求英文专名、来源昵称或拼写问题，英文常用词独立保护	unknown	unknown	unknown	unknown	unknown
moc_wubi86_extra	63399	Joy Boy	joyboy	0		低需求英文专名、来源昵称或拼写问题，英文常用词独立保护	unknown	unknown	unknown	unknown	unknown
moc_wubi86_extra	63404	DLsite	dlsite	0		低需求英文专名、来源昵称或拼写问题，英文常用词独立保护	unknown	unknown	unknown	unknown	unknown
moc_wubi86_extra	63456	Morty	morty	0		低需求英文专名、来源昵称或拼写问题，英文常用词独立保护	unknown	unknown	unknown	unknown	unknown
moc_wubi86_extra	63457	Frundles	frundles	0		低需求英文专名、来源昵称或拼写问题，英文常用词独立保护	unknown	unknown	unknown	unknown	unknown
moc_wubi86_extra	63458	Brotato	brotato	0		低需求英文专名、来源昵称或拼写问题，英文常用词独立保护	unknown	unknown	unknown	unknown	unknown
moc_wubi86_extra	63459	engineman	engineman	0		低需求英文专名、来源昵称或拼写问题，英文常用词独立保护	unknown	unknown	unknown	unknown	unknown
moc_wubi86_extra	63460	unhuman	unhuman	0		低需求英文专名、来源昵称或拼写问题，英文常用词独立保护	unknown	unknown	unknown	unknown	unknown
moc_wubi86_extra	63461	unhumified	unhumified	0		低需求英文专名、来源昵称或拼写问题，英文常用词独立保护	unknown	unknown	unknown	unknown	unknown
moc_wubi86_extra	63462	unhumanize	unhumanize	0		低需求英文专名、来源昵称或拼写问题，英文常用词独立保护	unknown	unknown	unknown	unknown	unknown
moc_wubi86_extra	63464	F2A	f2a	0		低需求英文专名、来源昵称或拼写问题，英文常用词独立保护	unknown	unknown	unknown	unknown	unknown
moc_wubi86_extra	63473	pixiv	pixiv	0		低需求英文专名、来源昵称或拼写问题，英文常用词独立保护	unknown	unknown	unknown	unknown	unknown
moc_wubi86_extra	63501	Melvor	melvor	0		低需求英文专名、来源昵称或拼写问题，英文常用词独立保护	unknown	unknown	unknown	unknown	unknown
moc_wubi86_extra	63502	Melvor Idle	melvoridle	0		低需求英文专名、来源昵称或拼写问题，英文常用词独立保护	unknown	unknown	unknown	unknown	unknown
moc_wubi86_extra	63522	Mirtle	mirtle	0		低需求英文专名、来源昵称或拼写问题，英文常用词独立保护	unknown	unknown	unknown	unknown	unknown
moc_wubi86_extra	63543	Chiikawa	chiikawa	0		低需求英文专名、来源昵称或拼写问题，英文常用词独立保护	unknown	unknown	unknown	unknown	unknown
moc_wubi86_extra	63545	Asics	asics	0		低需求英文专名、来源昵称或拼写问题，英文常用词独立保护	unknown	unknown	unknown	unknown	unknown
moc_wubi86_extra	63546	Saucony	saucony	0		低需求英文专名、来源昵称或拼写问题，英文常用词独立保护	unknown	unknown	unknown	unknown	unknown
moc_reverse	283	笾	bian	8		低需求冷僻单字；含字词组保留	8	0.87541423	77	0.86965441	not_applicable
moc_reverse	474	虿	chai	26		低需求冷僻单字；含字词组保留	26	0.73946662	225	0.75161748	not_applicable
moc_reverse	526	阊	chang	2		低需求冷僻单字；含字词组保留	2	0.96946505	232	0.74751460	not_applicable
moc_reverse	628	墀	chi	4		低需求冷僻单字；含字词组保留	4	0.93427489	417	0.66569355	not_applicable
moc_reverse	1371	黼	fu	41		低需求冷僻单字；含字词组保留	41	0.67350481	996	0.52382831	not_applicable
moc_reverse	1375	黻	fu	29		低需求冷僻单字；含字词组保留	29	0.72471201	537	0.62687392	not_applicable
moc_reverse	1593	觚	gu	40		低需求冷僻单字；含字词组保留	40	0.67737100	637	0.59949503	not_applicable
moc_reverse	1668	簋	gui	174		低需求冷僻单字；含字词组保留	174	0.47159539	1457	0.46047025	not_applicable
moc_reverse	2016	阍	hun	10		低需求冷僻单字；含字词组保留	10	0.85166483	121	0.82349692	not_applicable
moc_reverse	2090	赍	ji	82		低需求冷僻单字；含字词组保留	82	0.57763926	665	0.59097365	not_applicable
moc_reverse	2738	阃	kun	23		低需求冷僻单字；含字词组保留	23	0.75595708	216	0.75690390	not_applicable
moc_reverse	2801	阆	lang	12		低需求冷僻单字；含字词组保留	12	0.83091368	316	0.70711693	not_applicable
moc_reverse	3152	辂	lu	9		低需求冷僻单字；含字词组保留	9	0.86357898	499	0.63926148	not_applicable
moc_reverse	4712	兕	si	38		低需求冷僻单字；含字词组保留	38	0.68510336	204	0.76471516	not_applicable
moc_reverse	4719	耜	si	8		低需求冷僻单字；含字词组保留	8	0.87541423	127	0.81899953	not_applicable
moc_reverse	4826	闼	ta	28		低需求冷僻单字；含字词组保留	28	0.72984062	598	0.60888433	not_applicable
moc_reverse	5266	庑	wu	33		低需求冷僻单字；含字词组保留	33	0.70624901	2524	0.36768187	not_applicable
moc_reverse	5918	埸	yi	13		低需求冷僻单字；含字词组保留	13	0.82333912	1085	0.50875809	not_applicable
moc_reverse	6108	卣	you	42		低需求冷僻单字；含字词组保留	42	0.66908632	386	0.67792331	not_applicable
moc_reverse	6592	埴	zhi	10		低需求冷僻单字；含字词组保留	10	0.85166483	1128	0.50331387	not_applicable
moc_reverse	6599	觯	zhi	5		低需求冷僻单字；含字词组保留	5	0.91738993	101	0.84440587	not_applicable
