schema	input	before_first_6	after_first_6
moc_wubi86_simp	a	工: / 戈: / 式:~a / 节:~b / 芭:~c / 基:~d	工: / 戈: / 式:~a / 节:~b / 芭:~c / 基:~d
moc_wubi86_simp	aa	式: / 戒: / 工:~a / 葚:~d / 苷:~f / 芽:~h	式: / 戒: / 工:~a / 葚:~d / 苷:~f / 芽:~h
moc_wubi86_simp	ad	基: / 莽:~a / 戎:~e / 苦:~f / 葳:~g / 荐:~h	基: / 莽:~a / 戎:~e / 苦:~f / 葳:~g / 荐:~h
moc_wubi86_simp	af	革: / 鞯:~a / 邯:~b / 靶:~c / 甘:~d / 鞲:~f	革: / 鞯:~a / 邯:~b / 靶:~c / 甘:~d / 鞲:~f
moc_wubi86_simp	ag	七: / 荆:~a / 匡:~d / 莆:~e / 芋:~f / 廿:~h	七: / 荆:~a / 匡:~d / 莆:~e / 芋:~f / 廿:~h
moc_wubi86_simp	ah	牙: / 蘧:~a / 芷:~f / 菽:~i / 苫:~k / 臣:~n	牙: / 蘧:~a / 芷:~f / 菽:~i / 苫:~k / 臣:~n
moc_wubi86_simp	ai	东: / 范:~b / 菹:~e / 薄:~g / 菠:~h / 藻:~k	东: / 范:~b / 菹:~e / 薄:~g / 菠:~h / 藻:~k
moc_wubi86_simp	aj	划: / 蕞:~b / 莫:~d / 萌:~e / 昔:~f / 草:~j	划: / 蕞:~b / 莫:~d / 萌:~e / 昔:~f / 草:~j
moc_wubi86_simp	ak	或: / 惑: / 葺:~b / 叵:~d / 匮:~h / 颧:~k	或: / 惑: / 葺:~b / 叵:~d / 匮:~h / 颧:~k
moc_wubi86_simp	am	贡: / 芟:~c / 英:~d / 苒:~f / 茼:~g / 匝:~h	贡: / 芟:~c / 英:~d / 苒:~f / 茼:~g / 匝:~h
moc_wubi86_simp	an	世: / 艺:~b / 巨:~d / 蔚:~f / 蔬:~h / 忒:~i	世: / 艺:~b / 巨:~d / 蔚:~f / 蔬:~h / 忒:~i
moc_wubi86_simp	ap	芝: / 营: / 菪:~d / 蒙:~g / 荥:~i / 萤:~j	芝: / 营: / 菪:~d / 蒙:~g / 荥:~i / 萤:~j
moc_wubi86_simp	aq	区: / 获: / 芪:~a / 苑:~b / 葡:~g / 荀:~j	区: / 获: / 芪:~a / 苑:~b / 葡:~g / 荀:~j
moc_wubi86_simp	ar	匠: / 芹: / 葩:~c / 茱:~i / 芹菜:~ae / 茱萸:~av	匠: / 芹: / 葩:~c / 茱:~i / 芹菜:~ae / 茱萸:~av
moc_wubi86_simp	as	苛: / 蘸: / 茜:~f / 苯:~g / 蕈:~j / 菘:~w	苛: / 蘸: / 茜:~f / 苯:~g / 蕈:~j / 菘:~w
moc_wubi86_simp	au	燕: / 蒋: / 蒴:~b / 莘:~j / 菩:~k / 蔽:~m	燕: / 蒋: / 蒴:~b / 莘:~j / 菩:~k / 蔽:~m
moc_wubi86_simp	av	切: / 萧: / 艽:~b / 菇:~d / 荨:~f / 茹:~k	切: / 萧: / 艽:~b / 菇:~d / 荨:~f / 茹:~k
moc_wubi86_simp	aw	共: / 花: / 苍:~b / 蓊:~c / 茯:~d / 蔡:~f	共: / 花: / 苍:~b / 蓊:~c / 茯:~d / 蔡:~f
moc_wubi86_simp	ay	芳: / 荒: / 蔗:~a / 苄:~h / 蔼:~j / 蓑:~k	芳: / 荒: / 蔗:~a / 苄:~h / 蔼:~j / 蓑:~k
moc_wubi86_simp	b	了: / 子: / 陈:~a / 取:~c / 承:~d / 阴:~e	了: / 子: / 陈:~a / 取:~c / 承:~d / 阴:~e
moc_wubi86_simp	ba	陈: / 孤臣孽子:~ab / 陈套:~dd / 陈胜:~et / 陈云:~fc / 陈规:~fw	陈: / 孤臣孽子:~ab / 陈套:~dd / 陈胜:~et / 陈云:~fc / 陈规:~fw
moc_wubi86_simp	bd	承: / 隋:~a / 随:~e / 陌:~j / 陇:~x / 随葬:~ag	承: / 隋:~a / 随:~e / 陌:~j / 陇:~x / 随葬:~ag
moc_wubi86_simp	bf	际: / 孺:~d / 陡:~h / 阱:~j / 陆:~m / 阮:~q	际: / 孺:~d / 陡:~h / 阱:~j / 陆:~m / 阮:~q
moc_wubi86_simp	bg	卫: / 耳:~h / 隔:~k / 陋:~m / 陕:~u / 隔世:~an	卫: / 耳:~h / 隔:~k / 陋:~m / 陕:~u / 隔世:~an
moc_wubi86_simp	bj	阳: / 隅:~m / 隰:~x / 阳世:~an / 阳萎:~at / 随时随地:~bf	阳: / 隅:~m / 隰:~x / 阳世:~an / 阳萎:~at / 随时随地:~bf
moc_wubi86_simp	bk	职: / 亟:~c / 聩:~h / 陨:~m / 职工:~aa / 陨落:~ai	职: / 亟:~c / 聩:~h / 陨:~m / 职工:~aa / 陨落:~ai
moc_wubi86_simp	bl	阵: / 孟:~f / 勐:~l / 阵式:~aa / 阵营:~ap / 孟子:~bb	阵: / 孟:~f / 勐:~l / 阵式:~aa / 阵营:~ap / 孟子:~bb
moc_wubi86_simp	bn	也: / 了:~h / 孔:~n / 阿司匹林:~as / 孔子:~bb / 孔隙:~bi	也: / 了:~h / 孔:~n / 阿司匹林:~as / 孔子:~bb / 孔隙:~bi
moc_wubi86_simp	bo	耿: / 耿耿:~bo / 阿米巴:~cn / 取精用弘:~ex / 防火墙:~ff / 耿直:~fh	耿: / 耿耿:~bo / 阿米巴:~cn / 防火墙:~ff / 耿直:~fh / 职业性:~nt
moc_wubi86_simp	bs	阿: / 阿附:~bw / 阿胶:~eu / 阿叔:~hi / 阿婆:~ih / 陕西省:~it	阿: / 阿附:~bw / 阿胶:~eu / 阿叔:~hi / 阿婆:~ih / 陕西省:~it
moc_wubi86_simp	bu	联: / 陪: / 隧:~e / B站:~h / 障:~j / 隘:~w	联: / 陪: / 隧:~e / B站:~h / 障:~j / 隘:~w
moc_wubi86_simp	bw	队: / 除: / 附:~f / 险:~g / 阶:~j / 险工:~aa	队: / 除: / 附:~f / 险:~g / 阶:~j / 险工:~aa
moc_wubi86_simp	by	防: / 孩: / 孓:~i / 陔:~n / 防范:~ai / 防区:~aq	防: / 孩: / 孓:~i / 陔:~n / 防范:~ai / 防区:~aq
moc_wubi86_simp	c	以: / 又: / 戏:~a / 邓:~b / 双:~c / 参:~d	以: / 又: / 戏:~a / 邓:~b / 双:~c / 参:~d
moc_wubi86_simp	ca	戏: / 颈:~d / 弁:~j / 劲:~l / 驱:~q / 巯:~y	戏: / 颈:~d / 弁:~j / 劲:~l / 驱:~q / 巯:~y
moc_wubi86_simp	cb	邓: / 骤:~c / 预:~d / 予:~j / 驰:~n / 豫:~q	邓: / 骤:~c / 预:~d / 予:~j / 驰:~n / 豫:~q
moc_wubi86_simp	cc	双: / 又:~c / 骖:~d / 驿:~f / 骀:~k / 骏:~w	双: / 又:~c / 骖:~d / 驿:~f / 骀:~k / 骏:~w
moc_wubi86_simp	cd	参: / 叁:~d / 畚:~l / 骑:~s / 驮:~y / 参茸:~ab	参: / 叁:~d / 畚:~l / 骑:~s / 驮:~y / 参茸:~ab
moc_wubi86_simp	ce	能: / 甬:~j / 勇:~l / 恿:~n / 通:~p / 通式:~aa	能: / 甬:~j / 勇:~l / 恿:~n / 通:~p / 通式:~aa
moc_wubi86_simp	ck	台: / 邰:~b / 驯:~h / 怠:~n / 炱:~o / 迨:~p	台: / 邰:~b / 驯:~h / 怠:~n / 炱:~o / 迨:~p
moc_wubi86_simp	cm	观: / 骋:~g / 观其:~ad / 观感:~dg / 观者:~ft / 观止:~hh	观: / 骋:~g / 观其:~ad / 观感:~dg / 观者:~ft / 观止:~hh
moc_wubi86_simp	cr	牟: / 欢欣若狂:~aq / 牟取:~bc / 能近取譬:~bn / 对手戏:~ca / 观后感:~dg	牟: / 欢欣若狂:~aq / 牟取:~bc / 对手戏:~ca / 观后感:~dg / 巴拉克:~dq
moc_wubi86_simp	cs	骠: / 台柱子:~bb / 巴西队:~bw / 骠骑:~cd / 骠勇:~ce / 巴格达:~dp	骠: / 台柱子:~bb / 巴西队:~bw / 骠骑:~cd / 骠勇:~ce / 巴格达:~dp
moc_wubi86_simp	cu	骈: / 骥:~x / 预产期:~ad / 圣斗士:~fg / 对症下药:~ga / 参差不一:~gg	骈: / 骥:~x / 预产期:~ad / 圣斗士:~fg / 对症下药:~ga / 参差不一:~gg
moc_wubi86_simp	cw	难: / 驸:~f / 验:~g / 逡:~t / 骅:~x / 骓:~y	难: / 驸:~f / 验:~g / 逡:~t / 骅:~x / 骓:~y
moc_wubi86_simp	d	在: / 石: / 左:~a / 顾:~b / 友:~c / 大:~d	在: / 石: / 左:~a / 顾:~b / 友:~c / 大:~d
moc_wubi86_simp	da	左: / 礴:~i / 厝:~j / 碟:~n / 奁:~q / 硗:~t	左: / 礴:~i / 厝:~j / 碟:~n / 奁:~q / 硗:~t
moc_wubi86_simp	dc	友: / 碜:~d / 码:~g / 雄:~w / 万圣节:~ab / 雄黄:~am	友: / 碜:~d / 码:~g / 雄:~w / 万圣节:~ab / 雄黄:~am
moc_wubi86_simp	dd	大: / 磊:~d / 碱:~g / 厦:~h / 厌:~i / 硕:~m	大: / 磊:~d / 碱:~g / 厦:~h / 厌:~i / 硕:~m
moc_wubi86_simp	de	胡: / 郁:~b / 硼:~e / 有:~f / 髭:~h / 鬟:~l	胡: / 郁:~b / 硼:~e / 有:~f / 髭:~h / 鬟:~l
moc_wubi86_simp	dg	三: / 研:~a / 砘:~b / 古:~h / 硬:~j / 咸:~k	三: / 研:~a / 砘:~b / 古:~h / 硬:~j / 咸:~k
moc_wubi86_simp	dh	丰: / 戛:~a / 存:~b / 破:~c / 慧:~d / 在:~f	丰: / 戛:~a / 存:~b / 破:~c / 慧:~d / 在:~f
moc_wubi86_simp	di	砂: / 耙:~c / 耨:~d / 硝:~e / 耕:~f / 耒:~i	砂: / 耙:~c / 耨:~d / 硝:~e / 耕:~f / 耒:~i
moc_wubi86_simp	dm	面: / 碘:~a / 碳:~d / 碉:~f / 硐:~g / 布:~h	面: / 碘:~a / 碳:~d / 碉:~f / 硐:~g / 布:~h
moc_wubi86_simp	dn	成: / 碾:~a / 臧:~d / 趸:~k / 劢:~l / 迈:~p	成: / 碾:~a / 臧:~d / 趸:~k / 劢:~l / 迈:~p
moc_wubi86_simp	do	灰: / 盔:~l / 磷:~q / 灰黄:~am / 灰石:~dg / 百炼成钢:~dq	灰: / 盔:~l / 磷:~q / 灰黄:~am / 灰石:~dg / 百炼成钢:~dq
moc_wubi86_simp	dp	达: / 碗:~q / 牵:~r / 砣:~x / 牵出:~bm / 研究院:~bp	达: / 碗:~q / 牵:~r / 砣:~x / 牵出:~bm / 研究院:~bp
moc_wubi86_simp	dq	克: / 兢:~d / 确:~e / 砾:~i / 爽:~q / 砍:~w	克: / 兢:~d / 确:~e / 砾:~i / 爽:~q / 砍:~w
moc_wubi86_simp	dr	原: / 斫:~h / 碑:~t / 达拉斯:~ad / 大白菜:~ae / 原著:~af	原: / 斫:~h / 碑:~t / 达拉斯:~ad / 大白菜:~ae / 原著:~af
moc_wubi86_simp	ds	厅: / 硒:~g / 厢:~h / 碴:~j / 奇巧:~ag / 奇功:~al	厅: / 硒:~g / 厢:~h / 碴:~j / 奇巧:~ag / 奇功:~al
moc_wubi86_simp	dt	帮: / 邦:~b / 寿:~f / 砟:~h / 硌:~k / 硇:~l	帮: / 邦:~b / 寿:~f / 砟:~h / 硌:~k / 硇:~l
moc_wubi86_simp	du	磁: / 磙:~c / 磋:~d / 辜:~j / 碚:~k / 碰:~o	磁: / 磙:~c / 磋:~d / 辜:~j / 碚:~k / 碰:~o
moc_wubi86_simp	dv	肆: / 厩:~c / 碌:~i / 非君莫属:~an / 大舅子:~bb / 大杂院:~bp	肆: / 厩:~c / 碌:~i / 非君莫属:~an / 大舅子:~bb / 大杂院:~bp
moc_wubi86_simp	dw	春: / 砼:~a / 奉:~f / 奏:~g / 仄:~i / 秦:~t	春: / 砼:~a / 奉:~f / 奏:~g / 仄:~i / 秦:~t
moc_wubi86_simp	dy	太: / 礅:~b / 硫:~c / 丈:~i / 态:~n / 矿:~t	太: / 礅:~b / 硫:~c / 丈:~i / 态:~n / 矿:~t
moc_wubi86_simp	e	有: / 月: / 肛:~a / 服:~b / 肥:~c / 须:~d	有: / 月: / 肛:~a / 服:~b / 肥:~c / 须:~d
moc_wubi86_simp	ea	肛: / 腻:~f / 胨:~i / 腊:~j / 朦:~p / 腊黄:~am	肛: / 腻:~f / 胨:~i / 腊:~j / 朦:~p / 腊黄:~am
moc_wubi86_simp	ed	须: / 腌: / 肱:~c / 胯:~f / 腠:~w / 胧:~x	须: / 腌: / 肱:~c / 胯:~f / 腠:~w / 胧:~x
moc_wubi86_simp	ee	朋: / 貌: / 貘:~a / 脬:~b / 貊:~d / 月:~e	朋: / 貌: / 貘:~a / 脬:~b / 貊:~d / 月:~e
moc_wubi86_simp	ef	肝: / 肢:~c / 肚:~g / 肼:~j / 膨:~k / 腩:~m	肝: / 肢:~c / 肚:~g / 肼:~j / 膨:~k / 腩:~m
moc_wubi86_simp	el	肋: / 胭:~d / 胛:~h / 爵:~v / 胁:~w / 爱因斯坦:~af	肋: / 胭:~d / 胛:~h / 爵:~v / 胁:~w / 爱因斯坦:~af
moc_wubi86_simp	em	肌: / 腆:~a / 股:~c / 胴:~g / 觅:~q / 悬崖勒马:~ac	肌: / 腆:~a / 股:~c / 胴:~g / 觅:~q / 悬崖勒马:~ac
moc_wubi86_simp	en	甩: / 脲:~i / 肠:~r / 肠子:~bb / 甩出:~bm / 胸怀大志:~df	甩: / 脲:~i / 肠:~r / 肠子:~bb / 甩出:~bm / 胸怀大志:~df
moc_wubi86_simp	ep	爱: / 受:~c / 脓:~e / 脘:~f / 腚:~g / 逐:~i	爱: / 受:~c / 脓:~e / 脘:~f / 腚:~g / 逐:~i
moc_wubi86_simp	eq	胸: / 胝:~a / 脆:~d / 朐:~k / 胞:~n / 脆薄:~ai	胸: / 胝:~a / 脆:~d / 朐:~k / 胞:~n / 脆薄:~ai
moc_wubi86_simp	et	用: / 胀:~a / 胜:~g / 胙:~h / 腹:~j / 胳:~k	用: / 胀:~a / 胜:~g / 胙:~h / 腹:~j / 胳:~k
moc_wubi86_simp	eu	胶: / 胼:~a / 腾:~d / 胖:~f / 臆:~j / 脱:~k	胶: / 胼:~a / 腾:~d / 胖:~f / 臆:~j / 脱:~k
moc_wubi86_simp	ev	妥: / 腿:~e / 腴:~w / 舀:~f / 腱鞘:~af / 腿勤:~ak	妥: / 腿:~e / 腴:~w / 舀:~f / 腱鞘:~af / 腿勤:~ak
moc_wubi86_simp	ew	脸: / 胗:~e / 脍:~f / 脸子:~bb / 脸孔:~bn / 脸面:~dm	脸: / 胗:~e / 脍:~f / 脸子:~bb / 脸孔:~bn / 脸面:~dm
moc_wubi86_simp	ey	及: / 脑:~b / 脏:~f / 脐:~j / 膻:~l / 肮:~m	及: / 脑:~b / 脏:~f / 脐:~j / 膻:~l / 肮:~m
moc_wubi86_simp	f	地: / 土: / 载:~a / 支:~c / 城:~d / 圾:~e	地: / 土: / 载:~a / 支:~c / 城:~d / 圾:~e
moc_wubi86_simp	fa	载: / 堪:~d / 霰:~e / 霸:~f / 卉:~j / 哉:~k	载: / 堪:~d / 霰:~e / 霸:~f / 卉:~j / 哉:~k
moc_wubi86_simp	fc	支: / 却:~b / 动:~l / 翅:~n / 运:~p / 魂:~r	支: / 却:~b / 动:~l / 翅:~n / 运:~p / 魂:~r
moc_wubi86_simp	fd	城: / 震:~f / 埯:~j / 需:~m / 塬:~r / 霍布斯:~ad	城: / 震:~f / 埯:~j / 需:~m / 塬:~r / 霍布斯:~ad
moc_wubi86_simp	ff	寺: / 坛:~c / 圭:~f / 填:~h / 款:~i / 圬:~n	寺: / 坛:~c / 圭:~f / 填:~h / 款:~i / 圬:~n
moc_wubi86_simp	fg	二: / 垤:~c / 博:~e / 圩:~f / 十:~h / 坏:~i	二: / 垤:~c / 博:~e / 圩:~f / 十:~h / 坏:~i
moc_wubi86_simp	fh	直: / 越:~a / 趣:~b / 坡:~c / 趄:~e / 址:~g	直: / 越:~a / 趣:~b / 坡:~c / 趄:~e / 址:~g
moc_wubi86_simp	fi	示: / 霄:~e / 霈:~g / 未:~i / 嫠:~t / 求:~y	示: / 霄:~e / 霈:~g / 未:~i / 嫠:~t / 求:~y
moc_wubi86_simp	fj	进: / 戟:~a / 朝:~e / 埋:~f / 坦:~g / 刊:~h	进: / 戟:~a / 朝:~e / 埋:~f / 坦:~g / 刊:~h
moc_wubi86_simp	fk	吉: / 颉:~d / 袁:~e / 埕:~g / 圳:~h / 酃:~k	吉: / 颉:~d / 袁:~e / 埕:~g / 圳:~h / 酃:~k
moc_wubi86_simp	fl	协: / 雷:~f / 塄:~y / 填鸭式:~aa / 雷区:~aq / 朝思暮想:~as	协: / 雷:~f / 塄:~y / 填鸭式:~aa / 雷区:~aq / 朝思暮想:~as
moc_wubi86_simp	fm	南: / 垌:~g / 击:~k / 垛:~s / 坝:~y / 击节:~ab	南: / 垌:~g / 击:~k / 垛:~s / 坝:~y / 击节:~ab
moc_wubi86_simp	fn	志: / 韦:~h / 墀:~i / 霹:~k / 馨:~m / 圯:~n	志: / 韦:~h / 霹:~k / 馨:~m / 圯:~n / 声:~r
moc_wubi86_simp	fp	过: / 勃:~b / 垸:~f / 壹:~g / 毂:~l / 壳:~m	过: / 勃:~b / 垸:~f / 壹:~g / 毂:~l / 壳:~m
moc_wubi86_simp	fq	无: / 坻:~a / 元:~b / 顽:~d / 堍:~k / 雹:~n	无: / 坻:~a / 元:~b / 顽:~d / 堍:~k / 雹:~n
moc_wubi86_simp	fr	垢: / 坂:~c / 圻:~h / 埤:~t / 坼:~y / 直捣黄龙:~ad	垢: / 坂:~c / 圻:~h / 埤:~t / 坼:~y / 直捣黄龙:~ad
moc_wubi86_simp	fs	霜: / 堙:~f / 坷:~k / 霖:~s / 霜期:~ad / 赤橙黄绿青蓝紫:~ah	霜: / 堙:~f / 坷:~k / 霖:~s / 霜期:~ad / 赤橙黄绿青蓝紫:~ah
moc_wubi86_simp	ft	才: / 孝:~b / 霆:~f / 考:~g / 者:~j / 雾:~l	才: / 孝:~b / 霆:~f / 考:~g / 者:~j / 雾:~l
moc_wubi86_simp	fu	增: / 丧:~e / 幸:~f / 垃:~g / 境:~j / 培:~k	增: / 丧:~e / 幸:~f / 垃:~g / 境:~j / 培:~k
moc_wubi86_simp	fw	夫: / 替:~f / 规:~m / 埠:~n / 赍:~w / 堆:~y	夫: / 替:~f / 规:~m / 埠:~n / 堆:~y / 零工:~aa
moc_wubi86_simp	fy	坟: / 墩:~b / 霁:~j / 壤:~k / 坑:~m / 坊:~n	坟: / 墩:~b / 霁:~j / 壤:~k / 坑:~m / 坊:~n
moc_wubi86_simp	g	一: / 王: / 开:~a / 屯:~b / 到:~c / 天:~d	一: / 王: / 开:~a / 屯:~b / 到:~c / 天:~d
moc_wubi86_simp	ga	开: / 邢:~b / 琪:~d / 形:~e / 武:~h / 弄:~j	开: / 邢:~b / 琪:~d / 形:~e / 武:~h / 弄:~j
moc_wubi86_simp	gb	屯: / 珥:~g / 一阵子:~bb / 屯聚:~bc / 一阵阵:~bl / 不了了之:~bp	屯: / 珥:~g / 一阵子:~bb / 屯聚:~bc / 一阵阵:~bl / 不了了之:~bp
moc_wubi86_simp	ge	表: / 青:~f / 玥:~g / 甫:~h / 靓:~m / 靛:~p	表: / 青:~f / 玥:~g / 甫:~h / 靓:~m / 靛:~p
moc_wubi86_simp	gf	于: / 珐:~c / 玕:~h / 球:~i / 盂:~l / 玮:~n	于: / 珐:~c / 玕:~h / 球:~i / 盂:~l / 玮:~n
moc_wubi86_simp	gg	五: / 琶:~c / 王:~g / 环:~i / 一:~l / 瑟:~n	五: / 琶:~c / 王:~g / 环:~i / 一:~l / 瑟:~n
moc_wubi86_simp	gh	下: / 琥:~a / 玻:~c / 正:~d / 焉:~g / 玷:~k	下: / 琥:~a / 玻:~c / 正:~d / 焉:~g / 玷:~k
moc_wubi86_simp	gi	不: / 甭:~e / 歪:~g / 否:~k / 琐:~m / 还:~p	不: / 甭:~e / 歪:~g / 否:~k / 琐:~m / 还:~p
moc_wubi86_simp	gj	理: / 亘:~g / 惠:~h / 更:~q / 琨:~x / 理工:~aa	理: / 亘:~g / 惠:~h / 更:~q / 琨:~x / 理工:~aa
moc_wubi86_simp	gl	画: / 盏:~f / 柬:~i / 珈:~k / 琏:~p / 画工:~aa	画: / 盏:~f / 柬:~i / 珈:~k / 琏:~p / 画工:~aa
moc_wubi86_simp	gm	现: / 曹:~a / 瑞:~d / 再:~f / 刺:~i / 珊:~m	现: / 曹:~a / 瑞:~d / 再:~f / 刺:~i / 珊:~m
moc_wubi86_simp	gn	与: / 珉:~a / 琚:~d / 瑕:~h / 瓦:~y / 瓦工:~aa	与: / 珉:~a / 琚:~d / 瑕:~h / 瓦:~y / 瓦工:~aa
moc_wubi86_simp	gp	琮: / 珲:~l / 琬:~q / 琛:~w / 不定期:~ad / 一家子:~bb	琮: / 珲:~l / 琬:~q / 琛:~w / 不定期:~ad / 一家子:~bb
moc_wubi86_simp	gq	列: / 殛:~b / 殆:~c / 殂:~e / 殖:~f / 残:~g	列: / 殛:~b / 殆:~c / 殂:~e / 殖:~f / 残:~g
moc_wubi86_simp	gr	珠: / 碧:~d / 珀:~g / 瑰:~q / 更年期:~ad / 一抔黄土:~af	珠: / 碧:~d / 珀:~g / 瑰:~q / 更年期:~ad / 一抔黄土:~af
moc_wubi86_simp	gs	末: / 玎:~h / 珂:~k / 琳:~s / 末节:~ab / 末期:~ad	末: / 玎:~h / 珂:~k / 琳:~s / 末节:~ab / 末期:~ad
moc_wubi86_simp	gt	玫: / 珩:~f / 珞:~k / 璁:~l / 麦:~u / 麦芽:~aa	玫: / 珩:~f / 珞:~k / 璁:~l / 麦:~u / 麦芽:~aa
moc_wubi86_simp	gu	平: / 璋:~j / 夹:~w / 一站式:~aa / 夹菜:~ae / 不辨菽麦:~ag	平: / 璋:~j / 夹:~w / 一站式:~aa / 夹菜:~ae / 平卧:~ah
moc_wubi86_simp	gv	妻: / 瑙:~t / 天女散花:~aa / 不好惹:~ad / 一刀切:~av / 妻子:~bb	妻: / 瑙:~t / 天女散花:~aa / 不好惹:~ad / 一刀切:~av / 妻子:~bb
moc_wubi86_simp	gw	珍: / 玳:~a / 瑜:~g / 玢:~v / 玲:~y / 珍藏:~ad	珍: / 玳:~a / 瑜:~g / 玢:~v / 玲:~y / 珍藏:~ad
moc_wubi86_simp	gx	互: / 纛:~f / 素:~i / 夷:~w / 素菜:~ae / 素雅:~ah	互: / 纛:~f / 素:~i / 夷:~w / 素菜:~ae / 素雅:~ah
moc_wubi86_simp	gy	玉: / 璃:~b / 琉:~c / 斑:~g / 班:~t / 琅:~v	玉: / 璃:~b / 琉:~c / 斑:~g / 班:~t / 琅:~v
moc_wubi86_simp	h	上: / 目: / 虎:~a / 皮:~c / 睚:~d / 肯:~e	上: / 目: / 虎:~a / 皮:~c / 睚:~d / 肯:~e
moc_wubi86_simp	ha	虎: / 虐:~a / 遽:~e / 眶:~g / 虞:~k / 瞄:~l	虎: / 虐:~a / 遽:~e / 眶:~g / 虞:~k / 瞄:~l
moc_wubi86_simp	he	肯: / 瞬:~p / 睬:~s / 肯干:~fg / 肯于:~gf / 瞬时:~jf	肯: / 瞬:~p / 睬:~s / 肯干:~fg / 肯于:~gf / 瞬时:~jf
moc_wubi86_simp	hf	睦: / 歧:~c / 眭:~f / 睹:~t / 歧出:~bm / 目击耳闻:~bu	睦: / 歧:~c / 眭:~f / 睹:~t / 歧出:~bm / 目击耳闻:~bu
moc_wubi86_simp	hg	睛: / 盹:~b / 盱:~f / 眄:~h / 凸:~m / 睐:~o	睛: / 盹:~b / 盱:~f / 眄:~h / 凸:~m / 睐:~o
moc_wubi86_simp	hh	止: / 上:~g / 卡:~u / 矍:~w / 眦:~x / 卜:~y	止: / 上:~g / 卡:~u / 矍:~w / 眦:~x / 卜:~y
moc_wubi86_simp	hi	步: / 叔:~c / 频:~d / 瞠:~p / 眺:~q / 眇:~t	步: / 叔:~c / 频:~d / 瞠:~p / 眺:~q / 眇:~t
moc_wubi86_simp	hj	旧: / 卓:~j / 桌:~s / 旧式:~aa / 卓著:~af / 旧臣:~ah	旧: / 卓:~j / 桌:~s / 旧式:~aa / 卓著:~af / 旧臣:~ah
moc_wubi86_simp	hk	占: / 战:~a / 觇:~m / 乩:~n / 点:~o / 点菜:~ae	占: / 战:~a / 觇:~m / 乩:~n / 点:~o / 点菜:~ae
moc_wubi86_simp	hl	卤: / 卣:~n / 卤菜:~ae / 卤素:~gx / 卤汁:~if / 卤水:~ii	卤: / 卤菜:~ae / 卤素:~gx / 卤汁:~if / 卤水:~ii / 卤味:~kf
moc_wubi86_simp	hn	卢: / 眠:~a / 瞰:~b / 鼎:~d / 鸬:~q / 瞩:~t	卢: / 眠:~a / 瞰:~b / 鼎:~d / 鸬:~q / 瞩:~t
moc_wubi86_simp	ho	眯: / 眯起:~fh / 目迷五色:~gq / 柴米油盐:~if / 彪炳千古:~td / 眯缝:~xt	眯: / 眯起:~fh / 柴米油盐:~if / 彪炳千古:~td / 眯缝:~xt
moc_wubi86_simp	ht	睡: / 瞅:~o / 眨:~p / 肯德基:~ad / 睡卧:~ah / 睡莲:~al	睡: / 瞅:~o / 眨:~p / 肯德基:~ad / 睡卧:~ah / 睡莲:~al
moc_wubi86_simp	hu	瞳: / 鼎新革故:~ad / 上善若水:~ai / 虎头燕颔:~aw / 止痛药:~ax / 瞳孔:~bn	瞳: / 鼎新革故:~ad / 上善若水:~ai / 止痛药:~ax / 瞳孔:~bn / 虎背熊腰:~ce
moc_wubi86_simp	hv	眼: / 睨:~q / 眼花:~aw / 眼药:~ax / 眼耳:~bg / 眼孔:~bn	眼: / 睨:~q / 眼花:~aw / 眼药:~ax / 眼耳:~bg / 眼孔:~bn
moc_wubi86_simp	hw	具: / 齿:~b / 瞪:~g / 盼:~v / 瞧:~y / 龉:~b	具: / 齿:~b / 瞪:~g / 盼:~v / 瞧:~y / 龉:~b
moc_wubi86_simp	hx	此: / 些:~f / 柴:~s / 雌:~w / 占比:~x / 訾:~y	此: / 些:~f / 柴:~s / 雌:~w / 占比:~x / 訾:~y
moc_wubi86_simp	i	不: / 水: / 江:~a / 池:~b / 汉:~c / 尖:~d	不: / 水: / 江:~a / 池:~b / 汉:~c / 尖:~d
moc_wubi86_simp	ia	江: / 湛:~d / 泔:~f / 漠:~j / 灌:~k / 潢:~m	江: / 湛:~d / 泔:~f / 漠:~j / 灌:~k / 潢:~m
moc_wubi86_simp	ib	池: / 洱:~g / 涵:~i / 凼:~k / 泐:~l / 滁:~w	池: / 洱:~g / 涵:~i / 凼:~k / 泐:~l / 滁:~w
moc_wubi86_simp	id	尖: / 湖:~e / 涯:~f / 沽:~g / 沣:~h / 尜:~i	尖: / 湖:~e / 涯:~f / 沽:~g / 沣:~h / 尜:~i
moc_wubi86_simp	il	渐: / 涸:~d / 渭:~e / 涠:~f / 泗:~g / 洄:~k	渐: / 涸:~d / 渭:~e / 涠:~f / 泗:~g / 洄:~k
moc_wubi86_simp	im	没: / 澧:~a / 湍:~d / 滑:~e / 油:~g / 汕:~h	没: / 澧:~a / 湍:~d / 滑:~e / 油:~g / 汕:~h
moc_wubi86_simp	in	沁: / 泯:~a / 澉:~b / 汛:~f / 渥:~g / 湄:~h	沁: / 泯:~a / 澉:~b / 汛:~f / 渥:~g / 湄:~h
moc_wubi86_simp	ip	学: / 浓:~e / 尝:~f / 演:~g / 党:~k / 浑:~l	学: / 浓:~e / 尝:~f / 演:~g / 党:~k / 浑:~l
moc_wubi86_simp	iq	光: / 沟:~c / 淆:~d / 淦:~g / 泺:~i / 洵:~j	光: / 沟:~c / 淆:~d / 淦:~g / 泺:~i / 洵:~j
moc_wubi86_simp	ir	泊: / 湃:~d / 派:~e / 沂:~h / 洙:~i / 汽:~n	泊: / 湃:~d / 派:~e / 沂:~h / 洙:~i / 汽:~n
moc_wubi86_simp	is	洒: / 漂:~f / 汀:~h / 潭:~j / 河:~k / 淅:~r	洒: / 漂:~f / 汀:~h / 潭:~j / 河:~k / 淅:~r
moc_wubi86_simp	iu	洋: / 溯:~b / 滚:~c / 湔:~e / 泮:~f / 泣:~g	洋: / 溯:~b / 滚:~c / 湔:~e / 泮:~f / 泣:~g
moc_wubi86_simp	iv	当: / 溉:~c / 汝:~g / 溲:~h / 渌:~i / 沼:~k	当: / 溉:~c / 汝:~g / 溲:~h / 渌:~i / 沼:~k
moc_wubi86_simp	iy	注: / 渡:~a / 淳:~b / 流:~c / 汴:~h / 济:~j	注: / 渡:~a / 淳:~b / 流:~c / 汴:~h / 济:~j
moc_wubi86_simp	j	是: / 日: / 虹:~a / 最:~b / 紧:~c / 晨:~d	是: / 日: / 虹:~a / 最:~b / 紧:~c / 晨:~d
moc_wubi86_simp	ja	虹: / 蜞:~d / 蚶:~f / 蚜:~h / 蜡:~j / 蜮:~k	虹: / 蜞:~d / 蚶:~f / 蚜:~h / 蜡:~j / 蜮:~k
moc_wubi86_simp	jc	紧: / 肾:~e / 坚:~f / 蚂:~g / 贤:~m / 竖:~u	紧: / 肾:~e / 坚:~f / 蚂:~g / 贤:~m / 竖:~u
moc_wubi86_simp	jd	晨: / 蛎:~d / 蝴:~e / 蛄:~g / 蚌:~h / 晟:~n	晨: / 蛎:~d / 蝴:~e / 蛄:~g / 蚌:~h / 晟:~n
moc_wubi86_simp	je	明: / 蜉:~b / 暖:~f / 盟:~l / 暧:~p / 明基:~ad	明: / 蜉:~b / 暖:~f / 盟:~l / 暧:~p / 明基:~ad
moc_wubi86_simp	jf	时: / 野:~c / 里:~d / 蛙:~f / 旰:~h / 昧:~i	时: / 野:~c / 里:~d / 蛙:~f / 旰:~h / 昧:~i
moc_wubi86_simp	jg	量: / 蛭:~c / 昊:~d / 晴:~e / 旦:~f / 旺:~g	量: / 蛭:~c / 昊:~d / 晴:~e / 旦:~f / 旺:~g
moc_wubi86_simp	jh	早: / 冒:~f / 申:~k / 勖:~l / 早期:~ad / 虫牙:~ah	早: / 冒:~f / 申:~k / 勖:~l / 早期:~ad / 虫牙:~ah
moc_wubi86_simp	ji	晃: / 蛸:~e / 螳:~p / 晁:~q / 时光荏苒:~aa / 晃荡:~ai	晃: / 蛸:~e / 螳:~p / 晁:~q / 时光荏苒:~aa / 晃荡:~ai
moc_wubi86_simp	jl	曙: / 曼:~c / 蛊:~f / 蝈:~g / 蛔:~k / 螺:~x	曙: / 曼:~c / 蛊:~f / 蝈:~g / 蛔:~k / 螺:~x
moc_wubi86_simp	jm	遇: / 蛐:~a / 映:~d / 蚰:~g / 帅:~h / 虮:~n	遇: / 蛐:~a / 映:~d / 蚰:~g / 帅:~h / 虮:~n
moc_wubi86_simp	jn	电: / 暇:~h / 虬:~n / 遢:~p / 曜:~w / 昵:~x	电: / 暇:~h / 虬:~n / 遢:~p / 曜:~w / 昵:~x
moc_wubi86_simp	jo	显: / 炅:~u / 蝼:~v / 显著:~af / 显荣:~ap / 显出:~bm	显: / 炅:~u / 蝼:~v / 显著:~af / 显荣:~ap / 显出:~bm
moc_wubi86_simp	jp	晕: / 暄:~g / 螟:~j / 蜿:~q / 晏:~v / 蛇:~x	晕: / 暄:~g / 螟:~j / 蜿:~q / 晏:~v / 蛇:~x
moc_wubi86_simp	jt	昨: / 蜂:~d / 蚝:~f / 星:~g / 蜊:~j / 晌:~m	昨: / 蜂:~d / 蚝:~f / 星:~g / 蜊:~j / 晌:~m
moc_wubi86_simp	jv	归: / 旯:~b / 螋:~h / 昭:~k / 归期:~ad / 昭著:~af	归: / 旯:~b / 螋:~h / 昭:~k / 归期:~ad / 昭著:~af
moc_wubi86_simp	jy	景: / 暾:~b / 蛀:~g / 蛴:~j / 曩:~k / 虻:~n	景: / 暾:~b / 蛀:~g / 蛴:~j / 曩:~k / 虻:~n
moc_wubi86_simp	k	中: / 口: / 呀:~a / 啊:~b / 吧:~c / 顺:~d	中: / 口: / 呀:~a / 啊:~b / 吧:~c / 顺:~d
moc_wubi86_simp	kb	啊: / 嗫:~c / 叩:~h / 咄:~m / 吼:~n / 哈耶克:~dq	啊: / 嗫:~c / 叩:~h / 咄:~m / 吼:~n / 哈耶克:~dq
moc_wubi86_simp	kd	顺: / 呃:~b / 喹:~f / 咕:~g / 嘎:~h / 啡:~j	顺: / 呃:~b / 喹:~f / 咕:~g / 嘎:~h / 啡:~j
moc_wubi86_simp	kf	叶: / 喷:~a / 吱:~c / 嚅:~d / 哇:~f / 吐:~g	叶: / 喷:~a / 吱:~c / 嚅:~d / 哇:~f / 吐:~g
moc_wubi86_simp	kg	呈: / 吨:~b / 吴:~d / 哺:~e / 吓:~h / 呸:~i	呈: / 吨:~b / 吴:~d / 哺:~e / 吓:~h / 呸:~i
moc_wubi86_simp	ki	吵: / 哨:~e / 啵:~h / 唢:~m / 咣:~q / 啤酒花:~aw	吵: / 哨:~e / 啵:~h / 唢:~m / 咣:~q / 啤酒花:~aw
moc_wubi86_simp	kj	虽: / 嘬:~b / 哩:~f / 呻:~h / 唱:~j / 喁:~m	虽: / 嘬:~b / 哩:~f / 呻:~h / 唱:~j / 喁:~m
moc_wubi86_simp	kk	吕: / 骂:~c / 器:~d / 串:~h / 品:~k / 鼍:~l	吕: / 骂:~c / 器:~d / 串:~h / 品:~k / 鼍:~l
moc_wubi86_simp	kl	另: / 咽:~d / 喟:~e / 嘿:~f / 喂:~g / 呷:~h	另: / 咽:~d / 喟:~e / 嘿:~f / 喂:~g / 呷:~h
moc_wubi86_simp	km	员: / 嗣:~a / 郧:~b / 喘:~d / 嘣:~e / 啁:~f	员: / 嗣:~a / 郧:~b / 喘:~d / 嘣:~e / 啁:~f
moc_wubi86_simp	kq	史: / 兄:~b / 唏:~d / 噜:~g / 唤:~m / 咆:~n	史: / 兄:~b / 唏:~d / 噜:~g / 唤:~m / 咆:~n
moc_wubi86_simp	kt	呼: / 噬:~a / 唾:~g / 咱:~h / 咯:~k / 响:~m	呼: / 噬:~a / 唾:~g / 咱:~h / 咯:~k / 响:~m
moc_wubi86_simp	kv	哪: / 呶:~c / 哏:~e / 嗖:~h / 啸:~i / 叨:~n	哪: / 呶:~c / 哏:~e / 嗖:~h / 啸:~i / 叨:~n
moc_wubi86_simp	kw	只: / 呛:~b / 嗡:~c / 咐:~f / 哈:~g / 喉:~n	只: / 呛:~b / 嗡:~c / 咐:~f / 哈:~g / 喉:~n
moc_wubi86_simp	kx	哟: / 喙:~e / 吲:~h / 呦:~l / 叱:~n / 吡:~x	哟: / 喙:~e / 吲:~h / 呦:~l / 叱:~n / 吡:~x
moc_wubi86_simp	ky	嘛: / 哼:~b / 唷:~c / 唁:~g / 嚷:~k / 吭:~m	嘛: / 哼:~b / 唷:~c / 唁:~g / 嚷:~k / 吭:~m
moc_wubi86_simp	l	国: / 田: / 轼:~a / 轻:~c / 因:~d / 胃:~e	国: / 田: / 轼:~a / 轻:~c / 因:~d / 胃:~e
moc_wubi86_simp	la	轼: / 羁:~f / 羁勒:~af / 黑茫茫:~ai / 黑蒙蒙:~ap / 黑匣子:~bb	轼: / 羁:~f / 黑茫茫:~ai / 黑蒙蒙:~ap / 黑匣子:~bb / 斩草除根:~bs
moc_wubi86_simp	lc	轻: / 轰:~c / 轻工:~aa / 轻薄:~ai / 轻取:~bc / 轰隆:~bt	轻: / 轰:~c / 轻工:~aa / 轻薄:~ai / 轻取:~bc / 轰隆:~bt
moc_wubi86_simp	ld	因: / 轭:~b / 固:~d / 囿:~e / 罟:~f / 轱:~g	因: / 轭:~b / 固:~d / 囿:~e / 罟:~f / 轱:~g
moc_wubi86_simp	le	胃: / 回肠荡气:~ar / 男朋友:~dc / 四肢百骸:~dm / 胃肠:~en / 胃腺:~er	胃: / 回肠荡气:~ar / 男朋友:~dc / 四肢百骸:~dm / 胃肠:~en / 胃腺:~er
moc_wubi86_simp	lf	轩: / 罢:~c / 畦:~f / 辕:~k / 罱:~m / 转:~n	轩: / 罢:~c / 畦:~f / 辕:~k / 罱:~m / 转:~n
moc_wubi86_simp	lg	车: / 囤:~b / 轾:~c / 畏:~e / 罡:~h / 罘:~i	车: / 囤:~b / 轾:~c / 畏:~e / 罡:~h / 罘:~i
moc_wubi86_simp	ll	男: / 圜:~g / 田:~l / 男子:~bb / 田联:~bu / 男队:~bw	男: / 圜:~g / 田:~l / 男子:~bb / 田联:~bu / 男队:~bw
moc_wubi86_simp	lm	轴: / 辋: / 轴子:~bb / 轴承:~bd / 轴套:~dd / 四则运算:~ft	轴: / 辋: / 轴子:~bb / 轴承:~bd / 轴套:~dd / 四则运算:~ft
moc_wubi86_simp	ln	思: / 轧: / 辗:~a / 罹:~w / 思慕:~aj / 罹难:~cw	思: / 轧: / 辗:~a / 罹:~w / 思慕:~aj / 罹难:~cw
moc_wubi86_simp	lt	力: / 图: / 轿:~d / 略:~k / 畋:~y / 辂:~k	力: / 图: / 轿:~d / 略:~k / 畋:~y / 图式:~aa
moc_wubi86_simp	lu	较: / 圈: / 畔:~f / 疃:~j / 罾:~l / 圈子:~bb	较: / 圈: / 畔:~f / 疃:~j / 罾:~l / 圈子:~bb
moc_wubi86_simp	lv	轨: / 囡:~d / 辎:~l / 轫:~y / 软刀子:~bb / 男女老少:~fi	轨: / 囡:~d / 辎:~l / 轫:~y / 软刀子:~bb / 男女老少:~fi
moc_wubi86_simp	ly	罚: / 辙:~c / 詈:~f / 辘:~n / 国庆节:~ab / 罪该万死:~dg	罚: / 辙:~c / 詈:~f / 辘:~n / 国庆节:~ab / 罪该万死:~dg
moc_wubi86_simp	m	同: / 山: / 曲:~a / 邮:~b / 凤:~c / 央:~d	同: / 山: / 曲:~a / 邮:~b / 凤:~c / 央:~d
moc_wubi86_simp	md	央: / 岸: / 贿:~e / 岩:~f / 崦:~j / 盎:~l	央: / 岸: / 贿:~e / 岩:~f / 崦:~j / 盎:~l
moc_wubi86_simp	mf	财: / 岐:~c / 冉:~d / 峙:~f / 巅:~h / 赇:~i	财: / 岐:~c / 冉:~d / 峙:~f / 巅:~h / 赇:~i
moc_wubi86_simp	mg	同: / 贱: / 赋:~a / 赙:~e / 屿:~n / 崃:~o	同: / 贱: / 赋:~a / 赙:~e / 屿:~n / 崃:~o
moc_wubi86_simp	mh	由: / 贝: / 帏:~f / 幅:~g / 帖:~h / 帽:~j	由: / 贝: / 帏:~f / 幅:~g / 帖:~h / 帽:~j
moc_wubi86_simp	mi	峭: / 嵴:~w / 风清月朗:~ey / 风流云散:~fa / 峭直:~fh / 山水画:~gl	峭: / 嵴:~w / 风清月朗:~ey / 山水画:~gl / 见光死:~gq / 雕梁画栋:~gs
moc_wubi86_simp	mk	迥: / 贶:~q / 风吹草动:~af / 凤鸣朝阳:~fb / 风吹雨打:~fr / 肉中刺:~gm	迥: / 贶:~q / 风吹草动:~af / 风吹雨打:~fr / 肉中刺:~gm / 风口浪尖:~ii
moc_wubi86_simp	ml	崭: / 崮:~d / 岬:~h / 崽:~n / 崽子:~bb / 崭露:~fk	崭: / 崮:~d / 岬:~h / 崽:~n / 崽子:~bb / 崭露:~fk
moc_wubi86_simp	mm	册: / 凹: / 岫:~g / 山:~m / 岗:~q / 罂:~r	册: / 凹: / 岫:~g / 山:~m / 岗:~q / 罂:~r
moc_wubi86_simp	mn	岂: / 岷:~a / 嵋:~h / 剀:~j / 凯:~m / 屺:~n	岂: / 岷:~a / 嵋:~h / 剀:~j / 凯:~m / 屺:~n
moc_wubi86_simp	mp	迪: / 崇:~f / 贮:~g / 崆:~w / 贮藏:~ad / 崇敬:~aq	迪: / 崇:~f / 贮:~g / 崆:~w / 贮藏:~ad / 崇敬:~aq
moc_wubi86_simp	mq	风: / 见:~b / 购:~c / 赡:~d / 飓:~h / 冈:~i	风: / 见:~b / 购:~c / 赡:~d / 飓:~h / 冈:~i
moc_wubi86_simp	ms	朵: / 剁:~j / 岢:~k / 朵颐:~ah / 风樯阵马:~bc / 见可而进:~df	朵: / 剁:~j / 岢:~k / 朵颐:~ah / 见可而进:~df / 见机而行:~dt
moc_wubi86_simp	mt	几: / 账:~a / 峰:~d / 赂:~k / 贬:~p / 峨:~r	几: / 账:~a / 峰:~d / 赂:~k / 贬:~p / 峨:~r
moc_wubi86_simp	mu	赠: / 嵯:~d / 嶂:~j / 赔:~k / 赚:~v / 嵫:~x	赠: / 嵯:~d / 嶂:~j / 赔:~k / 赚:~v / 嵫:~x
moc_wubi86_simp	mx	嶷: / 曲终奏雅:~da / 冈比亚:~go / 由弱到强:~gx / 曲线图:~lt / 婴幼儿:~qt	嶷: / 冈比亚:~go / 由弱到强:~gx / 曲线图:~lt / 婴幼儿:~qt / 见缝插针:~rq
moc_wubi86_simp	n	民: / 已: / 敢:~b / 怪:~c / 居:~d / 导:~f	民: / 已: / 敢:~b / 怪:~c / 居:~d / 导:~f
moc_wubi86_simp	na	民: / 展:~e / 惬:~g / 异:~j / 懵:~l / 屉:~n	民: / 展:~e / 惬:~g / 异:~j / 懵:~l / 屉:~n
moc_wubi86_simp	nb	敢: / 孱:~b / 慑:~c / 屈:~m / 屙:~s / 屈节:~ab	敢: / 孱:~b / 慑:~c / 屈:~m / 屙:~s / 屈辱:~df
moc_wubi86_simp	nc	怪: / 惨:~d / 怡:~k / 悛:~w / 惨苦:~ad / 惨了:~bn	怪: / 惨:~d / 怡:~k / 悛:~w / 惨苦:~ad / 惨了:~bn
moc_wubi86_simp	nd	居: / 惰:~a / 怙:~g / 剧:~j / 怖:~m / 忧:~n	居: / 惰:~a / 怙:~g / 剧:~j / 怖:~m / 忧:~n
moc_wubi86_simp	nf	导: / 愤:~a / 层:~c / 丑:~d / 恃:~f / 慎:~h	导: / 愤:~a / 层:~c / 丑:~d / 恃:~f / 慎:~h
moc_wubi86_simp	ng	怀: / 屋:~c / 刁:~d / 情:~e / 怔:~h / 恒:~j	怀: / 屋:~c / 刁:~d / 情:~e / 怔:~h / 恒:~j
moc_wubi86_simp	nh	收: / 眉:~d / 胥:~e / 遐:~f / 蛋:~j / 鹛:~q	收: / 眉:~d / 胥:~e / 遐:~f / 蛋:~j / 鹛:~q
moc_wubi86_simp	nj	慢: / 悭:~c / 悍:~f / 怛:~g / 惕:~q / 惺:~t	慢: / 悭:~c / 悍:~f / 怛:~g / 惕:~q / 惺:~t
moc_wubi86_simp	nk	避: / 悒:~c / 忡:~h / 愕:~k / 辟:~u / 譬:~u	避: / 悒:~c / 忡:~h / 愕:~k / 辟:~u / 譬:~u
moc_wubi86_simp	nl	丙午(马)年八月廿六: / 二〇二六年八月二十六日: / 惭: / 翼:~a / 愣:~y / 尽力而为:~dy	丙午(马)年八月廿六: / 二〇二六年八月二十六日: / 惭: / 翼:~a / 愣:~y / 尽力而为:~dy
moc_wubi86_simp	nm	届: / 惆:~f / 恫:~g / 刷:~h / 恻:~j / 恺:~n	届: / 惆:~f / 恫:~g / 刷:~h / 恻:~j / 恺:~n
moc_wubi86_simp	nn	忆: / 巽:~a / 忸:~f / 己:~g / 书:~h / 局:~k	忆: / 巽:~a / 忸:~f / 己:~g / 书:~h / 局:~k
moc_wubi86_simp	no	屡: / 屎:~i / 屡获:~aq / 发烧友:~dc / 屡有:~de / 屡受:~ep	屡: / 屎:~i / 屡获:~aq / 发烧友:~dc / 屡有:~de / 屡受:~ep
moc_wubi86_simp	np	忱: / 恽:~l / 慎之又慎:~cn / 收之桑榆:~cs / 发祥地:~fb / 悔之无及:~fe	忱: / 恽:~l / 慎之又慎:~cn / 收之桑榆:~cs / 发祥地:~fb / 悔之无及:~fe
moc_wubi86_simp	nq	懈: / 恂:~j / 惚:~r / 怅然若失:~ar / 懈怠:~ck / 恍然大悟:~dn	懈: / 恂:~j / 惚:~r / 怅然若失:~ar / 懈怠:~ck / 恍然大悟:~dn
moc_wubi86_simp	nr	怕: / 忻:~h / 忾:~n / 愧:~q / 怕苦:~ad / 惶惑:~ak	怕: / 忻:~h / 忾:~n / 愧:~q / 怕苦:~ad / 惶惑:~ak
moc_wubi86_simp	ns	怵: / 恓:~g / 尽可能:~ce / 飞檐走壁:~fn / 心醉魂迷:~fo / 心想事成:~gd	怵: / 恓:~g / 尽可能:~ce / 飞檐走壁:~fn / 心醉魂迷:~fo / 心想事成:~gd
moc_wubi86_simp	nt	必: / 怅:~a / 悸:~b / 发:~c / 恬:~d / 尾:~f	必: / 怅:~a / 悸:~b / 发:~c / 恬:~d / 尾:~f
moc_wubi86_simp	nu	习: / 屏:~a / 翌:~f / 飞:~i / 惮:~j / 悦:~k	习: / 屏:~a / 翌:~f / 飞:~i / 惮:~j / 悦:~k
moc_wubi86_simp	nw	愉: / 怆:~b / 忪:~c / 戮:~e / 夬:~i / 惟:~y	愉: / 怆:~b / 忪:~c / 戮:~e / 夬:~i / 惟:~y
moc_wubi86_simp	nx	尼: / 惯:~f / 怫:~j / 屁:~x / 惯匪:~ad / 惯骗:~cy	尼: / 惯:~f / 怫:~j / 屁:~x / 惯匪:~ad / 惯骗:~cy
moc_wubi86_simp	ny	心: / 恼:~b / 惦:~h / 尺:~i / 昼:~j / 咫:~k	心: / 恼:~b / 惦:~h / 尺:~i / 昼:~j / 咫:~k
moc_wubi86_simp	o	为: / 火: / 煤:~a / 籽:~b / 烃:~c / 类:~d	为: / 火: / 煤:~a / 籽:~b / 烃:~c / 类:~d
moc_wubi86_simp	of	灶: / 糯:~d / 炜:~n / 烤:~t / 迷魂药:~ax / 迷魂阵:~bl	灶: / 糯:~d / 炜:~n / 烤:~t / 迷魂药:~ax / 迷魂阵:~bl
moc_wubi86_simp	og	业: / 邺:~b / 精:~e / 粳:~j / 焐:~k / 炳:~m	业: / 邺:~b / 精:~e / 粳:~j / 焐:~k / 炳:~m
moc_wubi86_simp	oh	粘: / 焯:~j / 粘附:~bw / 粘膜:~ea / 粘胶:~eu / 粘土:~ff	粘: / 焯:~j / 粘附:~bw / 粘膜:~ea / 粘胶:~eu / 粘土:~ff
moc_wubi86_simp	oi	炒: / 炒菜:~ae / 炒面:~dm / 炒股:~em / 烟消云散:~fa / 炒卖:~fn	炒: / 炒菜:~ae / 炒面:~dm / 炒股:~em / 烟消云散:~fa / 炒卖:~fn
moc_wubi86_simp	ol	烟: / 煨:~g / 烟草:~aj / 烟蒂:~au / 烟花:~aw / 烟台:~ck	烟: / 煨:~g / 烟草:~aj / 烟蒂:~au / 烟花:~aw / 烟台:~ck
moc_wubi86_simp	on	断: / 炔:~w / 烬:~y / 灯心草:~aj / 断除:~bw / 断码:~dc	断: / 炔:~w / 烬:~y / 灯心草:~aj / 断除:~bw / 断码:~dc
moc_wubi86_simp	oo	炎: / 郯:~b / 剡:~j / 火:~o / 火葬:~ag / 火苗:~al	炎: / 郯:~b / 剡:~j / 火:~o / 火葬:~ag / 火苗:~al
moc_wubi86_simp	op	迷: / 烷:~f / 煊:~g / 熔:~w / 迷茫:~ai / 迷惑:~ak	迷: / 烷:~f / 煊:~g / 熔:~w / 迷茫:~ai / 迷惑:~ak
moc_wubi86_simp	or	煌: / 粕:~g / 炘:~h / 烂摊子:~bb / 粗制滥造:~it / 煤气灶:~of	煌: / 粕:~g / 炘:~h / 烂摊子:~bb / 粗制滥造:~it / 煤气灶:~of
moc_wubi86_simp	os	灯: / 粞:~g / 灯节:~ab / 灯草:~aj / 灯芯:~an / 灯花:~aw	灯: / 粞:~g / 灯节:~ab / 灯草:~aj / 灯芯:~an / 灯花:~aw
moc_wubi86_simp	ot	烽: / 糙:~f / 炸:~h / 烙:~k / 燠:~m / 燔:~o	烽: / 糙:~f / 炸:~h / 烙:~k / 燠:~m / 燔:~o
moc_wubi86_simp	ou	料: / 烊:~d / 燧:~e / 粒:~g / 焙:~k / 熵:~m	料: / 烊:~d / 燧:~e / 粒:~g / 焙:~k / 熵:~m
moc_wubi86_simp	ox	糨: / 灯红酒绿:~ix / 粉丝团:~lf / 断线风筝:~mt / 糨糊:~od / 粉红色:~qc	糨: / 灯红酒绿:~ix / 粉丝团:~lf / 断线风筝:~mt / 糨糊:~od / 粉红色:~qc
moc_wubi86_simp	p	这: / 之: / 宽:~a / 字:~b / 害:~d / 家:~e	这: / 之: / 宽:~a / 字:~b / 害:~d / 家:~e
moc_wubi86_simp	pa	宽: / 宦:~h / 寞:~j / 空荡荡:~ai / 密匝匝:~am / 宽限:~bv	宽: / 宦:~h / 寞:~j / 空荡荡:~ai / 密匝匝:~am / 宽限:~bv
moc_wubi86_simp	pd	害: / 宏:~c / 寡:~e / 宕:~f / 寄:~s / 寮:~u	害: / 宏:~c / 寡:~e / 宕:~f / 寄:~s / 寮:~u
moc_wubi86_simp	pe	家: / 宜:~g / 农:~i / 冢:~y / 农工:~aa / 家臣:~ah	家: / 宜:~g / 农:~i / 冢:~y / 农工:~aa / 家臣:~ah
moc_wubi86_simp	pf	守: / 宗:~i / 寒:~j / 完:~q / 完工:~aa / 守节:~ab	守: / 宗:~i / 寒:~j / 完:~q / 完工:~aa / 守节:~ab
moc_wubi86_simp	pg	定: / 室:~c / 宇:~f / 宣:~j / 富:~k / 寅:~m	定: / 室:~c / 宇:~f / 宣:~j / 富:~k / 寅:~m
moc_wubi86_simp	pi	宵: / 家常菜:~ae / 穿小鞋:~af / 农学院:~bp / 寒江孤影，江湖故人:~bw / 宵小:~ih	宵: / 家常菜:~ae / 穿小鞋:~af / 农学院:~bp / 寒江孤影，江湖故人:~bw / 宵小:~ih
moc_wubi86_simp	pj	审: / 幂:~d / 寓:~m / 冥:~u / 宴:~v / 穷日子:~bb	审: / 幂:~d / 寓:~m / 冥:~u / 宴:~v / 穷日子:~bb
moc_wubi86_simp	pk	宫: / 宫苑:~aq / 富贵荣华:~aw / 宫颈:~ca / 宫城:~fd / 宫墙:~ff	宫: / 宫苑:~aq / 富贵荣华:~aw / 宫颈:~ca / 宫城:~fd / 宫墙:~ff
moc_wubi86_simp	pm	宙: / 冗:~b / 宙斯:~ad / 剜肉医疮:~au / 家贼难防:~cb / 视网膜:~ea	宙: / 冗:~b / 宙斯:~ad / 家贼难防:~cb / 视网膜:~ea / 穿山越岭:~fm
moc_wubi86_simp	pn	官: / 密:~t / 寥:~w / 农民工:~aa / 突尼斯:~ad / 空心菜:~ae	官: / 密:~t / 寥:~w / 农民工:~aa / 突尼斯:~ad / 空心菜:~ae
moc_wubi86_simp	pp	之: / 安之若素:~ag / 之际:~bf / 写字台:~ck / 冤家对头:~cu / 之友:~dc	之: / 安之若素:~ag / 之际:~bf / 写字台:~ck / 冤家对头:~cu / 之友:~dc
moc_wubi86_simp	pq	宛: / 冤:~k / 鸩:~q / 宛若:~ad / 宽银幕:~aj / 冤孽:~aw	宛: / 冤:~k / 鸩:~q / 宛若:~ad / 宽银幕:~aj / 冤孽:~aw
moc_wubi86_simp	pr	宾: / 牢:~h / 神鬼莫测:~ai / 官卑职小:~bi / 牢骚:~cc / 空手而归:~dj	宾: / 牢:~h / 神鬼莫测:~ai / 牢骚:~cc / 空手而归:~dj / 宾服:~eb
moc_wubi86_simp	pt	客: / 宅:~a / 宪:~f / 宅基:~ad / 案牍劳形:~ag / 神秘莫测:~ai	客: / 宅:~a / 宪:~f / 宅基:~ad / 案牍劳形:~ag / 神秘莫测:~ai
moc_wubi86_simp	pu	实: / 褡:~a / 衩:~c / 衫:~e / 衬:~f / 袜:~g	实: / 褡:~a / 衩:~c / 衫:~e / 衬:~f / 袜:~g
moc_wubi86_simp	px	它: / 它用:~et / 字母表:~ge / 冠绝一时:~gj / 塞纳河:~is / 补给品:~kk	它: / 它用:~et / 字母表:~ge / 冠绝一时:~gj / 塞纳河:~is / 补给品:~kk
moc_wubi86_simp	py	社: / 祺:~a / 祁:~b / 祷:~d / 祖:~e / 福:~g	社: / 祺:~a / 祁:~b / 祷:~d / 祖:~e / 福:~g
moc_wubi86_simp	q	我: / 金: / 氏:~a / 凶:~b / 色:~c / 然:~d	我: / 金: / 氏:~a / 凶:~b / 色:~c / 然:~d
moc_wubi86_simp	qa	氏: / 钳:~f / 舛:~h / 错:~j / 锚:~l / 铙:~t	氏: / 钳:~f / 舛:~h / 错:~j / 锚:~l / 铙:~t
moc_wubi86_simp	qb	凶: / 镊:~c / 铒:~g / 钌:~h / 锰:~l / 怨:~n	凶: / 镊:~c / 铒:~g / 钌:~h / 锰:~l / 怨:~n
moc_wubi86_simp	qc	色: / 铎:~f / 勾:~i / 钯:~n / 钗:~y / 狂欢节:~ab	色: / 铎:~f / 勾:~i / 钯:~n / 钗:~y / 狂欢节:~ab
moc_wubi86_simp	qd	然: / 危:~b / 郄:~c / 肴:~e / 锛:~f / 钴:~g	然: / 危:~b / 郄:~c / 肴:~e / 锛:~f / 钴:~g
moc_wubi86_simp	qe	角: / 钥:~g / 觥:~i / 觚:~r / 斛:~u / 解:~v	角: / 钥:~g / 觥:~i / 斛:~u / 解:~v / 解散:~ae
moc_wubi86_simp	qf	针: / 钍:~g / 镭:~l / 锗:~t / 针式:~aa / 镇邪:~ah	针: / 钍:~g / 镭:~l / 锗:~t / 针式:~aa / 镇邪:~ah
moc_wubi86_simp	qh	外: / 铍:~c / 钼:~g / 钻:~k / 钋:~y / 钻戒:~aa	外: / 铍:~c / 钼:~g / 钻:~k / 钋:~y / 钻戒:~aa
moc_wubi86_simp	qi	乐: / 销:~e / 玺:~g / 锁:~m / 迩:~p / 铫:~q	乐: / 销:~e / 玺:~g / 锁:~m / 迩:~p / 铫:~q
moc_wubi86_simp	qj	旬: / 郇:~b / 铿:~c / 象:~e / 锂:~f / 钽:~g	旬: / 郇:~b / 铿:~c / 象:~e / 锂:~f / 钽:~g
moc_wubi86_simp	qk	名: / 句:~d / 锃:~g / 钏:~h / 铝:~k / 劬:~l	名: / 句:~d / 锃:~g / 钏:~h / 铝:~k / 劬:~l
moc_wubi86_simp	qm	负: / 奂:~d / 铀:~g / 铡:~j / 铅:~k / 铠:~n	负: / 奂:~d / 铀:~g / 铡:~j / 铅:~k / 铠:~n
moc_wubi86_simp	qn	包: / 饶:~a / 饴:~c / 锯:~d / 馁:~e / 钮:~f	包: / 饶:~a / 饴:~c / 锯:~d / 馁:~e / 钮:~f
moc_wubi86_simp	qp	锭: / 镓:~e / 镔:~r / 铵:~v / 镩:~w / 铊:~x	锭: / 镓:~e / 镔:~r / 铵:~v / 镩:~w / 铊:~x
moc_wubi86_simp	qq	多: / 匈:~b / 钩:~c / 铄:~i / 铭:~k / 钨:~n	多: / 匈:~b / 钩:~c / 铄:~i / 铭:~k / 钨:~n
moc_wubi86_simp	qr	铁: / 钣:~c / 勿:~e / 铂:~g / 铢:~i / 刎:~j	铁: / 钣:~c / 勿:~e / 铂:~g / 铢:~i / 刎:~j
moc_wubi86_simp	qs	钉: / 弑:~a / 镖:~f / 钵:~g / 刹:~j / 杀:~u	钉: / 弑:~a / 镖:~f / 钵:~g / 刹:~j / 杀:~u
moc_wubi86_simp	qt	儿: / 猎:~a / 犯:~b / 狁:~c / 锋:~d / 钎:~f	儿: / 猎:~a / 犯:~b / 狁:~c / 锋:~d / 钎:~f
moc_wubi86_simp	qu	匀: / 镁:~g / 锌:~h / 镜:~j / 锐:~k / 镝:~m	匀: / 镁:~g / 锌:~h / 镜:~j / 锐:~k / 镝:~m
moc_wubi86_simp	qv	争: / 邹:~b / 银:~e / 刍:~f / 钕:~g / 铷:~k	争: / 邹:~b / 银:~e / 刍:~f / 钕:~g / 铷:~k
moc_wubi86_simp	qw	欠: / 锻:~d / 铨:~g / 锉:~w / 铧:~x / 锥:~y	欠: / 锻:~d / 铨:~g / 锉:~w / 铧:~x / 锥:~y
moc_wubi86_simp	r	的: / 白: / 找:~a / 报:~b / 反:~c / 拓:~d	的: / 白: / 找:~a / 报:~b / 反:~c / 拓:~d
moc_wubi86_simp	ra	找: / 拭:~a / 皂:~b / 撕:~d / 撒:~e / 扛:~g	找: / 拭:~a / 皂:~b / 撕:~d / 撒:~e / 扛:~g
moc_wubi86_simp	rb	报: / 揶:~b / 拯:~i / 拙:~m / 拙著:~af / 拙荆:~ag	报: / 揶:~b / 拯:~i / 拙:~m / 报幕:~aj / 报功:~al
moc_wubi86_simp	rc	反: / 抒:~b / 掇:~c / 掺:~d / 捅:~e / 择:~f	反: / 抒:~b / 掇:~c / 掺:~d / 捅:~e / 择:~f
moc_wubi86_simp	rd	拓: / 扼:~b / 拔:~c / 振:~f / 排:~j / 颀:~m	拓: / 扼:~b / 拔:~c / 振:~f / 排:~j / 颀:~m
moc_wubi86_simp	re	扔: / 援:~f / 拥:~h / 授:~p / 摇:~r / 援藏:~ad	扔: / 援:~f / 拥:~h / 授:~p / 摇:~r / 援藏:~ad
moc_wubi86_simp	rf	持: / 技:~c / 盾:~h / 擀:~j / 拮:~k / 擂:~l	持: / 技:~c / 盾:~h / 擀:~j / 拮:~k / 擂:~l
moc_wubi86_simp	rg	后: / 邱:~b / 丘:~d / 捕:~e / 皇:~f / 岳:~m	后: / 邱:~b / 丘:~d / 捕:~e / 皇:~f / 岳:~m
moc_wubi86_simp	rh	年: / 掳:~a / 卸:~b / 披:~c / 看:~f / 扯:~g	年: / 掳:~a / 卸:~b / 披:~c / 看:~f / 扯:~g
moc_wubi86_simp	ri	朱: / 邾:~b / 捎:~e / 撑:~p / 挑:~q / 抄:~t	朱: / 邾:~b / 捎:~e / 撑:~p / 挑:~q / 抄:~t
moc_wubi86_simp	rj	提: / 撮:~b / 捍:~f / 担:~g / 抻:~h / 揭:~q	提: / 撮:~b / 捍:~f / 担:~g / 抻:~h / 揭:~q
moc_wubi86_simp	rk	扣: / 揖:~b / 挹:~c / 捐:~e / 捉:~h / 操:~k	扣: / 揖:~b / 挹:~c / 捐:~e / 捉:~h / 操:~k
moc_wubi86_simp	rl	押: / 摁:~d / 摆:~f / 舞:~g / 捆:~s / 撂:~t	押: / 摁:~d / 摆:~f / 舞:~g / 捆:~s / 撂:~t
moc_wubi86_simp	rm	抽: / 缸:~a / 投:~c / 揣:~d / 帛:~h / 缶:~k	抽: / 缸:~a / 投:~c / 揣:~d / 帛:~h / 缶:~k
moc_wubi86_simp	rn	所: / 抿:~a / 气:~b / 氢:~c / 据:~d / 氖:~e	所: / 抿:~a / 气:~b / 氢:~c / 据:~d / 氖:~e
moc_wubi86_simp	rp	近: / 迫:~d / 皖:~f / 挥:~l / 摈:~r / 拧:~s	近: / 迫:~d / 皖:~f / 挥:~l / 摈:~r / 拧:~s
moc_wubi86_simp	rr	折: / 扳:~c / 拍:~g / 蜇:~j / 哲:~k / 逝:~p	折: / 扳:~c / 拍:~g / 蜇:~j / 哲:~k / 逝:~p
moc_wubi86_simp	rs	打: / 揸:~j / 打工:~aa / 打散:~ae / 打靶:~af / 打蔫:~ag	打: / 揸:~j / 打工:~aa / 打散:~ae / 打靶:~af / 打蔫:~ag
moc_wubi86_simp	rt	手: / 托:~a / 拖:~b / 括:~d / 搬:~e / 插:~f	手: / 托:~a / 拖:~b / 括:~d / 搬:~e / 插:~f
moc_wubi86_simp	ru	拉: / 拼:~a / 搠:~b / 搓:~d / 拦:~f / 撞:~j	拉: / 拼:~a / 搠:~b / 搓:~d / 拦:~f / 撞:~j
moc_wubi86_simp	rx	批: / 掾:~e / 掼:~f / 拇:~g / 指:~j / 拗:~l	批: / 掾:~e / 掼:~f / 拇:~g / 指:~j / 拗:~l
moc_wubi86_simp	ry	扩: / 摭:~a / 撤:~c / 拄:~g / 掂:~h / 斥:~i	扩: / 摭:~a / 撤:~c / 拄:~g / 掂:~h / 斥:~i
moc_wubi86_simp	s	要: / 木: / 械:~a / 李:~b / 权:~c / 枯:~d	要: / 木: / 械:~a / 李:~b / 权:~c / 枯:~d
moc_wubi86_simp	sa	械: / 栉:~b / 棋:~d / 柑:~f / 杠:~g / 栋:~i	械: / 栉:~b / 棋:~d / 柑:~f / 杠:~g / 栋:~i
moc_wubi86_simp	sb	李: / 椰:~b / 椭:~d / 李斯:~ad / 椰菜:~ae / 椰蓉:~ap	李: / 椰:~b / 椭:~d / 李斯:~ad / 椰菜:~ae / 椰蓉:~ap
moc_wubi86_simp	sc	权: / 杼:~b / 桶:~e / 树:~f / 杷:~n / 梭:~w	权: / 杼:~b / 桶:~e / 树:~f / 杷:~n / 梭:~w
moc_wubi86_simp	se	极: / 桴:~b / 楹:~c / 棚:~e / 杉:~t / 极其:~ad	极: / 桴:~b / 楹:~c / 棚:~e / 杉:~t / 极其:~ad
moc_wubi86_simp	sg	本: / 醋:~a / 酸:~c / 酹:~e / 酝:~f / 枉:~g	本: / 醋:~a / 酸:~c / 酹:~e / 酝:~f / 枉:~g
moc_wubi86_simp	si	档: / 梢:~e / 桫:~i / 樘:~p / 桃:~q / 杪:~t	档: / 梢:~e / 桫:~i / 樘:~p / 桃:~q / 杪:~t
moc_wubi86_simp	sk	可: / 楫:~b / 杏:~f / 枵:~g / 哥:~s / 枳:~w	可: / 楫:~b / 杏:~f / 枵:~g / 哥:~s / 枳:~w
moc_wubi86_simp	sn	杨: / 橄:~b / 椐:~d / 栩:~g / 楣:~h / 札:~n	杨: / 橄:~b / 椐:~d / 栩:~g / 楣:~h / 札:~n
moc_wubi86_simp	sq	构: / 柢:~a / 桅:~d / 桷:~e / 橹:~g / 栎:~i	构: / 柢:~a / 桅:~d / 桷:~e / 橹:~g / 栎:~i
moc_wubi86_simp	su	样: / 栏:~f / 梓:~h / 樟:~j / 榈:~k / 榜:~p	样: / 栏:~f / 梓:~h / 樟:~j / 榈:~k / 榜:~p
moc_wubi86_simp	sv	要: / 概:~c / 根:~e / 桕:~g / 棂:~o / 根式:~aa	要: / 概:~c / 根:~e / 桕:~g / 棂:~o / 根式:~aa
moc_wubi86_simp	sw	检: / 枪:~b / 松:~c / 椴:~d / 桧:~f / 栓:~g	检: / 枪:~b / 松:~c / 椴:~d / 桧:~f / 栓:~g
moc_wubi86_simp	sy	术: / 椁:~b / 梳:~c / 桩:~f / 柱:~g / 榱:~k	术: / 椁:~b / 梳:~c / 桩:~f / 柱:~g / 榱:~k
moc_wubi86_simp	t	和: / 禾: / 长:~a / 季:~b / 么:~c / 知:~d	和: / 禾: / 长:~a / 季:~b / 么:~c / 知:~d
moc_wubi86_simp	ta	长: / 筇:~b / 箕:~d / 筐:~g / 逄:~h / 升:~k	长: / 筇:~b / 箕:~d / 筐:~g / 逄:~h / 升:~k
moc_wubi86_simp	tb	季: / 迤:~p / 管子工:~aa / 季节:~ab / 自取其咎:~at / 自卫队:~bw	季: / 迤:~p / 管子工:~aa / 季节:~ab / 自取其咎:~at / 自卫队:~bw
moc_wubi86_simp	tc	么: / 径:~a / 笆:~b / 笃:~f / 笞:~k / 私:~y	么: / 径:~a / 笆:~b / 笃:~f / 笞:~k / 私:~y
moc_wubi86_simp	td	知: / 矩:~a / 舌:~d / 短:~g / 逢:~h / 夭:~i	知: / 矩:~a / 舌:~d / 短:~g / 逢:~h / 夭:~i
moc_wubi86_simp	tg	生: / 垂:~a / 箐:~e / 竽:~f / 征:~h / 重:~j	生: / 垂:~a / 箐:~e / 竽:~f / 征:~h / 重:~j
moc_wubi86_simp	ti	秒: / 稍:~e / 衍:~f / 簿:~g / 徜:~m / 箔:~r	秒: / 稍:~e / 衍:~f / 簿:~g / 徜:~m / 箔:~r
moc_wubi86_simp	tj	得: / 香:~f / 利:~h / 犁:~r / 梨:~s / 复:~t	得: / 香:~f / 利:~h / 犁:~r / 梨:~s / 复:~t
moc_wubi86_simp	tk	各: / 和:~g / 种:~h / 禹:~m / 积:~w / 雒:~w	各: / 和:~g / 种:~h / 禹:~m / 积:~w / 雒:~w
moc_wubi86_simp	tl	务: / 血:~d / 备:~f / 箅:~g / 徊:~k / 惫:~n	务: / 血:~d / 备:~f / 箅:~g / 徊:~k / 惫:~n
moc_wubi86_simp	tn	秘: / 乞:~b / 笥:~g / 筷:~n / 迄:~p / 各司其职:~ab	秘: / 乞:~b / 笥:~g / 筷:~n / 迄:~p / 各司其职:~ab
moc_wubi86_simp	to	秋: / 释:~c / 番:~l / 釉:~m / 悉:~n / 篓:~v	秋: / 释:~c / 番:~l / 釉:~m / 悉:~n / 篓:~v
moc_wubi86_simp	tp	管: / 稼:~e / 乏:~i / 箢:~q / 箜:~w / 管工:~aa	管: / 稼:~e / 乏:~i / 箢:~q / 箜:~w / 管工:~aa
moc_wubi86_simp	tq	称: / 稀:~d / 衔:~f / 徇:~j / 移:~q / 笏:~r	称: / 稀:~d / 衔:~f / 徇:~j / 移:~q / 笏:~r
moc_wubi86_simp	ts	条: / 笨:~g / 箱:~h / 簟:~j / 篥:~s / 秫:~y	条: / 笨:~g / 箱:~h / 簟:~j / 篥:~s / 秫:~y
moc_wubi86_simp	tt	笔: / 笑:~d / 竹:~g / 笮:~h / 禾:~t / 竹节:~ab	笔: / 笑:~d / 竹:~g / 笮:~h / 禾:~t / 竹节:~ab
moc_wubi86_simp	tu	科: / 徉:~d / 箭:~e / 笠:~f / 乎:~h / 简:~j	科: / 徉:~d / 箭:~e / 笠:~f / 乎:~h / 简:~j
moc_wubi86_simp	tv	委: / 很:~e / 笤:~k / 逶:~p / 魏:~r / 笋:~t	委: / 很:~e / 笤:~k / 逶:~p / 魏:~r / 笋:~t
moc_wubi86_simp	tw	答: / 筏:~a / 符:~f / 筱:~h / 黍:~i / 篌:~n	答: / 筏:~a / 符:~f / 筱:~h / 黍:~i / 篌:~n
moc_wubi86_simp	ty	入: / 篱:~b / 往:~g / 穰:~k / 稿:~m / 彷:~n	入: / 篱:~b / 往:~g / 穰:~k / 稿:~m / 彷:~n
moc_wubi86_simp	u	产: / 立: / 并:~a / 闻:~b / 冯:~c / 关:~d	产: / 立: / 并:~a / 闻:~b / 冯:~c / 关:~d
moc_wubi86_simp	ua	并: / 疳:~f / 瓶:~g / 冻:~i / 阈:~k / 迸:~p	并: / 疳:~f / 瓶:~g / 冻:~i / 阈:~k / 迸:~p
moc_wubi86_simp	ub	闻: / 疗:~k / 瘾:~q / 逆:~t / 疖:~k / 端阳节:~ab	闻: / 疗:~k / 瘾:~q / 逆:~t / 疖:~k / 端阳节:~ab
moc_wubi86_simp	uc	冯: / 痉:~a / 闯:~d / 痛:~e / 冶:~k / 兖:~q	冯: / 痉:~a / 闯:~d / 痛:~e / 冶:~k / 兖:~q
moc_wubi86_simp	ud	关: / 差:~a / 郑:~b / 闳:~c / 豢:~e / 减:~g	关: / 差:~a / 郑:~b / 闳:~c / 豢:~e / 减:~g
moc_wubi86_simp	ue	前: / 疽:~g / 痈:~k / 毅:~m / 遂:~p / 瘃:~y	前: / 疽:~g / 痈:~k / 毅:~m / 遂:~p / 瘃:~y
moc_wubi86_simp	uf	半: / 阖:~c / 兰:~f / 壮:~g / 阗:~h / 斗:~k	半: / 阖:~c / 兰:~f / 壮:~g / 阗:~h / 斗:~k
moc_wubi86_simp	ug	闰: / 靖:~e / 症:~h / 痞:~i / 辣:~k / 盖:~l	闰: / 靖:~e / 症:~h / 痞:~i / 辣:~k / 盖:~l
moc_wubi86_simp	uh	站: / 疲:~c / 阒:~d / 癯:~h / 丫:~k / 夔:~t	站: / 疲:~c / 阒:~d / 癯:~h / 丫:~k / 夔:~t
moc_wubi86_simp	ui	冰: / 痧:~i / 阔:~t / 瘠:~w / 冰期:~ad / 冰鞋:~af	冰: / 痧:~i / 阔:~t / 瘠:~w / 冰期:~ad / 冰鞋:~af
moc_wubi86_simp	uj	间: / 彰:~e / 音:~f / 疸:~g / 闽:~i / 章:~j	间: / 彰:~e / 音:~f / 疸:~g / 闽:~i / 章:~j
moc_wubi86_simp	ul	曾: / 痼:~d / 兽:~g / 闸:~k / 阃:~s / 瘰:~x	曾: / 痼:~d / 兽:~g / 闸:~k / 瘰:~x / 曾国藩:~ai
moc_wubi86_simp	um	商: / 疫:~c / 端:~d / 凋:~f / 敝:~i / 疝:~k	商: / 疫:~c / 端:~d / 凋:~f / 敝:~i / 疝:~k
moc_wubi86_simp	un	决: / 癜:~a / 阚:~b / 翊:~g / 闷:~i / 癖:~k	决: / 癜:~a / 阚:~b / 翊:~g / 闷:~i / 癖:~k
moc_wubi86_simp	up	帝: / 旁:~y / 产褥期:~ad / 旁落:~ai / 旁出:~bm / 美容院:~bp	帝: / 旁:~y / 产褥期:~ad / 旁落:~ai / 旁出:~bm / 美容院:~bp
moc_wubi86_simp	uq	交: / 阍:~a / 郊:~b / 奖:~d / 将:~f / 癣:~g	交: / 郊:~b / 奖:~d / 将:~f / 癣:~g / 浆:~i
moc_wubi86_simp	ur	瓣: / 阅兵式:~aa / 总后勤部:~au / 前后左右:~dd / 瓣膜:~ea / 意气用事:~eg	瓣: / 阅兵式:~aa / 总后勤部:~au / 前后左右:~dd / 瓣膜:~ea / 意气用事:~eg
moc_wubi86_simp	us	亲: / 尊:~g / 闲:~i / 疔:~k / 鹇:~q / 新:~r	亲: / 尊:~g / 闲:~i / 疔:~k / 鹇:~q / 新:~r
moc_wubi86_simp	uu	立: / 阙:~b / 痒:~d / 阐:~j / 阅:~k / 痫:~s	立: / 阙:~b / 痒:~d / 阐:~j / 阅:~k / 痫:~s
moc_wubi86_simp	ux	北: / 邶:~b / 背:~e / 弟:~h / 冀:~l / 凝:~t	北: / 邶:~b / 背:~e / 弟:~h / 冀:~l / 凝:~t
moc_wubi86_simp	uy	六: / 訚:~d / 门:~h / 闵:~i / 凛:~l / 闹:~m	六: / 訚:~d / 门:~h / 闵:~i / 凛:~l / 闹:~m
moc_wubi86_simp	v	发: / 女: / 毁:~a / 好:~b / 妈:~c / 姑:~d	发: / 女: / 毁:~a / 好:~b / 妈:~c / 姑:~d
moc_wubi86_simp	vb	好: / 媸:~h / 她:~n / 婀:~s / 好菜:~ae / 女孩子:~bb	好: / 媸:~h / 她:~n / 婀:~s / 好菜:~ae / 女孩子:~bb
moc_wubi86_simp	vd	姑: / 娠:~f / 姑苏:~al / 姑子:~bb / 如左右手:~dr / 姑丈:~dy	姑: / 娠:~f / 姑苏:~al / 姑子:~bb / 如左右手:~dr / 姑丈:~dy
moc_wubi86_simp	ve	奶: / 垦:~f / 姐:~g / 艮:~i / 退:~p / 奶黄:~am	奶: / 垦:~f / 姐:~g / 艮:~i / 退:~p / 奶黄:~am
moc_wubi86_simp	vi	录: / 隶:~i / 肃:~j / 逮:~p / 姚:~q / 妙:~t	录: / 隶:~i / 肃:~j / 逮:~p / 姚:~q / 妙:~t
moc_wubi86_simp	vj	旭: / 旮:~f / 妲:~g / 娼:~j / 媪:~l / 巢:~s	旭: / 旮:~f / 妲:~g / 娼:~j / 媪:~l / 巢:~s
moc_wubi86_simp	vm	妯: / 姗:~m / 如风过耳:~fb / 娉:~gn / 九曲回肠:~le / 刀山火海:~oi	妯: / 姗:~m / 娉:~gn / 九曲回肠:~le / 刀山火海:~oi / 灵丹妙药:~va
moc_wubi86_simp	vp	巡: / 嫁:~e / 婶:~j / 帚:~m / 婉:~q / 嫔:~r	巡: / 嫁:~e / 婶:~j / 帚:~m / 婉:~q / 嫔:~r
moc_wubi86_simp	vq	婚: / 娩:~k / 舄:~o / 妁:~y / 婚期:~ad / 婚娶:~bc	婚: / 娩:~k / 舄:~o / 妁:~y / 婚期:~ad / 婚娶:~bc
moc_wubi86_simp	vr	姝: / 婢:~t / 九牛二虎:~fh / 九牛二虎之力:~fl / 忍气吞声:~gf / 九牛一毛:~gt	姝: / 婢:~t / 九牛二虎:~fh / 九牛二虎之力:~fl / 忍气吞声:~gf / 九牛一毛:~gt
moc_wubi86_simp	vs	杂: / 嫖:~f / 杂项:~ad / 杂草:~aj / 杂艺:~an / 好极了:~bn	杂: / 嫖:~f / 杂项:~ad / 杂草:~aj / 杂艺:~an / 好极了:~bn
moc_wubi86_simp	vx	姆: / 妣:~x / 如约而至:~dg / 始终不渝:~gi / 始终不懈:~gn / 妙绝时人:~jw	姆: / 妣:~x / 如约而至:~dg / 始终不渝:~gi / 始终不懈:~gn / 嫌疑犯:~qt
moc_wubi86_simp	vy	妨: / 刃:~i / 妫:~l / 婷:~p / 嬷:~s / 娘:~v	妨: / 刃:~i / 妫:~l / 婷:~p / 嬷:~s / 娘:~v
moc_wubi86_simp	w	人: / 八: / 代:~a / 他:~b / 公:~c / 估:~d	人: / 八: / 代:~a / 他:~b / 公:~c / 估:~d
moc_wubi86_simp	wa	代: / 偌:~d / 伢:~h / 借:~j / 黛:~l / 贷:~m	代: / 偌:~d / 伢:~h / 借:~j / 黛:~l / 贷:~m
moc_wubi86_simp	wb	他: / 戗:~a / 仓:~b / 仔:~g / 创:~j / 创世:~an	他: / 戗:~a / 仓:~b / 仔:~g / 创:~j / 创世:~an
moc_wubi86_simp	wc	公: / 颂:~d / 俑:~e / 瓮:~g / 翁:~n / 侔:~r	公: / 颂:~d / 俑:~e / 瓮:~g / 翁:~n / 侔:~r
moc_wubi86_simp	wd	估: / 佐:~a / 侑:~e / 侉:~f / 佰:~j / 佑:~k	估: / 佐:~a / 侑:~e / 侉:~f / 佰:~j / 佑:~k
moc_wubi86_simp	wf	会: / 偾:~a / 儒:~d / 侍:~f / 仁:~g / 什:~h	会: / 偾:~a / 儒:~d / 侍:~f / 仁:~g / 什:~h
moc_wubi86_simp	wg	全: / 倒:~c / 癸:~d / 傅:~e / 伍:~g / 剑:~i	全: / 倒:~c / 癸:~d / 傅:~e / 伍:~g / 剑:~i
moc_wubi86_simp	wh	个: / 企:~f / 侦:~m / 候:~n / 修:~t / 俱:~w	个: / 企:~f / 侦:~m / 候:~n / 修:~t / 俱:~w
moc_wubi86_simp	wi	偿: / 俏:~e / 倘:~m / 佻:~q / 倘若:~ad / 假小子:~bb	偿: / 俏:~e / 倘:~m / 佻:~q / 倘若:~ad / 假小子:~bb
moc_wubi86_simp	wj	介: / 俚:~f / 但:~g / 伸:~h / 偶:~m / 偈:~q	介: / 俚:~f / 但:~g / 伸:~h / 偶:~m / 偈:~q
moc_wubi86_simp	wl	佃: / 伽:~k / 儡:~l / 仂:~n / 俄罗斯:~ad / 伽蓝:~aj	佃: / 伽:~k / 儡:~l / 仂:~n / 俄罗斯:~ad / 伽蓝:~aj
moc_wubi86_simp	wm	仙: / 倜:~f / 佩:~g / 侧:~j / 仉:~n / 催:~w	仙: / 倜:~f / 佩:~g / 侧:~j / 仉:~n / 催:~w
moc_wubi86_simp	wn	亿: / 倔:~b / 倨:~d / 伺:~g / 假:~h / 僻:~k	亿: / 倔:~b / 倨:~d / 伺:~g / 假:~h / 僻:~k
moc_wubi86_simp	wo	伙: / 偻:~v / 含糊其辞:~at / 含糊其词:~ay / 创业者:~ft / 含糊不清:~gi	伙: / 偻:~v / 含糊其辞:~at / 含糊其词:~ay / 创业者:~ft / 含糊不清:~gi
moc_wubi86_simp	wp	侬: / 伫:~g / 倌:~n / 傧:~r / 倥:~w / 佗:~x	侬: / 伫:~g / 倌:~n / 傧:~r / 倥:~w / 佗:~x
moc_wubi86_simp	wq	你: / 低:~a / 爷:~b / 爸:~c / 儋:~d / 釜:~f	你: / 低:~a / 爷:~b / 爸:~c / 儋:~d / 釜:~f
moc_wubi86_simp	wr	伯: / 件:~h / 侏:~i / 傀:~q / 俾:~t / 佚:~w	伯: / 件:~h / 侏:~i / 傀:~q / 俾:~t / 佚:~w
moc_wubi86_simp	ws	休: / 体:~g / 仃:~h / 何:~k / 傈:~s / 体式:~aa	休: / 体:~g / 仃:~h / 何:~k / 傈:~s / 体式:~aa
moc_wubi86_simp	wt	作: / 伥:~a / 叙:~c / 侨:~d / 任:~f / 俐:~j	作: / 伥:~a / 叙:~c / 侨:~d / 任:~f / 俐:~j
moc_wubi86_simp	wu	们: / 倦:~d / 伴:~f / 位:~g / 伞:~h / 僮:~j	们: / 倦:~d / 伴:~f / 位:~g / 伞:~h / 僮:~j
moc_wubi86_simp	wv	分: / 颁:~d / 健:~f / 盆:~l / 贫:~m / 仇:~n	分: / 颁:~d / 健:~f / 盆:~l / 贫:~m / 仇:~n
moc_wubi86_simp	ww	从: / 耸:~b / 佾:~e / 坐:~f / 丛:~g / 价:~j	从: / 耸:~b / 佾:~e / 坐:~f / 丛:~g / 价:~j
moc_wubi86_simp	wx	化: / 仑:~b / 倾:~d / 华:~f / 佛:~j / 货:~m	化: / 仑:~b / 倾:~d / 华:~f / 佛:~j / 货:~m
moc_wubi86_simp	wy	信: / 禽:~b / 令:~c / 依:~e / 储:~f / 侪:~j	信: / 禽:~b / 令:~c / 依:~e / 储:~f / 侪:~j
moc_wubi86_simp	x	经: / 弓: / 红:~a / 弛:~b / 顷:~d / 级:~e	经: / 弓: / 红:~a / 弛:~b / 顷:~d / 级:~e
moc_wubi86_simp	xb	弛: / 弭:~g / 绌:~m / 继承者:~ft / 弭患:~kk / 红卫兵:~rg	弛: / 弭:~g / 绌:~m / 继承者:~ft / 红卫兵:~rg / 经院哲学:~ri
moc_wubi86_simp	xc	经: / 纾:~b / 缀:~c / 绎:~f / 弘:~y / 经期:~ad	经: / 纾:~b / 缀:~c / 绎:~f / 弘:~y / 经期:~ad
moc_wubi86_simp	xd	顷: / 绂:~c / 毋:~e / 绔:~f / 缄:~g / 弼:~j	顷: / 绂:~c / 毋:~e / 绔:~f / 缄:~g / 弼:~j
moc_wubi86_simp	xg	线: / 纯:~b / 缚:~e / 纡:~f / 绠:~j / 缰:~l	线: / 纯:~b / 缚:~e / 纡:~f / 绠:~j / 缰:~l
moc_wubi86_simp	xk	强: / 缉:~b / 绢:~e / 缲:~k / 织:~w / 强项:~ad	强: / 缉:~b / 绢:~e / 缲:~k / 织:~w / 强项:~ad
moc_wubi86_simp	xm	纲: / 绸:~f / 缨:~m / 纳:~w / 纳贡:~am / 绸子:~bb	纲: / 绸:~f / 缨:~m / 纳:~w / 纳贡:~am / 绸子:~bb
moc_wubi86_simp	xn	纪: / 缗:~a / 纽:~f / 弓:~g / 纠:~h / 幻:~n	纪: / 缗:~a / 纽:~f / 弓:~g / 纠:~h / 幻:~n
moc_wubi86_simp	xo	继: / 缕:~v / 粥:~x / 红灯区:~aq / 缕陈:~ba / 继子:~bb	继: / 缕:~v / 粥:~x / 红灯区:~aq / 继子:~bb / 继承:~bd
moc_wubi86_simp	xq	约: / 纸:~a / 绝:~c / 弥:~i / 绚:~j / 绉:~v	约: / 纸:~a / 绝:~c / 弥:~i / 绚:~j / 绉:~v
moc_wubi86_simp	xs	缥: / 缃:~h / 红杏出墙:~bf / 纵横驰骋:~cc / 缘木求鱼:~fq / 细枝末节:~ga	缥: / 缃:~h / 红杏出墙:~bf / 纵横驰骋:~cc / 缘木求鱼:~fq / 细枝末节:~ga
moc_wubi86_simp	xt	张: / 颖:~d / 乡:~e / 纤:~f / 绺:~h / 络:~k	张: / 颖:~d / 乡:~e / 纤:~f / 绺:~h / 络:~k
moc_wubi86_simp	xw	给: / 缎:~d / 绘:~f / 缑:~n / 纷:~v / 纵:~w	给: / 缎:~d / 绘:~f / 缑:~n / 纷:~v / 纵:~w
moc_wubi86_simp	xy	纺: / 缡:~b / 统:~c / 缠:~j / 缟:~m / 弦:~x	纺: / 缡:~b / 统:~c / 缠:~j / 缟:~m / 弦:~x
moc_wubi86_simp	y	主: / 言: / 度:~a / 离:~b / 充:~c / 庆:~d	主: / 言: / 度:~a / 离:~b / 充:~c / 庆:~d
moc_wubi86_simp	ya	度: / 试:~a / 诺:~d / 谋:~f / 讧:~g / 讶:~h	度: / 试:~a / 诺:~d / 谋:~f / 讧:~g / 讶:~h
moc_wubi86_simp	yc	充: / 弃:~a / 序:~b / 育:~e / 译:~f / 诒:~k	充: / 弃:~a / 序:~b / 育:~e / 译:~f / 诒:~k
moc_wubi86_simp	yd	庆: / 诂:~g / 诽:~j / 斋:~m / 诚:~n / 诙:~o	庆: / 诂:~g / 诽:~j / 斋:~m / 诚:~n / 诙:~o
moc_wubi86_simp	ye	衣: / 谖:~f / 诅:~g / 裔:~m / 谣:~r / 哀:~u	衣: / 谖:~f / 诅:~g / 裔:~m / 谣:~r / 哀:~u
moc_wubi86_simp	yf	计: / 庋:~c / 庄:~d / 诗:~f / 讲:~j / 诘:~k	计: / 庋:~c / 庄:~d / 诗:~f / 讲:~j / 诘:~k
moc_wubi86_simp	yg	主: / 斌:~a / 请:~e / 证:~h / 语:~k / 谏:~l	主: / 斌:~a / 请:~e / 证:~h / 语:~k / 谏:~l
moc_wubi86_simp	yh	让: / 谑:~a / 店:~k / 卞:~u / 讣:~y / 让出:~bm	让: / 谑:~a / 店:~k / 卞:~u / 讣:~y / 让出:~bm
moc_wubi86_simp	yi	就: / 应:~d / 诮:~e / 谠:~p / 京:~u / 就其:~ad	就: / 应:~d / 诮:~e / 谠:~p / 京:~u / 就其:~ad
moc_wubi86_simp	yj	刘: / 廛:~f / 齐:~j / 谩:~l / 谒:~q / 课:~s	刘: / 廛:~f / 齐:~j / 谩:~l / 谒:~q / 课:~s
moc_wubi86_simp	yk	训: / 吝:~f / 误:~g / 襄:~k / 识:~w / 误工:~aa	训: / 吝:~f / 误:~g / 襄:~k / 识:~w / 误工:~aa
moc_wubi86_simp	yl	为: / 谓:~e / 亩:~f / 库:~k / 为戒:~aa / 为荣:~ap	为: / 谓:~e / 亩:~f / 库:~k / 为戒:~aa / 为荣:~ap
moc_wubi86_simp	ym	高: / 亢:~b / 设:~c / 庙:~d / 调:~f / 讪:~h	高: / 亢:~b / 设:~c / 庙:~d / 调:~f / 讪:~h
moc_wubi86_simp	yn	记: / 邙:~b / 戾:~d / 户:~e / 讯:~f / 诩:~g	记: / 邙:~b / 戾:~d / 户:~e / 讯:~f / 诩:~g
moc_wubi86_simp	yo	变: / 弈:~a / 孪:~b / 奕:~d / 蛮:~j / 峦:~m	变: / 弈:~a / 孪:~b / 奕:~d / 蛮:~j / 峦:~m
moc_wubi86_simp	yp	这: / 谊:~e / 膏:~k / 诨:~l / 亮:~m / 亭:~s	这: / 谊:~e / 膏:~k / 诨:~l / 亮:~m / 亭:~s
moc_wubi86_simp	yq	义: / 底:~a / 诡:~d / 廨:~e / 询:~j / 谗:~k	义: / 底:~a / 诡:~d / 廨:~e / 询:~j / 谗:~k
moc_wubi86_simp	yr	诉: / 诟:~g / 诛:~i / 亵:~v / 诉苦:~ad / 齐抓共管:~at	诉: / 诟:~g / 诛:~i / 亵:~v / 诉苦:~ad / 齐抓共管:~at
moc_wubi86_simp	ys	订: / 床:~i / 谭:~j / 诃:~k / 麻:~s / 靡:~s	订: / 床:~i / 谭:~j / 诃:~k / 麻:~s / 靡:~s
moc_wubi86_simp	yt	放: / 旗:~a / 施:~b / 话:~d / 诱:~e / 许:~f	放: / 旗:~a / 施:~b / 话:~d / 诱:~e / 许:~f
moc_wubi86_simp	yu	说: / 详:~d / 谰:~g / 谙:~j / 谪:~m / 谱:~o	说: / 详:~d / 谰:~g / 谙:~j / 谪:~m / 谱:~o
moc_wubi86_simp	yv	良: / 朗:~c / 唐:~h / 康:~i / 诏:~k / 庚:~w	良: / 朗:~c / 唐:~h / 康:~i / 诏:~k / 庚:~w
moc_wubi86_simp	yw	认: / 讼:~c / 诊:~e / 府:~f / 诠:~g / 褒:~k	认: / 讼:~c / 诊:~e / 府:~f / 诠:~g / 褒:~k
moc_wubi86_simp	yx	率: / 诣:~j / 畜:~l / 雍:~t / 玄:~u / 庇:~x	率: / 诣:~j / 畜:~l / 雍:~t / 玄:~u / 庇:~x
moc_wubi86_simp	yy	方: / 廓:~b / 谅:~i / 访:~n / 议:~q / 廊:~v	方: / 廓:~b / 谅:~i / 访:~n / 议:~q / 廊:~v
moc_wubi86_simp	din	耜: / 奇光异彩:~e / 砂层:~f / 大润发:~t / 有法必依:~w / 耗尽:~y	奇光异彩:~e / 砂层:~f / 大润发:~t / 有法必依:~w / 耗尽:~y
moc_wubi86_simp	fjq	埸: / 埋怨:~b / 坦然:~d / 进针:~f / 朝鲜:~g / 朝外:~h	埋怨:~b / 坦然:~d / 进针:~f / 朝鲜:~g / 朝外:~h / 刊名:~k
moc_wubi86_simp	fni	墀: / 专治:~c / 声源:~d / 卖淫:~e / 违法:~f / 声波:~h	专治:~c / 声源:~d / 卖淫:~e / 违法:~f / 声波:~h / 才疏学浅:~i
moc_wubi86_simp	fww	赍: / 替代:~a / 老公公:~c / 规例:~g / 老爷爷:~q / 零件:~r	替代:~a / 老公公:~c / 规例:~g / 老爷爷:~q / 零件:~r / 零分:~v
moc_wubi86_simp	hln	卣:	
moc_wubi86_simp	ltk	略: / 辂: / 图中:~h / 车牌号:~g	略: / 图中:~h / 车牌号:~g
moc_wubi86_simp	qer	觚: / 触摸:~a / 角质:~f / 邂逅:~g / 解掉:~h / 解扣:~k	触摸:~a / 角质:~f / 邂逅:~g / 解掉:~h / 解扣:~k / 解气:~n
moc_wubi86_simp	qeu	斛: / 觯: / 解冻:~a / 触痛:~c / 锄头:~d / 角斗:~f	斛: / 解冻:~a / 触痛:~c / 锄头:~d / 角斗:~f / 解剖:~k
moc_wubi86_simp	tlp	笾: / 香车宝马:~c / 务农:~e / 生力军:~l / 务实:~u / 备案:~v	香车宝马:~c / 务农:~e / 生力军:~l / 务实:~u / 备案:~v / 血案:~v
moc_wubi86_simp	udp	送: / 闼: / 阉割:~d / 养家:~e / 卷宗:~f / 判定:~g	送: / 阉割:~d / 养家:~e / 卷宗:~f / 判定:~g / 叛军:~l
moc_wubi86_simp	uls	阃: / 曾想:~h / 前车可鉴:~j	曾想:~h / 前车可鉴:~j
moc_wubi86_simp	uqa	阍: / 将其:~d / 酱菜:~e / 次卧:~h / 盗墓:~j / 效劳:~p	交工:~a / 将其:~d / 酱菜:~e / 次卧:~h / 盗墓:~j / 效劳:~p
moc_wubi86_simp	uyv	阆:	
moc_wubi86_simp	yfq	庑: / 诸色:~c / 文过饰非:~d / 讲解:~e / 诗句:~k / 讨饭:~n	诸色:~c / 文过饰非:~d / 讲解:~e / 诗句:~k / 讨饭:~n / 诸多:~q
moc_wubi86_simp	`bian	便:wgj wgjq / 边:lp lpv / 变:yo yoc yocu / 遍:ynm ynmp / 编:xyna / 贬:mtp mtpy	便:wgj wgjq / 边:lp lpv / 变:yo yoc yocu / 遍:ynm ynmp / 编:xyna / 贬:mtp mtpy
moc_wubi86_simp	`chai	拆:rry rryy / 柴:hxs hxsu / 差:uda udaf / 钗:qcy qcyy / 豺:eef eeft / 虿:dnju	拆:rry rryy / 柴:hxs hxsu / 差:uda udaf / 钗:qcy qcyy / 豺:eef eeft / 侪:wyj wyjh
moc_wubi86_simp	`chang	长:ta tay tayi / 唱:kjj kjjg / 场:fnrt / 常:ipkh / 厂:dgt / 尝:ipf ipfc	长:ta tay tayi / 唱:kjj kjjg / 场:fnrt / 常:ipkh / 厂:dgt / 尝:ipf ipfc
moc_wubi86_simp	`chi	吃:ktn ktnn / 持:rf rff rffy / 池:ib ibn / 尺:nyi / 赤:fo fou / 迟:nyp nypi	吃:ktn ktnn / 持:rf rff rffy / 池:ib ibn / 尺:nyi / 赤:fo fou / 迟:nyp nypi
moc_wubi86_simp	`fu	附:bwf bwfy / 负:qm qmu / 服:eb ebc ebcy / 副:gkl gklj / 付:wfy / 复:tjt tjtu	附:bwf bwfy / 负:qm qmu / 服:eb ebc ebcy / 副:gkl gklj / 付:wfy / 复:tjt tjtu
moc_wubi86_simp	`gu	故:dty / 股:emc emcy / 古:dgh dghg / 鼓:fkuc / 谷:wwk wwkf / 骨:me mef	故:dty / 股:emc emcy / 古:dgh dghg / 鼓:fkuc / 谷:wwk wwkf / 骨:me mef
moc_wubi86_simp	`gui	贵:khgm / 归:jv jvg / 鬼:rqc rqci / 跪:khqb / 轨:lv lvn / 硅:dff dffg	贵:khgm / 归:jv jvg / 鬼:rqc rqci / 跪:khqb / 轨:lv lvn / 硅:dff dffg
moc_wubi86_simp	`hun	混:ijx ijxx / 魂:fcr fcrc / 婚:vq vqa vqaj / 荤:aplj / 浑:ipl iplh / 昏:qajf	混:ijx ijxx / 魂:fcr fcrc / 婚:vq vqa vqaj / 荤:aplj / 浑:ipl iplh / 昏:qajf
moc_wubi86_simp	`ji	及:ey eyi / 即:vcb vcbh / 级:xe xey xeyy / 既:vca vcaq / 集:wys wysu / 记:yn ynn	及:ey eyi / 即:vcb vcbh / 级:xe xey xeyy / 既:vca vcaq / 集:wys wysu / 记:yn ynn
moc_wubi86_simp	`kun	困:ls lsi / 坤:fjhh / 捆:rls rlsy / 昆:jx jxx jxxb / 鲲:qgjx / 髡:degq	困:ls lsi / 坤:fjhh / 捆:rls rlsy / 昆:jx jxx jxxb / 鲲:qgjx / 髡:degq
moc_wubi86_simp	`lang	狼:qty qtye / 浪:iyv iyve / 郎:yvcb / 朗:yvc yvce / 廊:yyv yyvb / 啷:kyv kyvb	狼:qty qtye / 浪:iyv iyve / 郎:yvcb / 朗:yvc yvce / 廊:yyv yyvb / 啷:kyv kyvb
moc_wubi86_simp	`lu	路:kht khtk / 撸:rqg rqgj / 录:vi viu / 陆:bfm bfmh / 鹿:ynj ynjx / 鲁:qgj qgjf	路:kht khtk / 撸:rqg rqgj / 录:vi viu / 陆:bfm bfmh / 鹿:ynj ynjx / 鲁:qgj qgjf
moc_wubi86_simp	`si	四:lh lhng / 死:gqx gqxb / 斯:adwr / 撕:rad radr / 似:wny wnyw / 丝:xxg xxgf	四:lh lhng / 死:gqx gqxb / 斯:adwr / 撕:rad radr / 似:wny wnyw / 丝:xxg xxgf
moc_wubi86_simp	`ta	他:wb wbn / 它:px pxb / 她:vbn / 塔:fawk / 塌:fjn fjng / 踏:khij	他:wb wbn / 它:px pxb / 她:vbn / 塔:fawk / 塌:fjn fjng / 踏:khij
moc_wubi86_simp	`wu	无:fq fqv / 五:gg ggh gghg / 物:tr trq trqr / 吾:gkf / 吴:kgd kgdu / 勿:qre	无:fq fqv / 五:gg ggh gghg / 物:tr trq trqr / 吾:gkf / 吴:kgd kgdu / 勿:qre
moc_wubi86_simp	`yi	以:c nyw nywy / 一:g ggl ggll / 亿:wn wnn / 已:n nnnn / 亦:you / 易:jqr jqrr	以:c nyw nywy / 一:g ggl ggll / 亿:wn wnn / 已:n nnnn / 亦:you / 易:jqr jqrr
moc_wubi86_simp	`you	有:def e / 又:c ccc cccc / 由:mh mhng / 油:img / 右:dk dkf / 哟:kx kxq kxqy	有:def e / 又:c ccc cccc / 由:mh mhng / 油:img / 右:dk dkf / 哟:kx kxq kxqy
moc_wubi86_simp	`zhi	只:kw kwu / 之:p pp ppp pppp / 至:gcf gcff / 值:wfhg / 指:rxj rxjg / 纸:xqa xqan	只:kw kwu / 之:p pp ppp pppp / 至:gcf gcff / 值:wfhg / 指:rxj rxjg / 纸:xqa xqan
moc_wubi86_simp	aac	落落难合:~w	
moc_wubi86_simp	aad	葚: / 工友:~c / 工厂:~g / 落荒而逃:~i / 匿:~k / 花花太岁:~m	葚: / 工友:~c / 工厂:~g / 落荒而逃:~i / 匿:~k / 慝:~n
moc_wubi86_simp	aat	工长:~a / 工行:~f / 警匪片:~h / 蓬荜生辉:~i / 工程:~k / 戒备:~l	工长:~a / 工行:~f / 警匪片:~h / 蓬荜生辉:~i / 工程:~k / 戒备:~l
moc_wubi86_simp	ads	期权:~c / 基极:~e / 东奔西走:~f / 基本:~g / 若想:~h / 勘查:~j	期权:~c / 基极:~e / 东奔西走:~f / 基本:~g / 若想:~h / 勘查:~j
moc_wubi86_simp	adt	藏私:~c / 苦短:~d / 期待:~f / 欺生:~g / 苦处:~h / 惹得:~j	藏私:~c / 苦短:~d / 期待:~f / 欺生:~g / 苦处:~h / 惹得:~j
moc_wubi86_simp	afs	某: / 鞋柜:~a / 东走西顾:~d / 靶标:~f / 甘醇:~g / 靶机:~m	某: / 鞋柜:~a / 靶标:~f / 甘醇:~g / 靶机:~m / 著述:~y
moc_wubi86_simp	agw	七青八黄:~a / 董事会:~f / 巧合:~g / 菁华:~x / 葬仪:~y	董事会:~f / 巧合:~g / 菁华:~x / 葬仪:~y
moc_wubi86_simp	agy	巧计:~f / 荆州:~t / 巧言:~y / 匡谬:~n	巧计:~f / 荆州:~t / 巧言:~y
moc_wubi86_simp	ahi	菽: / 牙尖:~d / 邪淫:~e / 雅洁:~f / 牙婆:~h / 雅淡:~o	菽: / 牙尖:~d / 邪淫:~e / 雅洁:~f / 雅淡:~o / 雅兴:~w
moc_wubi86_simp	ahm	雅典:~a / 牙雕:~f / 欺上罔下:~g / 卧虎山:~m / 雅迪:~p	雅典:~a / 牙雕:~f / 欺上罔下:~g / 雅迪:~p
moc_wubi86_simp	ahs	卧槽:~g / 雅相:~h / 卧榻:~j / 雅歌:~k / 菽粟:~o / 工具栏:~u	卧槽:~g / 雅相:~h / 卧榻:~j / 雅歌:~k / 工具栏:~u / 牙根:~v
moc_wubi86_simp	aij	东盟:~e / 落日:~j / 落果:~s / 落照:~v / 茫昧:~f	东盟:~e / 落日:~j / 落果:~s / 落照:~v
moc_wubi86_simp	ait	落: / 东升:~a / 落选:~f / 东征:~g / 薄片:~h / 燕雀处堂:~i	落: / 东升:~a / 落选:~f / 东征:~g / 薄片:~h / 藩:~l
moc_wubi86_simp	ajc	基里巴斯:~a / 七星台:~k / 草鸡:~q	基里巴斯:~a / 草鸡:~q
moc_wubi86_simp	akb	葺: / 黄口孺子:~b / 蕺:~t	葺: / 蕺:~t
moc_wubi86_simp	akt	惑乱:~d / 萼片:~h / 藏器待时:~j / 勤务:~l / 匮乏:~p / 或称:~q	惑乱:~d / 萼片:~h / 勤务:~l / 匮乏:~p / 或称:~q / 落叶知秋:~t
moc_wubi86_simp	amb	黄了:~n / 芟除:~w	黄了:~n
moc_wubi86_simp	ano	薪尽火传:~w	
moc_wubi86_simp	ans	巨树:~c / 世相:~h / 巨贾:~m / 其情可悯:~n / 艺林:~s / 艺术:~y	巨树:~c / 世相:~h / 巨贾:~m / 艺林:~s / 艺术:~y
moc_wubi86_simp	apc	营垒:~c / 其实难副:~g / 蒙难:~w / 蒙骗:~y	营垒:~c / 蒙难:~w / 蒙骗:~y
moc_wubi86_simp	api	荥: / 蒙尘:~f / 蒙混:~j / 荤油:~m / 荣宗耀祖:~p / 荣耀:~q	荥: / 蒙尘:~f / 蒙混:~j / 荤油:~m / 荣耀:~q / 荣誉:~w
moc_wubi86_simp	apn	茕: / 萦怀:~g / 营收:~h / 劳改:~t / 荧屏:~u / 劳心:~y	茕: / 营收:~h / 劳改:~t / 荧屏:~u / 劳心:~y / 菅:~n
moc_wubi86_simp	apt	荣升:~a / 营私:~c / 营盘:~e / 营造:~f / 营生:~g / 营利:~j	荣升:~a / 营私:~c / 营盘:~e / 营造:~f / 营生:~g / 营利:~j
moc_wubi86_simp	aqd	区码:~c / 葱郁:~e / 殴辱:~f / 慕名而来:~g / 黄钟大吕:~k / 蔚然成风:~m	区码:~c / 葱郁:~e / 殴辱:~f / 慕名而来:~g / 黄钟大吕:~k / 蔚然成风:~m
moc_wubi86_simp	aqv	匹: / 萏:~f / 警嫂:~v / 欧姆:~x / 黄钟毁弃:~y	匹: / 萏:~f / 警嫂:~v / 欧姆:~x
moc_wubi86_simp	aqw	芡: / 敬颂:~c / 区段:~d / 基金会:~f / 苟合:~g / 敬候:~h	芡: / 区段:~d / 基金会:~f / 苟合:~g / 敬佩:~m / 敬仰:~q
moc_wubi86_simp	ard	薄技在身:~t	
moc_wubi86_simp	asp	艺术家:~e / 荷枪实弹:~x / 莫可究诘:~y	艺术家:~e / 荷枪实弹:~x
moc_wubi86_simp	asw	菘: / 鹊桥会:~f / 茂林修竹:~t / 荡检逾闲:~u	菘: / 鹊桥会:~f / 茂林修竹:~t
moc_wubi86_simp	aug	燕瘦环肥:~e / 东半球:~f / 苦差事:~k / 颐养天年:~r / 燕麦:~t / 邪门歪道:~u	东半球:~f / 苦差事:~k / 颐养天年:~r / 燕麦:~t / 邪门歪道:~u
moc_wubi86_simp	aup	蒂: / 蔽塞:~f / 芝兰之室:~p / 莫逆之交:~u / 燕窝:~w / 蒡:~y	蒂: / 蔽塞:~f / 莫逆之交:~u / 燕窝:~w / 蒡:~y
moc_wubi86_simp	aur	菩提:~j / 苍颜白发:~n / 茭白:~r / 黄童白叟:~v	菩提:~j / 苍颜白发:~n / 茭白:~r
moc_wubi86_simp	avy	芄: / 欺君误国:~l / 切记:~n / 切变:~o / 荨麻:~s / 切诊:~w	芄: / 切记:~n / 切变:~o / 荨麻:~s / 切诊:~w
moc_wubi86_simp	awp	茶寮:~d / 革命家:~e / 花冠:~f / 工作室:~g / 荣华富贵:~k / 花蜜:~n	革命家:~e / 花冠:~f / 工作室:~g / 荣华富贵:~k / 花蜜:~n / 苍穹:~w
moc_wubi86_simp	aws	茶: / 著作权:~c / 花枝:~f / 茶杯:~g / 花椒:~h / 荷:~k	茶: / 著作权:~c / 花枝:~f / 茶杯:~g / 花椒:~h / 荷:~k
moc_wubi86_simp	awx	花: / 花红:~a / 工作组:~e / 花费:~j / 萧伯纳:~m / 共约:~q	花: / 花红:~a / 工作组:~e / 花费:~j / 萧伯纳:~m / 共约:~q
moc_wubi86_simp	ayf	荒地:~b / 芳魂:~c / 荒坡:~h / 菜市场:~n / 荒诞无稽:~t / 功高震主:~y	荒地:~b / 荒坡:~h / 菜市场:~n / 荒诞无稽:~t / 功高震主:~y
moc_wubi86_simp	ayq	蔼然:~d / 英语角:~e / 芳名:~k / 邪魔外道:~u / 荒岛:~y	英语角:~e / 芳名:~k / 邪魔外道:~u / 荒岛:~y
moc_wubi86_simp	ayw	萃: / 艺高人胆大:~d / 茶话会:~f / 草率从事:~g / 荒僻:~n / 巧言令色:~q	萃: / 艺高人胆大:~d / 茶话会:~f / 草率从事:~g / 荒僻:~n / 巧言令色:~q
moc_wubi86_simp	bar	陈兵:~g / 陈年:~h / 隔靴搔痒:~u / 阿其所好:~v	陈兵:~g / 陈年:~h / 隔靴搔痒:~u
moc_wubi86_simp	bdd	随感:~g / 阳春面:~m / 承奉:~w / 承袭:~x / 耳鬓厮磨:~y	随感:~g / 阳春面:~m / 承袭:~x / 耳鬓厮磨:~y
moc_wubi86_simp	bdf	承载:~a / 随地:~b / 承运:~c / 隋朝:~j / 承教:~t / 随喜:~k	承载:~a / 随地:~b / 承运:~c / 隋朝:~j / 随喜:~k
moc_wubi86_simp	bdt	承租:~e / 随行:~f / 承重:~g / 随处:~h / 随和:~k / 随身:~m	承租:~e / 随行:~f / 承重:~g / 随处:~h / 随和:~k / 随身:~m
moc_wubi86_simp	bfd	孺: / 陆丰:~h / 降志辱身:~t / 隔墙有耳:~b	孺: / 陆丰:~h / 隔墙有耳:~b
moc_wubi86_simp	bgu	陕: / 耳闻:~b / 隔着:~d / 阮囊羞涩:~i / 耳部:~k / 耳旁:~p	陕: / 耳闻:~b / 隔着:~d / 耳部:~k / 耳旁:~p / 卫道:~t
moc_wubi86_simp	bjd	聚蚊成雷:~f / 阳历:~l / 随遇而安:~p / 阳寿:~t / 阳春:~w	阳历:~l / 随遇而安:~p / 阳寿:~t / 阳春:~w
moc_wubi86_simp	bkh	聩: / 亟盼:~w	聩:
moc_wubi86_simp	bkx	职级:~e / 降贵纡尊:~u	职级:~e
moc_wubi86_simp	bln	耳软心活:~i / 阵发:~t / 孟买:~u	阵发:~t / 孟买:~u
moc_wubi86_simp	bnp	聊以塞责:~g / 了之:~p / 子丑寅卯:~q / 了案:~v / 孙悟空:~w	了之:~p / 子丑寅卯:~q / 了案:~v / 孙悟空:~w
moc_wubi86_simp	boe	取精用弘:~x	
moc_wubi86_simp	bsw	孤标傲世:~a / 阿公:~c / 阿爸:~q / 阿伯:~r	阿公:~c / 阿爸:~q / 阿伯:~r
moc_wubi86_simp	buv	防意如城:~f / 联姻:~l / 陪嫁:~p	联姻:~l / 陪嫁:~p
moc_wubi86_simp	bwf	附: / 附载:~a / 坠地:~b / 除去:~c / 坠:~f / 除垢:~r	附: / 附载:~a / 坠地:~b / 除去:~c / 坠:~f / 除垢:~r
moc_wubi86_simp	byk	防患:~k / 孔方兄:~q / 防噪:~k	防患:~k / 防噪:~k
moc_wubi86_simp	byx	防线:~g / 防缩:~p / 防弹:~u / 聚讼纷纭:~x	防线:~g / 防缩:~p / 防弹:~u
moc_wubi86_simp	cac	骁骑:~d / 骁勇:~e / 戏台:~k / 骐骥:~u	骁骑:~d / 骁勇:~e / 戏台:~k
moc_wubi86_simp	cbd	预: / 矜夸:~f / 预感:~g / 预存:~h	预: / 预感:~g / 预存:~h
moc_wubi86_simp	cca	双工:~a / 双节:~b / 骀荡:~i / 双薪:~u	双工:~a / 双节:~b / 双薪:~u
moc_wubi86_simp	ccg	桑蚕:~d / 垒球:~f / 又一:~g / 又不:~i / 双颊:~u / 骆驿不绝:~x	桑蚕:~d / 垒球:~f / 又一:~g / 又不:~i / 双颊:~u
moc_wubi86_simp	ccp	叠字:~b / 骚客:~t	叠字:~b
moc_wubi86_simp	cdq	参错:~a	
moc_wubi86_simp	cdu	参差:~d / 参半:~f / 参商:~m / 参阅:~u	参差:~d / 参半:~f / 参阅:~u
moc_wubi86_simp	cep	通: / 通家:~e / 勇冠:~f / 通宝:~g / 通宵:~i / 通窍:~w	通: / 勇冠:~f / 通宝:~g / 通宵:~i / 通窍:~w / 通神:~y
moc_wubi86_simp	ckd	鸡鸣而起:~f / 驴鸣犬吠:~k / 台历:~l / 台面:~m	鸡鸣而起:~f / 台历:~l / 台面:~m
moc_wubi86_simp	ckg	驶到:~c / 台甫:~e / 台球:~f / 台下:~h / 怠速:~k / 驶来:~o	驶到:~c / 台球:~f / 台下:~h / 怠速:~k / 驶来:~o
moc_wubi86_simp	ckj	台盟:~e / 台鉴:~t	台盟:~e
moc_wubi86_simp	ckl	台驾:~k	
moc_wubi86_simp	cmn	骋怀:~g	
moc_wubi86_simp	crb	牟取:~c / 能近取譬:~n	牟取:~c
moc_wubi86_simp	csd	巴格达:~p / 通权达变:~y	巴格达:~p
moc_wubi86_simp	cuw	骈俪:~g / 骈体:~s	骈体:~s
moc_wubi86_simp	cwh	难卜:~h / 难点:~k	难点:~k
moc_wubi86_simp	cxj	圣经贤传:~w	
moc_wubi86_simp	dap	厮守:~f / 大雅之堂:~i / 奉若神明:~j / 左袒:~u	厮守:~f / 大雅之堂:~i / 奉若神明:~j
moc_wubi86_simp	dch	龙骧虎步:~h	
moc_wubi86_simp	dcp	犬马之劳:~a / 码字:~b / 友军:~l / 雄视:~y	码字:~b / 友军:~l / 雄视:~y
moc_wubi86_simp	ddy	大度:~a / 大亨:~b / 左右为难:~c / 大庆:~d / 大衣:~e / 大计:~f	大度:~a / 大亨:~b / 左右为难:~c / 大庆:~d / 大衣:~e / 大计:~f
moc_wubi86_simp	dem	髯: / 胡同:~g / 龙肝凤髓:~m / 有肉:~w	髯: / 胡同:~g / 有肉:~w
moc_wubi86_simp	dgc	硬驱:~a / 三通:~e / 感观:~m / 古巴:~n / 三曹对案:~p	硬驱:~a / 三通:~e / 感观:~m / 古巴:~n
moc_wubi86_simp	dgk	咸: / 感叹:~c / 犬吠:~d / 厨:~f / 威吓:~g / 三环路:~h	咸: / 感叹:~c / 犬吠:~d / 厨:~f / 威吓:~g / 三环路:~h
moc_wubi86_simp	dhq	艳: / 戛然:~d / 破解:~e / 存钱:~g / 在外:~h / 破锣:~l	艳: / 戛然:~d / 破解:~e / 存钱:~g / 在外:~h / 破锣:~l
moc_wubi86_simp	dhv	契: / 在即:~c / 三贞九烈:~g / 挈:~r / 非此即彼:~t / 艳女:~v	契: / 在即:~c / 挈:~r / 非此即彼:~t / 艳女:~v / 夏娃:~f
moc_wubi86_simp	dmm	页岩:~d / 面巾:~h / 春风风人:~w / 非同凡响:~k / 布网:~q	页岩:~d / 面巾:~h / 非同凡响:~k / 布网:~q
moc_wubi86_simp	dmt	感同身受:~e / 面积:~k / 面向:~m / 成败利钝:~q / 成败得失:~r / 面条:~s	感同身受:~e / 面积:~k / 面向:~m / 成败得失:~r / 面条:~s / 耍笑:~t
moc_wubi86_simp	dmy	矾: / 面试:~a / 面熟:~b / 布衣:~e / 布店:~h / 面禀:~l	矾: / 面试:~a / 面熟:~b / 布衣:~e / 布店:~h / 面谈:~o
moc_wubi86_simp	dnd	臧: / 克尽厥职:~b / 盛大:~d / 万有:~e / 万古:~g / 盛夏:~h	臧: / 克尽厥职:~b / 盛大:~d / 万有:~e / 万古:~g / 盛夏:~h
moc_wubi86_simp	dnj	万里:~f / 成虫:~h / 成日:~j / 尴:~l / 成果:~s / 虿:~u	万里:~f / 成虫:~h / 成日:~j / 尴:~l / 成果:~s / 盛景:~y
moc_wubi86_simp	dnt	成长:~a / 盛季:~b / 万般:~e / 万千:~f / 成片:~h / 万种:~k	成长:~a / 盛季:~b / 万般:~e / 万千:~f / 成片:~h / 万种:~k
moc_wubi86_simp	doj	磷虾:~g / 石火电光:~i / 灰暗:~u	磷虾:~g / 灰暗:~u
moc_wubi86_simp	dpd	碗碟:~a / 奋袂而起:~f / 达成:~n / 达达:~p / 百害而无一利:~t	碗碟:~a / 达成:~n / 达达:~p / 百害而无一利:~t
moc_wubi86_simp	dpe	有容乃大:~d / 破家县令:~w	有容乃大:~d
moc_wubi86_simp	dqs	砍树:~c / 万象森罗:~l / 三角板:~r / 砥柱:~y	砍树:~c / 三角板:~r / 砥柱:~y
moc_wubi86_simp	dqy	布鲁诺:~a / 秦镜高悬:~e / 确证:~g / 确应:~i / 有错就改:~n / 三角恋:~o	布鲁诺:~a / 确证:~g / 确应:~i / 有错就改:~n / 三角恋:~o / 爽朗:~v
moc_wubi86_simp	drp	原宥:~d / 原定:~g / 原审:~j / 原初:~u / 百年之好:~v / 百年之后:~r	原定:~g / 原审:~j / 原初:~u / 百年之好:~v / 百年之后:~r
moc_wubi86_simp	dru	原状:~d / 原装:~f / 愿意:~j / 原浆:~q / 原产:~t / 三推六问:~u	原状:~d / 原装:~f / 愿意:~j / 原浆:~q / 原产:~t / 盛气凌人:~w
moc_wubi86_simp	dsq	厅外:~h / 雁杳鱼沉:~i / 大权独揽:~r / 碴儿:~t / 三棱镜:~u	厅外:~h / 大权独揽:~r / 碴儿:~t / 三棱镜:~u
moc_wubi86_simp	dsy	奇谋:~a / 奇谲:~c / 奇计:~f / 厢房:~n / 奇迹:~o / 奇诡:~q	奇谋:~a / 奇计:~f / 厢房:~n / 奇迹:~o / 奇诡:~q / 奇文:~y
moc_wubi86_simp	dta	帮工:~a / 万向节:~b / 大智若愚:~j / 大千世界:~l / 百身莫赎:~m / 厚积薄发:~n	帮工:~a / 万向节:~b / 大智若愚:~j / 大千世界:~l / 厚积薄发:~n / 大行其道:~u
moc_wubi86_simp	dts	寿材:~f / 寿桃:~i / 有利可图:~l / 寿木:~s	寿桃:~i / 有利可图:~l
moc_wubi86_simp	dtt	故知:~d / 硬生生:~g / 故称:~q / 春秋繁露:~f / 寿筵:~t	故知:~d / 硬生生:~g / 故称:~q / 春秋繁露:~f
moc_wubi86_simp	dtu	三街六巷:~a / 大处着眼:~h / 故意:~j / 奋笔疾书:~n / 三等奖:~q / 故道:~t	大处着眼:~h / 故意:~j / 奋笔疾书:~n / 三等奖:~q / 故道:~t / 帮闲:~s
moc_wubi86_simp	dtv	龙生九子:~b / 大笔如椽:~s	龙生九子:~b
moc_wubi86_simp	dua	有效期:~d / 碰巧:~g / 碰落:~i / 雄姿英发:~n / 大辩若讷:~y	有效期:~d / 碰巧:~g / 碰落:~i / 雄姿英发:~n
moc_wubi86_simp	dug	碰到:~c / 大半天:~d / 磁带:~k / 百闻不如一见:~m / 百问不烦:~o / 三差两错:~q	碰到:~c / 大半天:~d / 磁带:~k / 百闻不如一见:~m / 百问不烦:~o / 三差两错:~q
moc_wubi86_simp	dut	春兰秋菊:~a / 磁矩:~d / 磁盘:~e / 牵着鼻子走:~f / 百端待举:~i / 磁条:~s	春兰秋菊:~a / 磁矩:~d / 磁盘:~e / 牵着鼻子走:~f / 磁条:~s / 磅秤:~g
moc_wubi86_simp	dvw	面如傅粉:~o	
moc_wubi86_simp	dwk	悲从中来:~g / 大合唱:~j / 存储器:~k / 古今中外:~q / 秦川:~t / 奉命唯谨:~y	悲从中来:~g / 大合唱:~j / 存储器:~k / 古今中外:~q / 秦川:~t / 赝品:~k
moc_wubi86_simp	dwn	感今怀昔:~a / 蠢蛋:~h / 压倒性:~t / 春情:~g / 帮倒忙:~y	春情:~g / 蠢蛋:~h / 压倒性:~t / 帮倒忙:~y
moc_wubi86_simp	dyp	有识之士:~f / 大方之家:~p / 太空:~w / 太祖:~y	有识之士:~f / 太空:~w / 太祖:~y
moc_wubi86_simp	eaj	腊: / 膜:~d / 月落星沉:~i / 腊日:~j	腊: / 膜:~d
moc_wubi86_simp	edv	胜友如云:~f / 胆大如斗:~u / 须臾:~w	胆大如斗:~u / 须臾:~w
moc_wubi86_simp	eee	月: / 月盈:~c / 胳膊肘:~f / 肠肥脑满:~i / 豹胆:~j / 朦朦胧胧:~e	月: / 月盈:~c / 胳膊肘:~f / 豹胆:~j / 朦朦胧胧:~e
moc_wubi86_simp	efr	脚爪:~h / 貂裘换酒:~i / 脚扣:~k / 脚气:~n / 脚手:~t / 脚垫:~v	脚爪:~h / 脚扣:~k / 脚气:~n / 脚手:~t / 脚垫:~v / 脚撑:~i
moc_wubi86_simp	efv	爱才如渴:~i / 爱才如命:~w	爱才如渴:~i
moc_wubi86_simp	elv	爵: / 爱国如家:~p	爵:
moc_wubi86_simp	emb	彩凤随鸦:~a / 股子:~b / 觅取:~c	股子:~b / 觅取:~c
moc_wubi86_simp	emq	觅: / 觅句:~k / 股金:~q	觅: / 股金:~q
moc_wubi86_simp	enp	腹心之疾:~u	
moc_wubi86_simp	ept	受敌:~d / 逐行:~f / 受惩:~g / 逐臭:~h / 逐利:~j / 脓血:~l	受敌:~d / 逐行:~f / 受惩:~g / 逐利:~j / 脓血:~l / 爱称:~q
moc_wubi86_simp	eqy	胸衣:~e / 助桀为虐:~h / 脆亮:~p / 胸廓:~y	胸衣:~e / 脆亮:~p / 胸廓:~y
moc_wubi86_simp	etl	盈千累万:~d / 用车:~g / 用力:~t	用车:~g / 用力:~t
moc_wubi86_simp	etw	乃翁:~c / 胜仗:~d / 用命:~g / 胜似:~n / 乃父:~q / 脑垂体:~s	胜仗:~d / 用命:~g / 胜似:~n / 乃父:~q / 脑垂体:~s / 用途:~t
moc_wubi86_simp	eum	采兰赠药:~a / 脱帽:~h / 脱岗:~m / 臆见:~q	脱帽:~h / 脱岗:~m
moc_wubi86_simp	eur	胶质:~f / 脱掉:~h / 脱氧:~n / 脱手:~t / 膝痒搔背:~u / 腾挪:~v	胶质:~f / 脱掉:~h / 脱氧:~n / 脱手:~t / 腾挪:~v
moc_wubi86_simp	euu	胶卷:~d / 臆病:~g / 脱产:~t / 胖瘦:~v / 胶着:~d	胶卷:~d / 脱产:~t / 胖瘦:~v / 胶着:~d
moc_wubi86_simp	evg	腿形:~a / 妥否:~i / 腿带:~k	腿形:~a / 腿带:~k
moc_wubi86_simp	ewn	脸蛋:~h / 爱人以德:~t / 貌合心离:~y	脸蛋:~h / 貌合心离:~y
moc_wubi86_simp	ewt	用舍行藏:~a / 脸盘:~e	脸盘:~e
moc_wubi86_simp	eyp	脏字:~b / 及冠:~f / 脑室:~g / 脉案:~v / 腋窝:~w	脏字:~b / 及冠:~f / 脑室:~g / 腋窝:~w
moc_wubi86_simp	eyv	用户群:~t / 彩衣娱亲:~u	用户群:~t
moc_wubi86_simp	fad	堪: / 去芜存菁:~a / 载有:~e / 裁夺:~f / 雨花石:~g / 截面:~m	堪: / 去芜存菁:~a / 载有:~e / 雨花石:~g / 截面:~m / 无功而返:~r
moc_wubi86_simp	fag	截至:~c / 霸王:~g / 栽下:~h / 夫荣妻贵:~k / 无巧不成书:~n / 寸草不留:~q	截至:~c / 霸王:~g / 栽下:~h / 无巧不成书:~n / 寸草不留:~q / 寸草不生:~t
moc_wubi86_simp	fcx	支绌:~b / 支线:~g / 运费:~j / 二叠纪:~n / 动弹:~u / 运维:~w	支线:~g / 运费:~j / 二叠纪:~n / 动弹:~u / 运维:~w / 云缝:~t
moc_wubi86_simp	fdg	无奇不有:~d / 二百五:~g / 城下:~h / 远在天边:~l / 博而不精:~o / 震裂:~q	无奇不有:~d / 二百五:~g / 城下:~h / 远在天边:~l / 震裂:~q / 老大不小:~i
moc_wubi86_simp	ffh	填: / 封皮:~c / 墙上:~h / 款步:~i / 运动战:~k / 卦:~y	填: / 封皮:~c / 墙上:~h / 款步:~i / 运动战:~k / 卦:~y
moc_wubi86_simp	ffn	圬: / 雩:~b / 土层:~f / 土司:~g / 墙壁:~k / 违者必究:~p	圬: / 雩:~b / 土层:~f / 土司:~g / 墙壁:~k / 违者必究:~p
moc_wubi86_simp	ffp	赫赫之功:~a / 土家:~e / 堵塞:~f / 填写:~g / 真才实学:~i / 坎井之蛙:~j	赫赫之功:~a / 土家:~e / 堵塞:~f / 填写:~g / 真才实学:~i / 二进宫:~k
moc_wubi86_simp	ffv	填好:~b / 款姐:~e / 封建:~f / 进寸退尺:~n / 恚怒:~c	填好:~b / 款姐:~e / 封建:~f / 进寸退尺:~n
moc_wubi86_simp	fgf	圩: / 十载:~a / 过不去:~c / 博士:~g / 越来越:~h / 寸进:~j	圩: / 十载:~a / 过不去:~c / 博士:~g / 越来越:~h / 寸进:~j
moc_wubi86_simp	fgh	十: / 寸: / 士:~g / 赶不上:~h / 进一步:~i / 雨点:~k	十: / 寸: / 士:~g / 赶不上:~h / 进一步:~i / 雨点:~k
moc_wubi86_simp	fgi	坏: / 坯:~g / 干涉:~h / 雨水:~i / 干渴:~j / 干涸:~l	坏: / 坯:~g / 干涉:~h / 雨水:~i / 干渴:~j / 干涸:~l
moc_wubi86_simp	fgy	二度:~a / 雨衣:~e / 博识:~k / 二房:~n / 博弈:~o / 朝不谋夕:~q	二度:~a / 雨衣:~e / 博识:~k / 二房:~n / 博弈:~o / 坏话:~t
moc_wubi86_simp	fhd	起码:~c / 直奔:~f / 直感:~g / 走在:~h / 直面:~m / 直达:~p	起码:~c / 直奔:~f / 直感:~g / 走在:~h / 直面:~m / 直达:~p
moc_wubi86_simp	fif	云消雾散:~a / 无法无天:~g / 求真:~h / 救救:~i / 救场:~n / 远水救不了近火:~o	云消雾散:~a / 无法无天:~g / 求真:~h / 救救:~i / 救场:~n / 远水救不了近火:~o
moc_wubi86_simp	fiv	示好:~b / 未始:~c / 垱:~g / 未婚:~q / 求婚:~q / 嫠妇:~v	示好:~b / 未始:~c / 垱:~g / 未婚:~q / 求婚:~q
moc_wubi86_simp	fjp	进: / 无冕之王:~g / 进军:~l / 井蛙之见:~m / 韬晦之计:~y / 越野赛:~f	进: / 无冕之王:~g / 进军:~l / 越野赛:~f
moc_wubi86_simp	fjt	无师自通:~c / 进行:~f / 老蚌生珠:~g / 进香:~j / 进程:~k / 朝向:~m	无师自通:~c / 进行:~f / 进香:~j / 进程:~k / 朝向:~m / 刊物:~r
moc_wubi86_simp	fkf	吉: / 鼓动:~c / 喜雨:~g / 鼓起:~h / 鼓声:~n / 喜丧:~u	吉: / 鼓动:~c / 喜雨:~g / 鼓起:~h / 鼓声:~n / 喜丧:~u
moc_wubi86_simp	fkj	壶中日月:~e / 吉时:~f / 吉日:~j / 喜果:~s / 吉星:~t / 雷鸣电闪:~u	吉时:~f / 吉日:~j / 喜果:~s / 吉星:~t / 雷鸣电闪:~u
moc_wubi86_simp	flf	雷: / 卖国求荣:~a / 无边无际:~b / 雷动:~c / 雷雨:~g / 无思无虑:~h	雷: / 卖国求荣:~a / 无边无际:~b / 雷动:~c / 雷雨:~g / 雷击:~m
moc_wubi86_simp	flm	卖国贼:~a / 无边风月:~e / 协同:~g / 地图册:~m / 协力同心:~n / 雷同:~g	卖国贼:~a / 协同:~g / 地图册:~m / 协力同心:~n / 雷同:~g
moc_wubi86_simp	fmm	南曲:~a / 南岸:~d / 南风:~q / 地崩山摧:~r / 击败:~t / 南岭:~w	南曲:~a / 南岸:~d / 南风:~q / 击败:~t / 南岭:~w / 南丹:~y
moc_wubi86_simp	fna	块茎:~c / 专项:~d / 才尽其用:~e / 专著:~f / 卖艺:~n / 专营:~p	块茎:~c / 专项:~d / 专著:~f / 卖艺:~n / 专营:~p / 专区:~q
moc_wubi86_simp	fnr	声: / 魂飞魄散:~a / 卖报:~b / 违反:~c / 声援:~e / 卖掉:~h	声: / 魂飞魄散:~a / 卖报:~b / 违反:~c / 声援:~e / 卖掉:~h
moc_wubi86_simp	fpp	过宽:~a / 丧家之犬:~d / 过家家:~e / 过完:~f / 未定之天:~g / 十字军:~l	过宽:~a / 丧家之犬:~d / 过家家:~e / 过完:~f / 十字军:~l / 丧家之狗:~q
moc_wubi86_simp	fps	煮鹤焚琴:~g / 无家可归:~j / 过桥:~t / 封神榜:~u / 索要:~v	无家可归:~j / 过桥:~t / 封神榜:~u / 索要:~v
moc_wubi86_simp	fqx	无级:~e / 无线:~g / 顽强:~k / 志留纪:~n / 无疑:~t / 卖儿鬻女:~v	无级:~e / 无线:~g / 顽强:~k / 志留纪:~n / 无疑:~t / 无缘:~x
moc_wubi86_simp	frd	老皇历:~l / 运斤成风:~m / 无所顾忌:~n / 雨后春笋:~t / 零打碎敲:~y	老皇历:~l / 无所顾忌:~n / 雨后春笋:~t / 零打碎敲:~y
moc_wubi86_simp	fsf	堙: / 无可救药:~a / 无机盐:~h / 载歌载舞:~r / 无可无不可:~s / 霜雪:~v	堙: / 无可救药:~a / 无机盐:~h / 载歌载舞:~r / 霜雪:~v
moc_wubi86_simp	fsg	霜天:~d / 南柯一梦:~s / 地覆天翻:~t	霜天:~d / 南柯一梦:~s
moc_wubi86_simp	fsi	堙没:~m / 吉林省:~t / 南极洲:~y	吉林省:~t / 南极洲:~y
moc_wubi86_simp	fsk	坷: / 霜叶:~f / 击楫中流:~i / 违禁品:~k / 专横跋扈:~y	坷: / 霜叶:~f / 违禁品:~k / 专横跋扈:~y
moc_wubi86_simp	ftd	老友:~c / 老大:~d / 都有:~e / 考古:~g / 都在:~h / 老辈:~j	老友:~c / 老大:~d / 都有:~e / 考古:~g / 都在:~h / 老辈:~j
moc_wubi86_simp	fti	老汉:~c / 老婆:~h / 雾水:~i / 煮汤:~n / 教学:~p / 老光:~q	老汉:~c / 老婆:~h / 雾水:~i / 煮汤:~n / 教学:~p / 老光:~q
moc_wubi86_simp	ftp	填街塞巷:~a / 进身之阶:~b / 老家:~e / 考完:~f / 教室:~g / 远征军:~l	老家:~e / 考完:~f / 教室:~g / 远征军:~l / 考官:~n / 老实:~u
moc_wubi86_simp	ftv	老妪:~a / 老妈:~c / 老姐:~e / 老妹:~f / 老叟:~h / 老巢:~j	老妪:~a / 老妈:~c / 老姐:~e / 老妹:~f / 老叟:~h / 老巢:~j
moc_wubi86_simp	fuw	增创:~b / 幸会:~f / 丧命:~g / 封资修:~h / 丧偶:~j / 丧假:~n	增创:~b / 幸会:~f / 丧命:~g / 丧偶:~j / 丧假:~n / 丧父:~q
moc_wubi86_simp	fwt	干什么:~c / 规矩:~d / 动作片:~h / 规程:~k / 替身:~m / 增值税:~u	干什么:~c / 规矩:~d / 动作片:~h / 规程:~k / 替身:~m / 增值税:~u
moc_wubi86_simp	fyr	都市报:~b / 坟丘:~g / 起床气:~n / 声应气求:~f	都市报:~b / 坟丘:~g / 起床气:~n
moc_wubi86_simp	gad	琪: / 形码:~c / 武大:~d / 武威:~g / 弄破:~h / 形成:~n	琪: / 形码:~c / 武大:~d / 武威:~g / 弄破:~h / 形成:~n
moc_wubi86_simp	gag	玩世不恭:~a / 弄到:~c / 开球:~f / 一匡天下:~g / 下落不明:~j / 刑事:~k	玩世不恭:~a / 弄到:~c / 开球:~f / 一匡天下:~g / 下落不明:~j / 刑事:~k
moc_wubi86_simp	gaj	弄: / 开明:~e / 型:~f / 刑:~h / 武昌:~j / 开映:~m	弄: / 开明:~e / 型:~f / 刑:~h / 武昌:~j / 开映:~m
moc_wubi86_simp	gau	开瓶:~a / 开关:~d / 五黄六月:~e / 武装:~f / 开阔:~i / 刑部:~k	开瓶:~a / 开关:~d / 武装:~f / 开阔:~i / 刑部:~k / 开闸:~l
moc_wubi86_simp	gbr	屯兵:~g / 五陵年少:~i / 两院制:~m / 屯扎:~n / 不出所料:~o / 顿挫:~w	屯兵:~g / 两院制:~m / 屯扎:~n / 不出所料:~o / 顿挫:~w
moc_wubi86_simp	gee	刺股悬梁:~i / 一股脑儿:~q / 静脉:~y	一股脑儿:~q / 静脉:~y
moc_wubi86_simp	gef	青: / 天悬地隔:~b / 表土:~f / 表示:~i / 表露:~k / 静场:~n	青: / 表土:~f / 表示:~i / 表露:~k / 静场:~n / 表壳:~p
moc_wubi86_simp	gfd	玩友:~c / 一二三:~g / 玩耍:~m / 不教而杀:~q / 球面:~m / 不教而诛:~y	玩友:~c / 一二三:~g / 玩耍:~m / 球面:~m
moc_wubi86_simp	gfp	迂: / 一墙之隔:~b / 玩家:~e / 玩完:~f / 天壤之别:~k / 正规军:~l	迂: / 一墙之隔:~b / 玩家:~e / 玩完:~f / 天壤之别:~k / 正规军:~l
moc_wubi86_simp	gfs	一无可取:~b / 球棒:~d / 玩票:~f / 歼击机:~m / 来者可追:~w / 球杆:~f	一无可取:~b / 球棒:~d / 玩票:~f / 歼击机:~m / 球杆:~f
moc_wubi86_simp	gfw	裂土分茅:~a / 玩命:~g / 玩偶:~j / 球体:~s / 玩伴:~u / 不二价:~w	亚运会:~f / 玩命:~g / 玩偶:~j / 球体:~s / 玩伴:~u / 不二价:~w
moc_wubi86_simp	ggj	事不师古:~d / 王明:~e / 一时:~f / 一旦:~g / 一早:~h / 一晃:~i	王明:~e / 一时:~f / 一旦:~g / 一早:~h / 一晃:~i / 一日:~j
moc_wubi86_simp	ggm	一曲:~a / 一周:~f / 一同:~g / 一幅:~h / 严刑峻法:~i / 一则:~j	一曲:~a / 一周:~f / 一同:~g / 一幅:~h / 严刑峻法:~i / 一则:~j
moc_wubi86_simp	ggq	五色:~c / 一角:~e / 天下独步:~h / 五旬:~j / 玻璃钢:~m / 一顿饭:~n	五色:~c / 一角:~e / 五旬:~j / 玻璃钢:~m / 一顿饭:~n / 一不留神:~p
moc_wubi86_simp	ghg	焉: / 下屯:~b / 死皮赖脸:~e / 平步青云:~f / 不上不下:~g / 正理:~j	焉: / 下屯:~b / 死皮赖脸:~e / 平步青云:~f / 不上不下:~g / 正理:~j
moc_wubi86_simp	ghp	正字:~b / 正割:~d / 正宗:~f / 下定:~g / 不虞之誉:~i / 政审:~j	正字:~b / 正割:~d / 正宗:~f / 下定:~g / 政审:~j / 正宫:~k
moc_wubi86_simp	ghv	正好:~b / 下奶:~e / 正如:~k / 下刀:~n / 下嫁:~p / 一瞬即逝:~r	正好:~b / 下奶:~e / 正如:~k / 下刀:~n / 下嫁:~p / 一瞬即逝:~r
moc_wubi86_simp	gig	歪: / 邳:~b / 不到:~c / 珠沉玉碎:~d / 不敷:~e / 一举一动:~f	歪: / 邳:~b / 不到:~c / 不敷:~e / 一举一动:~f / 不一:~g
moc_wubi86_simp	giq	珧: / 不错:~a / 玉堂金马:~c / 不然:~d / 不解:~e / 还钱:~g	珧: / 不错:~a / 不然:~d / 不解:~e / 还钱:~g / 不外:~h
moc_wubi86_simp	gjp	理家:~e / 不时之需:~f / 更定:~g / 惠安:~v / 不易之论:~y	理家:~e / 不时之需:~f / 更定:~g / 惠安:~v
moc_wubi86_simp	gln	画展:~a / 画眉:~h / 画屏:~u / 珠围翠绕:~x	画展:~a / 画眉:~h / 画屏:~u
moc_wubi86_simp	glr	画报:~b / 素车白马:~c / 画质:~f / 画押:~l	画报:~b / 画质:~f / 画押:~l
moc_wubi86_simp	glw	画供:~a / 一边倒:~g / 画像:~q / 画作:~t / 下车伊始:~v	一边倒:~g / 画像:~q / 画作:~t / 下车伊始:~v
moc_wubi86_simp	gmn	玑: / 政由己出:~b / 责怪:~c / 两层:~f / 两臂:~k / 两翼:~l	玑: / 责怪:~c / 两层:~f / 两臂:~k / 两翼:~l / 现已:~n
moc_wubi86_simp	gmt	遭逢:~d / 刺透:~e / 现行:~f / 再生:~g / 残山剩水:~i / 不由得:~j	遭逢:~d / 刺透:~e / 现行:~f / 再生:~g / 不由得:~j / 两种:~k
moc_wubi86_simp	gmv	再好:~b / 一见如故:~d / 一败如水:~i / 再如:~k / 刺刀:~n / 再嫁:~p	再好:~b / 一见如故:~d / 再如:~k / 刺刀:~n / 再嫁:~p / 再婚:~q
moc_wubi86_simp	gna	珉: / 瓦工:~a / 与其:~d / 下必甚焉:~g / 不敢苟同:~m / 开发区:~q	珉: / 瓦工:~a / 与其:~d / 不敢苟同:~m / 开发区:~q / 瓦匠:~r
moc_wubi86_simp	gnm	政以贿成:~d / 与民同乐:~q	与民同乐:~q
moc_wubi86_simp	gpf	琮: / 环宇城:~d / 平安无事:~g / 一穷二白:~r / 一神教:~t / 天寒地冻:~u	琮: / 平安无事:~g / 一穷二白:~r / 一神教:~t / 天寒地冻:~u
moc_wubi86_simp	gpg	一字不苟:~a / 一窍不通:~c / 瑄:~g / 一字不漏:~i / 来之不易:~j / 亚寒带:~k	一字不苟:~a / 一窍不通:~c / 瑄:~g / 一字不漏:~i / 来之不易:~j / 亚寒带:~k
moc_wubi86_simp	gpk	不宁唯是:~j	
moc_wubi86_simp	gpp	一家家:~e / 不祥之兆:~i / 一字之师:~j / 一家之言:~y / 开裆裤:~u / 一定之规:~f	一家家:~e / 不祥之兆:~i / 一家之言:~y / 开裆裤:~u / 一定之规:~f
moc_wubi86_simp	gpv	囊空如洗:~i	
moc_wubi86_simp	gqv	兀: / 一刹那:~f / 琤:~h / 一触即发:~n / 烈女:~v / 一钱如命:~w	兀: / 一刹那:~f / 琤:~h / 一触即发:~n / 烈女:~v / 残忍:~y
moc_wubi86_simp	grj	珠蚌:~d / 不揣冒昧:~j / 不失时机:~s	珠蚌:~d / 不失时机:~s
moc_wubi86_simp	grt	珠算:~h / 珠箔:~i / 碧血:~l / 一掷千金:~q / 不打自招:~r / 束手待毙:~x	珠算:~h / 碧血:~l / 一掷千金:~q / 不打自招:~r / 束手待毙:~x
moc_wubi86_simp	gsf	不可救药:~a / 天覆地载:~f	不可救药:~a
moc_wubi86_simp	gsu	末端:~m / 残杯冷炙:~q	末端:~m
moc_wubi86_simp	gtf	珩: / 玩物丧志:~f / 瓒:~m / 天长地久:~q / 天翻地覆:~s / 不知去向:~t	珩: / 玩物丧志:~f / 瓒:~m / 天长地久:~q / 天翻地覆:~s / 不知去向:~t
moc_wubi86_simp	gtp	一得之功:~a / 一箭之遥:~e / 不毛之地:~f / 不智之举:~i / 一得之愚:~j / 再造之恩:~l	一箭之遥:~e / 不毛之地:~f / 不智之举:~i / 再造之恩:~l / 不务空名:~q / 五笔字型:~g
moc_wubi86_simp	gtt	麦季:~b / 天生我材必有用:~e / 一条街:~f / 麦穗:~g / 麦片:~h / 麦种:~k	麦季:~b / 天生我材必有用:~e / 一条街:~f / 麦穗:~g / 麦片:~h / 麦种:~k
moc_wubi86_simp	gua	一站式:~a / 夹菜:~e / 不辨菽麦:~g / 平卧:~h / 平昔:~j / 歪门邪道:~u	一站式:~a / 夹菜:~e / 平卧:~h / 平昔:~j / 歪门邪道:~u / 事半功倍:~w
moc_wubi86_simp	gul	不着边际:~b / 平畴:~d / 平车:~g	不着边际:~b / 平车:~g
moc_wubi86_simp	gur	平反:~c / 五斗折腰:~e / 平抑:~q / 平白:~r / 平手:~t / 开门揖盗:~u	平反:~c / 平抑:~q / 平白:~r / 平手:~t / 一头热:~v / 更新换代:~w
moc_wubi86_simp	gut	事关重大:~d / 平盘:~e / 平等:~f / 平生:~g / 平息:~h / 平衍:~i	事关重大:~d / 平盘:~e / 平等:~f / 平生:~g / 平息:~h / 平衍:~i
moc_wubi86_simp	gvk	吞刀吐火:~o	
moc_wubi86_simp	gwc	一个巴掌拍不响:~k / 更仆难数:~o	一个巴掌拍不响:~k
moc_wubi86_simp	gwf	一传十:~g / 瓦釜雷鸣:~k / 五代十国:~l / 王仁远:~q / 与会者:~t	一传十:~g / 五代十国:~l / 与会者:~t
moc_wubi86_simp	gwu	珍闻:~b / 王侯将相:~s / 再作冯妇:~v / 责任状:~d	珍闻:~b / 王侯将相:~s / 责任状:~d
moc_wubi86_simp	gxo	死缠烂打:~r / 残编断简:~t / 素数:~v	死缠烂打:~r / 素数:~v
moc_wubi86_simp	gyg	斑: / 正方形:~a / 琼瑶:~e / 一衣带水:~i / 互为表里:~j / 玉带:~k	斑: / 正方形:~a / 琼瑶:~e / 一衣带水:~i / 互为表里:~j / 玉带:~k
moc_wubi86_simp	hag	眶: / 虐政:~h / 虎落平川:~k / 瞒:~w	眶: / 虎落平川:~k / 瞒:~w
moc_wubi86_simp	hep	瞬: / 虚盈实亏:~f / 肯定:~g	瞬: / 肯定:~g
moc_wubi86_simp	hey	肯綮:~n	
moc_wubi86_simp	hfw	睦: / 目无余子:~b / 目无全牛:~r / 歧途:~t / 歧化:~x / 睦邻:~y	睦: / 目无全牛:~r / 歧途:~t / 歧化:~x / 睦邻:~y / 紫霞仙子:~b
moc_wubi86_simp	hgu	睡不着:~d / 战天斗地:~f / 上不着天:~g / 目不交睫:~h	睡不着:~d / 战天斗地:~f / 上不着天:~g
moc_wubi86_simp	hha	卡式:~a / 上期:~d / 上菜:~e / 瞒上欺下:~g / 瞋目切齿:~h / 上划:~j	卡式:~a / 上期:~d / 上菜:~e / 瞒上欺下:~g / 上划:~j / 上世:~n
moc_wubi86_simp	hid	频: / 颦:~f / 颦蹙:~h / 步态:~y	频: / 颦:~f / 步态:~y
moc_wubi86_simp	hig	上梁不正:~g / 上漏下湿:~i / 频带:~k	上梁不正:~g / 频带:~k
moc_wubi86_simp	hjb	桌子:~b / 皮里阳秋:~t	桌子:~b
moc_wubi86_simp	hjf	旧地:~b / 旧城:~d / 旧款:~f / 旧雨:~g / 卓越:~h / 旧教:~t	旧地:~b / 旧城:~d / 旧款:~f / 卓越:~h / 旧教:~t / 旧址:~h
moc_wubi86_simp	hkt	战乱:~d / 战舰:~e / 点选:~f / 点算:~h / 战备:~l / 战役:~m	战乱:~d / 战舰:~e / 点选:~f / 点算:~h / 战备:~l / 战役:~m
moc_wubi86_simp	hnj	瞒心昧己:~n	
moc_wubi86_simp	hnq	鸬: / 鼎铛:~i	鸬:
moc_wubi86_simp	hog	目迷五色:~q	
moc_wubi86_simp	hta	肯德基:~d / 睡卧:~h / 睡莲:~l / 瞠乎其后:~r	肯德基:~d / 睡卧:~h / 睡莲:~l
moc_wubi86_simp	htg	睡: / 睡到:~c / 睡下:~h / 上智下愚:~j / 上行下效:~u / 上知天文:~y	睡: / 睡到:~c / 睡下:~h / 上行下效:~u / 上知天文:~y
moc_wubi86_simp	hua	鼎新革故:~d / 上善若水:~i / 虎头燕颔:~w / 止痛药:~x	鼎新革故:~d / 上善若水:~i / 止痛药:~x
moc_wubi86_simp	hvg	上好下甚:~a / 眼球:~f / 眼下:~h / 眼珠:~r	眼球:~f / 眼下:~h / 眼珠:~r
moc_wubi86_simp	hwr	步人后尘:~i	
moc_wubi86_simp	hwu	具: / 齿冷:~w / 盼头:~d	具: / 盼头:~d
moc_wubi86_simp	hxw	雌: / 雌伏:~d / 些个:~h / 此人:~w	雌: / 些个:~h / 此人:~w
moc_wubi86_simp	iaa	港式:~a / 鸿基:~d / 浇菜:~e / 深藏若虚:~h / 江东:~i / 湛蓝:~j	港式:~a / 鸿基:~d / 浇菜:~e / 江东:~i / 湛蓝:~j / 满勤:~k
moc_wubi86_simp	iap	涝: / 涝害:~d / 济世之才:~f / 泄密:~n / 洪灾:~o / 满额:~t	涝: / 涝害:~d / 泄密:~n / 洪灾:~o / 满额:~t / 漠视:~y
moc_wubi86_simp	iar	汇报:~b / 汇拢:~d / 满后:~g / 鸿爪:~h / 灌制:~m / 泄气:~n	汇报:~b / 汇拢:~d / 满后:~g / 灌制:~m / 泄气:~n / 满拧:~p
moc_wubi86_simp	iaw	洪: / 满仓:~b / 鸿儒:~f / 汇合:~g / 浅斟低唱:~k / 港:~n	洪: / 满仓:~b / 鸿儒:~f / 汇合:~g / 港:~n / 汇作:~t
moc_wubi86_simp	ibf	渔阳鼙鼓:~f / 池盐:~h / 池塘:~y / 涉险过关:~u	池盐:~h / 池塘:~y / 涉险过关:~u
moc_wubi86_simp	idm	湎: / 源由:~h / 小大由之:~p / 浮夸风:~q / 尖峰:~t	湎: / 源由:~h / 浮夸风:~q / 尖峰:~t
moc_wubi86_simp	ilp	涟: / 治国安邦:~d / 涸辙之鲋:~q / 沉默寡言:~y / 治国安民:~n	涟: / 治国安邦:~d / 沉默寡言:~y / 治国安民:~n
moc_wubi86_simp	imq	没错:~a / 油然:~d / 海内外:~h / 油锅:~k / 油饼:~n / 沿儿:~t	没错:~a / 油然:~d / 海内外:~h / 油锅:~k / 油饼:~n / 沿儿:~t
moc_wubi86_simp	imw	涔: / 没做:~d / 兴风作浪:~i / 党同伐异:~n / 梁山伯:~r / 沿途:~t	涔: / 没做:~d / 兴风作浪:~i / 党同伐异:~n / 梁山伯:~r / 沿途:~t
moc_wubi86_simp	inp	江心补漏:~i / 清心寡欲:~w	清心寡欲:~w
moc_wubi86_simp	ipw	深: / 学会:~f / 溶合:~g / 溶:~k / 浑似:~n / 学位:~u	深: / 学会:~f / 溶合:~g / 溶:~k / 浑似:~n / 学位:~u
moc_wubi86_simp	iqm	涣: / 兆周:~f / 水色山光:~i / 渔网:~q / 酒色财气:~r	涣: / 兆周:~f / 渔网:~q / 酒色财气:~r
moc_wubi86_simp	irf	泊地:~b / 激动:~c / 少年老成:~d / 激起:~h / 激进:~j / 酒后无德:~t	泊地:~b / 激动:~c / 少年老成:~d / 激起:~h / 激进:~j / 激增:~u
moc_wubi86_simp	isq	酒色:~c / 河蟹:~e / 酒钱:~g / 酒馆:~n / 酒醉饭饱:~q / 河狸:~t	酒色:~c / 河蟹:~e / 酒钱:~g / 酒馆:~n / 酒醉饭饱:~q / 河狸:~t
moc_wubi86_simp	iul	洋罪:~d / 洋车:~g / 滚轴:~m / 小意思:~n / 滚边:~p / 深闭固拒:~r	洋罪:~d / 洋车:~g / 滚轴:~m / 小意思:~n / 滚边:~p / 注意力:~t
moc_wubi86_simp	iuw	溢: / 酒阑人散:~a / 洋伞:~u / 洋人:~w / 洋货:~x / 滑翔伞:~u	溢: / 洋伞:~u / 洋人:~w / 洋货:~x / 滑翔伞:~u / 溢价:~w
moc_wubi86_simp	ivw	梁: / 当代:~a / 兴妖作怪:~n / 粱:~o / 当作:~t / 当众:~w	梁: / 当代:~a / 粱:~o / 当作:~t / 当众:~w / 当今:~y
moc_wubi86_simp	iya	渡: / 流式:~a / 流散:~e / 游弋:~g / 游荡:~i / 浪迹萍踪:~k	渡: / 流式:~a / 流散:~e / 游弋:~g / 游荡:~i / 流苏:~l
moc_wubi86_simp	iyi	注满:~a / 滨州学院:~b / 浪涌:~c / 浪涛:~d / 流溪:~e / 浪潮:~f	注满:~a / 浪涌:~c / 浪涛:~d / 流溪:~e / 浪潮:~f / 流泪:~h
moc_wubi86_simp	jaw	暴: / 蠖:~c / 暴敛:~g / 蛊惑人心:~n / 日暮途穷:~p / 蜡像:~q	暴: / 蠖:~c / 蛊惑人心:~n / 日暮途穷:~p / 蜡像:~q / 蜡人:~w
moc_wubi86_simp	jcy	紧裹:~j / 归马放牛:~r / 贤良:~v / 贤文:~y	紧裹:~j / 贤良:~v / 贤文:~y
moc_wubi86_simp	jdd	蛎: / 是古非今:~w	蛎:
moc_wubi86_simp	jet	明智:~d / 明秀:~e / 明德:~f / 明处:~h / 日月重光:~i / 暖和:~k	明智:~d / 明秀:~e / 明德:~f / 明处:~h / 暖和:~k / 暖冬:~u
moc_wubi86_simp	jfk	蟛:~e / 野味:~f / 旱路:~h / 野无遗贤:~j / 显示器:~k / 野史:~q	蟛:~e / 野味:~f / 旱路:~h / 显示器:~k / 野史:~q
moc_wubi86_simp	jga	师范:~i / 旦暮:~j / 果不其然:~q / 题花:~w	师范:~i / 果不其然:~q / 题花:~w
moc_wubi86_simp	jgd	昊: / 师友:~c / 是非:~j / 晤面:~m / 旺盛:~n / 日理万机:~s	昊: / 师友:~c / 是非:~j / 旺盛:~n / 日理万机:~s / 师大:~d
moc_wubi86_simp	jgm	师: / 明正典刑:~g / 螬:~j / 晤见:~q / 量贩:~r	师: / 明正典刑:~g / 螬:~j / 量贩:~r
moc_wubi86_simp	jhd	明目达聪:~b / 早有:~e / 早在:~h / 畅达:~p / 日上三竿:~t / 早春:~w	早有:~e / 早在:~h / 畅达:~p / 日上三竿:~t / 早春:~w
moc_wubi86_simp	jie	蛸: / 日削月割:~p / 日清月结:~x	蛸: / 日清月结:~x
moc_wubi86_simp	jii	临池学书:~n / 暗沉沉:~p / 暖洋洋:~u / 日光浴:~w	暗沉沉:~p / 暖洋洋:~u / 日光浴:~w
moc_wubi86_simp	jin	临深履薄:~a	
moc_wubi86_simp	jir	临渴掘井:~f / 遇水搭桥:~s	遇水搭桥:~s
moc_wubi86_simp	jlt	坚甲利兵:~r	
moc_wubi86_simp	jmd	映: / 遇有:~e / 映在:~h / 明见万里:~j / 愚蠢:~w / 遇袭:~x	映: / 遇有:~e / 映在:~h / 愚蠢:~w / 遇袭:~x
moc_wubi86_simp	jnj	电暖:~e / 电量:~g / 暇日:~j / 电晕:~p / 电影:~y	电暖:~e / 电量:~g / 电晕:~p / 电影:~y
moc_wubi86_simp	jnk	电喷:~f / 电路:~h / 电器:~k / 电唁:~y	电喷:~f / 电路:~h / 电器:~k
moc_wubi86_simp	jnl	电车:~g / 电贺:~k / 电力:~t	电车:~g / 电力:~t
moc_wubi86_simp	jop	显宦:~a / 显豁:~d	显豁:~d
moc_wubi86_simp	jpu	蛇头:~d / 明窗净几:~m	蛇头:~d
moc_wubi86_simp	jte	蜂乳:~b / 星月:~e / 日往月来:~g / 日积月累:~l / 日升月恒:~n / 览胜:~t	蜂乳:~b / 星月:~e / 日积月累:~l / 日升月恒:~n / 览胜:~t
moc_wubi86_simp	jtp	监守:~f / 鉴定:~g / 晦冥:~j / 监军:~l / 蜂蜜:~n / 紧身裤:~u	监守:~f / 鉴定:~g / 监军:~l / 蜂蜜:~n / 紧身裤:~u / 临安:~v
moc_wubi86_simp	jtr	蛾: / 时和年丰:~d / 蜂拥:~e / 蜗行牛步:~h / 监押:~l / 监制:~m	蛾: / 蜂拥:~e / 蜗行牛步:~h / 监押:~l / 监制:~m / 晦气:~n
moc_wubi86_simp	jty	临: / 览: / 量入为出:~b / 紧身衣:~e / 鉴证:~g / 监:~l	临: / 览: / 量入为出:~b / 紧身衣:~e / 鉴证:~g / 监:~l
moc_wubi86_simp	jvd	照顾:~b / 照在:~h / 照面:~m / 归雁:~w	照顾:~b / 照在:~h / 照面:~m
moc_wubi86_simp	jyf	星离雨散:~a / 影城:~d / 野调无腔:~e / 影坛:~f / 晾干:~g / 旷远:~q	影城:~d / 野调无腔:~e / 影坛:~f / 晾干:~g / 旷远:~q / 影都:~t
moc_wubi86_simp	jyw	旷代:~a / 影像:~q / 申请人:~w / 影集:~y / 景仰:~q	影像:~q / 申请人:~w / 影集:~y / 景仰:~q
moc_wubi86_simp	kbg	叩开:~a / 口出不逊:~b / 吓了一跳:~k / 叨陪末座:~y	叩开:~a / 口出不逊:~b / 吓了一跳:~k
moc_wubi86_simp	kbk	啊呀:~a / 吼吼:~b / 嗫嚅:~f / 吼叫:~n / 叩响:~t / 咄嗟:~u	啊呀:~a / 吼吼:~b / 嗫嚅:~f / 吼叫:~n / 叩响:~t / 啊哈:~w
moc_wubi86_simp	kbs	啊: / 别出机杼:~s / 口耳相传:~w	啊: / 口耳相传:~w
moc_wubi86_simp	kdm	顺: / 别有风味:~k / 顺风:~q / 贵古贱今:~w	顺: / 别有风味:~k / 顺风:~q
moc_wubi86_simp	kdr	遗大投艰:~c / 顺气:~n / 喊打:~s / 顺手:~t / 顺势:~v	顺气:~n / 喊打:~s / 顺手:~t / 顺势:~v
moc_wubi86_simp	kdu	噘: / 呃逆:~b / 顺着:~d / 顺遂:~e / 味达美:~g / 嘹:~i	噘: / 呃逆:~b / 顺着:~d / 顺遂:~e / 嘹:~i / 顺意:~j
moc_wubi86_simp	kfm	喃: / 鄙见:~q / 贵远贱近:~r / 吴越同舟:~t / 叶肉:~w	喃: / 鄙见:~q / 吴越同舟:~t / 叶肉:~w
moc_wubi86_simp	kfw	呋: / 别无他法:~i / 鄙俚:~j / 鄙人:~w / 嚯:~y	呋: / 别无他法:~i / 鄙人:~w / 嚯:~y
moc_wubi86_simp	kfy	鄙弃:~c / 嘲谑:~h / 喷雾剂:~j / 鄙吝:~k / 嘲讽:~m / 口无遮拦:~r	鄙弃:~c / 嘲谑:~h / 喷雾剂:~j / 嘲讽:~m / 口无遮拦:~r / 喷施:~t
moc_wubi86_simp	kgp	逞: / 饕餮之徒:~t / 嗟来之食:~w / 呈祥:~y / 哽塞:~f	逞: / 嗟来之食:~w / 呈祥:~y / 哽塞:~f
moc_wubi86_simp	kif	哨声:~n / 中流击楫:~s	哨声:~n
moc_wubi86_simp	kij	器小易盈:~e	
moc_wubi86_simp	kjk	唱喏:~a / 吠影吠声:~f / 喝足:~h / 喁喁:~j / 噼里啪啦:~k / 唱响:~t	唱喏:~a / 喝足:~h / 噼里啪啦:~k / 唱响:~t / 呻吟:~w / 喝叱:~x
moc_wubi86_simp	kkj	口紧:~c / 品题:~g / 品鉴:~t	口紧:~c / 品鉴:~t
moc_wubi86_simp	kky	口试:~a / 口译:~c / 呜呼哀哉:~f / 口语:~g / 口误:~k / 口调:~m	口试:~a / 口译:~c / 呜呼哀哉:~f / 口语:~g / 口误:~k / 口调:~m
moc_wubi86_simp	klx	别绪:~f / 吸墨纸:~q	吸墨纸:~q
moc_wubi86_simp	kma	嗣: / 员工:~a / 吐刚茹柔:~c / 勋劳:~p	嗣: / 员工:~a / 勋劳:~p
moc_wubi86_simp	kqa	吹散:~e / 吹落:~i / 噜苏:~l / 只欠东风:~m	吹散:~e / 吹落:~i / 只欠东风:~m
moc_wubi86_simp	kqi	史: / 中铁汇苑:~a / 哈尔滨:~p / 史学:~p	史: / 哈尔滨:~p / 史学:~p
moc_wubi86_simp	ktw	中生代:~a / 咱俩:~g / 唾余:~t / 咱们:~u / 吃人:~w / 吃货:~x	中生代:~a / 咱俩:~g / 咱们:~u / 吃人:~w / 吃货:~x / 吃住:~y
moc_wubi86_simp	ktx	川红:~a / 啼笑皆非:~d / 品竹弹丝:~x	川红:~a / 啼笑皆非:~d
moc_wubi86_simp	kvi	啸: / 叨光:~q	啸:
moc_wubi86_simp	kvw	啸傲:~g / 哪个:~h / 哪位:~u / 叨念:~y	哪个:~h / 哪位:~u / 叨念:~y
moc_wubi86_simp	kwg	哈: / 唯一:~g / 喻:~j / 口含天宪:~p / 噔:~u	哈: / 唯一:~g / 喻:~j / 噔:~u
moc_wubi86_simp	kwk	咿呀:~a / 喉咙:~d / 哈喇:~g / 吟唱:~j / 呵佛骂祖:~p / 哗啦:~r	咿呀:~a / 喉咙:~d / 哈喇:~g / 吟唱:~j / 哗啦:~r / 哈哈:~w
moc_wubi86_simp	kxt	吹弹得破:~d / 中纪委:~v / 吐丝自缚:~x	吹弹得破:~d / 中纪委:~v
moc_wubi86_simp	kyb	哼: / 唁函:~i	哼:
moc_wubi86_simp	kyw	啐: / 听证会:~f / 嗾使:~g	啐: / 听证会:~f
moc_wubi86_simp	laa	轼: / 羁勒:~f / 黑茫茫:~i / 黑蒙蒙:~p	轼: / 黑茫茫:~i / 黑蒙蒙:~p
moc_wubi86_simp	lag	畏葸不前:~u	
moc_wubi86_simp	lal	转基因:~d / 回黄转绿:~x	转基因:~d
moc_wubi86_simp	lcm	因难见巧:~a / 轻财:~f / 轻贱:~g / 轻则:~j / 轻风:~q	轻财:~f / 轻贱:~g / 轻则:~j / 轻风:~q
moc_wubi86_simp	lda	因式:~a / 因其:~d / 畴昔:~j / 罪孽:~w	因式:~a / 因其:~d / 罪孽:~w
moc_wubi86_simp	ldi	因: / 黑龙江:~a / 恩泽:~c / 黑龙江省:~i / 困而学之:~p / 罗布泊:~r	因: / 黑龙江:~a / 恩泽:~c / 黑龙江省:~i / 罗布泊:~r
moc_wubi86_simp	lev	回肠九转:~l	
moc_wubi86_simp	lfe	轻裘肥马:~c / 黑豹:~e / 围脖:~f / 墨彩:~s / 转用:~t / 黑胶:~u	黑豹:~e / 围脖:~f / 墨彩:~s / 转用:~t / 黑胶:~u / 黑脸:~w
moc_wubi86_simp	lfs	围棋:~a / 置顶:~d / 围标:~f / 园丁:~g / 默想:~h / 转机:~m	围棋:~a / 置顶:~d / 围标:~f / 园丁:~g / 默想:~h / 转机:~m
moc_wubi86_simp	lgd	国大:~d / 国有:~e / 罗敷有夫:~f / 办不成:~n / 车厢:~s / 国故:~t	国大:~d / 国有:~e / 办不成:~n / 车厢:~s / 国故:~t / 国泰:~w
moc_wubi86_simp	lgj	畀: / 车里:~f / 车影:~y / 罪恶昭彰:~u / 车照:~v / 国是:~g	畀: / 车里:~f / 车影:~y / 车照:~v / 国是:~g
moc_wubi86_simp	lgv	国帑:~c / 车刀:~n / 国君:~t	车刀:~n / 国君:~t
moc_wubi86_simp	lld	男友:~c / 田契:~h / 男厕:~m / 罢黜百家:~p / 田垄:~x	男友:~c / 男厕:~m / 罢黜百家:~p / 田垄:~x
moc_wubi86_simp	lls	男模:~a / 男权:~c / 男丁:~g / 轻轻松松:~s / 辅车相依:~w	男模:~a / 男权:~c / 男丁:~g / 轻轻松松:~s
moc_wubi86_simp	lmk	轴距:~h / 因风吹火:~o	轴距:~h
moc_wubi86_simp	lnp	罹祸:~y	
moc_wubi86_simp	luf	畔: / 圈地:~b / 团总支:~c / 囚首垢面:~d / 较真:~h / 力竭声嘶:~k	畔: / 圈地:~b / 团总支:~c / 较真:~h / 力竭声嘶:~k / 较远:~q
moc_wubi86_simp	lup	圈定:~g / 较之:~p / 回头客:~t / 斩将搴旗:~y	圈定:~g / 较之:~p / 回头客:~t
moc_wubi86_simp	lvi	思如涌泉:~r / 轻如鸿毛:~t	轻如鸿毛:~t
moc_wubi86_simp	lyk	罚跪:~h / 詈骂:~k	罚跪:~h
moc_wubi86_simp	lyp	略识之无:~f / 转义字符:~t / 连衣裙:~u / 轻诺寡信:~w	转义字符:~t / 连衣裙:~u / 轻诺寡信:~w
moc_wubi86_simp	mdf	岩: / 风鬟雾鬓:~d / 赈:~e / 崖:~f / 崖坡:~h / 央求:~i	岩: / 赈:~e / 崖:~f / 崖坡:~h / 央求:~i / 岸:~j
moc_wubi86_simp	mfa	周期:~d / 财东:~i / 岐黄:~m / 周薪:~u / 雕花:~w	周期:~d / 岐黄:~m / 周薪:~u / 雕花:~w
moc_wubi86_simp	mfr	周报:~b / 周年:~h / 几十年如一日:~j / 财帛:~m / 赌气:~n / 赌鬼:~q	周报:~b / 周年:~h / 几十年如一日:~j / 财帛:~m / 赌气:~n / 赌鬼:~q
moc_wubi86_simp	mgm	同岁:~q / 贱内:~w / 几天几夜:~y	同岁:~q / 几天几夜:~y
moc_wubi86_simp	mgy	同谋:~a / 同享:~b / 同庆:~d / 赋诗:~f / 曲不离口:~k / 同为:~l	同谋:~a / 同享:~b / 同庆:~d / 赋诗:~f / 曲不离口:~k / 同为:~l
moc_wubi86_simp	mhn	幄:~f / 由:~g / 贝:~y / 贴心:~y / 贴己:~n / 贝司:~g	幄:~f / 由:~g / 贝:~y / 贴心:~y / 贝司:~g
moc_wubi86_simp	mhs	贴权:~c / 帽檐:~q / 帆板:~r / 帆樯:~f / 贴板:~r	贴权:~c / 帽檐:~q / 帆板:~r / 贴板:~r
moc_wubi86_simp	mif	风流云散:~a / 峭直:~h / 风流才子:~b	风流才子:~b
moc_wubi86_simp	mig	山水画:~l / 见光死:~q / 雕梁画栋:~s / 网漏吞舟:~t	山水画:~l / 见光死:~q / 雕梁画栋:~s
moc_wubi86_simp	mkf	凤鸣朝阳:~b / 风吹雨打:~r	风吹雨打:~r
moc_wubi86_simp	mlq	崭然:~d / 岬角:~e / 贝加尔湖:~i / 崽儿:~t	岬角:~e / 贝加尔湖:~i / 崽儿:~t
moc_wubi86_simp	mme	山脚:~f / 巾帼须眉:~n / 山腰:~s / 山腹:~t / 山脉:~y	山脚:~f / 山腰:~s / 山腹:~t / 山脉:~y
moc_wubi86_simp	mmg	岫: / 鹦鹉:~a / 凹:~d / 山青:~e / 山下:~h / 删:~j	岫: / 鹦鹉:~a / 凹:~d / 山青:~e / 山下:~h / 删:~j
moc_wubi86_simp	mne	风情月债:~w	
moc_wubi86_simp	mpr	同室操戈:~a / 崇拜:~d / 内视反听:~k	同室操戈:~a / 崇拜:~d
moc_wubi86_simp	mql	见轻:~c / 见罪:~d / 购置:~f / 风车:~g / 购回:~k / 网罗:~q	见轻:~c / 购置:~f / 风车:~g / 购回:~k / 网罗:~q / 风力:~t
moc_wubi86_simp	mqu	岁: / 购并:~a / 见闻:~b / 风瘫:~c / 风头:~d / 刚毅:~e	岁: / 购并:~a / 见闻:~b / 风瘫:~c / 风头:~d / 刚毅:~e
moc_wubi86_simp	mqy	风度:~a / 岁序:~c / 风衣:~e / 见诸:~f / 见证:~g / 网店:~h	风度:~a / 风衣:~e / 见诸:~f / 见证:~g / 网店:~h / 见识:~k
moc_wubi86_simp	msb	风樯阵马:~c	
moc_wubi86_simp	mti	风生水起:~f / 风行水上:~h / 败兴:~w	风生水起:~f / 败兴:~w
moc_wubi86_simp	muf	赔款:~f / 罔替:~w	赔款:~f
moc_wubi86_simp	mxd	曲终奏雅:~a	
moc_wubi86_simp	naj	异: / 羿: / 民盟:~e / 惜:~g / 履薄临深:~i / 展映:~m	异: / 羿: / 民盟:~e / 惜:~g / 展映:~m / 展览:~t
moc_wubi86_simp	nap	展宽:~a / 心荡神驰:~c / 民家:~e / 展室:~g / 殿军:~l / 心荡神迷:~o	展宽:~a / 民家:~e / 展室:~g / 殿军:~l / 以工补农:~p / 迟暮之年:~r
moc_wubi86_simp	naq	怄: / 民怨:~b / 臀鳍:~g / 展馆:~n / 以其昏昏:~q / 展销:~i	怄: / 民怨:~b / 臀鳍:~g / 展馆:~n / 展销:~i
moc_wubi86_simp	nba	屈节:~b	
moc_wubi86_simp	nbc	慑: / 怯防勇战:~h	慑:
moc_wubi86_simp	nbl	屈驾:~k	
moc_wubi86_simp	nbw	敢做:~d / 以耳代目:~h / 屈伸:~j / 敢保:~k / 屈从:~w / 憨傻:~t	敢做:~d / 屈伸:~j / 敢保:~k / 屈从:~w / 憨傻:~t
moc_wubi86_simp	ncg	快马一鞭:~a / 怪事:~k / 惨遭:~m / 惨烈:~q / 惨毒:~x / 惨死:~q	怪事:~k / 惨遭:~m / 惨烈:~q / 惨毒:~x / 惨死:~q
moc_wubi86_simp	ncu	惨痛:~c / 惨状:~d / 怪病:~g / 惨况:~k / 怪兽:~l / 怪癖:~n	惨痛:~c / 惨状:~d / 怪病:~g / 惨况:~k / 怪兽:~l / 怪癖:~n
moc_wubi86_simp	ndn	忧: / 居民:~a / 恢恢:~d / 忧愤:~f / 剧情:~g / 忧惧:~h	忧: / 居民:~a / 恢恢:~d / 忧愤:~f / 剧情:~g / 忧惧:~h
moc_wubi86_simp	ndr	发聋振聩:~b / 以石投水:~i / 居所:~n / 必有后福:~p / 尼古拉:~u	发聋振聩:~b / 居所:~n / 必有后福:~p / 尼古拉:~u
moc_wubi86_simp	nds	情有可原:~d / 剧本:~g / 尽态极妍:~v / 尼克松:~w / 憨态可掬:~r	情有可原:~d / 剧本:~g / 尼克松:~w / 憨态可掬:~r
moc_wubi86_simp	nfk	必需品:~k / 心直口快:~n / 慰唁:~y	必需品:~k / 心直口快:~n
moc_wubi86_simp	nft	屠: / 导航:~e / 慎重:~g / 导向:~m / 导管:~p / 屏声息气:~r	屠: / 导航:~e / 慎重:~g / 导向:~m / 导管:~p / 导入:~y
moc_wubi86_simp	ngd	刁: / 以一奉百:~d / 怀有:~e / 情感:~g / 情面:~m / 情牵:~p	刁: / 怀有:~e / 情感:~g / 情面:~m / 情牵:~p / 情愿:~r
moc_wubi86_simp	ngn	刁民:~a / 敢不敢:~b / 懒惰:~d / 飞来飞去:~f / 情怀:~g / 悚惧:~h	刁民:~a / 敢不敢:~b / 懒惰:~d / 飞来飞去:~f / 情怀:~g / 悚惧:~h
moc_wubi86_simp	ngr	情报:~b / 以一持万:~d / 屋后:~g / 情操:~k / 怀揣:~m / 怀抱:~q	情报:~b / 屋后:~g / 情操:~k / 怀揣:~m / 怀抱:~q / 心平气和:~t
moc_wubi86_simp	nhh	疏虞:~a / 眉睫:~g / 眉目:~h / 眉眼:~v / 遐龄:~w	眉睫:~g / 眉目:~h / 眉眼:~v / 遐龄:~w
moc_wubi86_simp	nhm	戕贼:~a / 收贿:~d / 眉山:~m / 收购:~q / 收账:~t / 惧内:~w	收贿:~d / 眉山:~m / 收购:~q / 收账:~t / 惧内:~w
moc_wubi86_simp	nhy	疏: / 以此为荣:~a / 疏离:~b / 快餐店:~h / 收齐:~j / 收市:~m	疏: / 以此为荣:~a / 疏离:~b / 快餐店:~h / 收齐:~j / 收市:~m
moc_wubi86_simp	njy	憬: / 悭吝:~k / 心里话:~t	憬: / 心里话:~t
moc_wubi86_simp	nkg	避开:~a / 壁球:~f / 心口不一:~g / 璧还:~i / 壁画:~l / 劈刺:~m	避开:~a / 壁球:~f / 心口不一:~g / 壁画:~l / 劈刺:~m / 璧玉:~y
moc_wubi86_simp	nlj	愣是:~g / 改辕易辙:~l	愣是:~g
moc_wubi86_simp	nln	翼展:~a / 愣怔:~g / 愣愣:~l / 忧国忧民:~n / 惭愧:~r / 惭怍:~t	翼展:~a / 愣怔:~g / 愣愣:~l / 忧国忧民:~n / 惭愧:~r / 心连心:~y
moc_wubi86_simp	nmc	层见叠出:~b	
moc_wubi86_simp	nmr	恺撒:~a / 刷掉:~h / 情同手足:~k / 情见势屈:~n / 刷白:~r / 刷拉:~u	恺撒:~a / 刷掉:~h / 情同手足:~k / 刷白:~r / 刷拉:~u
moc_wubi86_simp	nmt	刷版:~h / 尺幅千里:~j / 情见乎辞:~t	刷版:~h
moc_wubi86_simp	nnn	忆: / 书展:~a / 书眉:~h / 快慢:~j / 羽翼:~l / 已:~n	忆: / 书展:~a / 快慢:~j / 羽翼:~l / 已:~n / 忌惮:~u
moc_wubi86_simp	nns	书柜:~a / 书橱:~d / 书本:~g / 忆想:~h / 心心相连:~l / 惺惺相惜:~n	书柜:~a / 书橱:~d / 书本:~g / 心心相连:~l / 惺惺相惜:~n / 居民楼:~o
moc_wubi86_simp	nnt	局长:~a / 书籍:~d / 快艇:~e / 羽毛:~f / 书生:~g / 书牍:~h	局长:~a / 书籍:~d / 快艇:~e / 羽毛:~f / 书生:~g / 书香:~j
moc_wubi86_simp	nnu	忌: / 慢性病:~g / 局部:~k / 尽心竭力:~l / 书商:~m / 已将:~q	忌: / 慢性病:~g / 局部:~k / 尽心竭力:~l / 书商:~m / 已将:~q
moc_wubi86_simp	nnv	乜: / 忏悔录:~i / 快如:~k / 快婿:~n / 已婚:~q / 忧心如捣:~r	乜: / 忏悔录:~i / 快如:~k / 快婿:~n / 已婚:~q / 忧心如焚:~s
moc_wubi86_simp	nof	以火救火:~o / 导火索:~p	导火索:~p
moc_wubi86_simp	npg	悔之不及:~e / 心安理得:~t / 居之不疑:~x / 心神不定:~p	悔之不及:~e / 心安理得:~t / 心神不定:~p
moc_wubi86_simp	npj	悔之晚矣:~c / 改容易貌:~e	悔之晚矣:~c
moc_wubi86_simp	nqg	怫然不悦:~n / 以色列:~q / 虱多不痒:~u	以色列:~q / 虱多不痒:~u
moc_wubi86_simp	nqw	展销会:~f / 怫然作色:~q / 局外人:~w	展销会:~f / 局外人:~w
moc_wubi86_simp	nrf	愧赧:~o	
moc_wubi86_simp	nrh	忻: / 惶遽:~a / 发指眦裂:~g	忻:
moc_wubi86_simp	nrl	以手加额:~p / 怕累:~x	怕累:~x
moc_wubi86_simp	nrn	忾: / 慌手慌脚:~e / 惶悚:~g / 惶惶:~r / 愧怍:~t / 愧恨:~v	忾: / 慌手慌脚:~e / 惶悚:~g / 惶惶:~r / 愧恨:~v
moc_wubi86_simp	nrs	屈指可数:~o / 心手相应:~y	屈指可数:~o
moc_wubi86_simp	nry	快捷方式:~a / 犀牛望月:~e / 愧为:~l / 怕谁:~w	快捷方式:~a / 愧为:~l / 怕谁:~w
moc_wubi86_simp	nsn	怵惕:~j / 怪模怪样:~s / 必要性:~t	怪模怪样:~s / 必要性:~t
moc_wubi86_simp	ntj	虱: / 发紧:~c / 以升量石:~d / 发明:~e / 发行量:~g / 改日:~j	虱: / 发紧:~c / 发明:~e / 发行量:~g / 改日:~j / 发电:~n
moc_wubi86_simp	ntm	懊: / 尾骨:~e / 发财:~f / 发帖:~h / 恨入骨髓:~m / 必败:~t	懊: / 尾骨:~e / 发财:~f / 发帖:~h / 恨入骨髓:~m / 必败:~t
moc_wubi86_simp	ntn	发展:~a / 悖入悖出:~b / 发愤:~f / 性情:~g / 怅惘:~m / 属性:~t	发展:~a / 发愤:~f / 性情:~g / 怅惘:~m / 属性:~t / 悔恨:~v
moc_wubi86_simp	ntu	忤逆:~b / 发痛:~c / 发送:~d / 改装:~f / 发病:~g / 发音:~j	忤逆:~b / 发痛:~c / 发送:~d / 改装:~f / 发病:~g / 发音:~j
moc_wubi86_simp	nuu	飞迸:~a / 飞翔:~d / 劈头盖脸:~e / 以意逆志:~f / 买单:~j / 屏门:~y	飞迸:~a / 飞翔:~d / 劈头盖脸:~e / 买单:~j / 屏门:~y
moc_wubi86_simp	nuy	悯: / 飞度:~a / 飞离:~b / 买主:~g / 买房:~n / 以意为之:~p	悯: / 飞度:~a / 飞离:~b / 买主:~g / 买房:~n / 飞旋:~t
moc_wubi86_simp	nwa	情人节:~b / 惟其:~d / 恰巧:~g / 惟恐:~m / 以售其奸:~v	情人节:~b / 惟其:~d / 恰巧:~g / 惟恐:~m
moc_wubi86_simp	nxi	以蠡测海:~i / 惯常:~p	惯常:~p
moc_wubi86_simp	nxt	心织笔耕:~d / 惯称:~q	惯称:~q
moc_wubi86_simp	nyu	尽: / 情文并茂:~a / 惊闻:~b / 心痛:~c / 心头:~d / 以前:~e	尽: / 惊闻:~b / 心痛:~c / 心头:~d / 以前:~e / 心病:~g
moc_wubi86_simp	nyw	以: / 悴: / 以供:~a / 以文会友:~d / 心广体胖:~e / 翠:~f	以: / 悴: / 以供:~a / 以文会友:~d / 翠:~f / 以便:~g
moc_wubi86_simp	oft	烤: / 烤盘:~e / 断井颓垣:~f / 烤得:~j / 烤箱:~s	烤: / 烤盘:~e / 烤得:~j / 烤箱:~s
moc_wubi86_simp	ogu	凿: / 黻:~c / 精装:~f / 精美:~g / 精瘦:~v / 精准:~w	凿: / 精装:~f / 精美:~g / 精瘦:~v / 精准:~w
moc_wubi86_simp	ohg	火上弄冰:~u	
moc_wubi86_simp	oiq	炒锅:~k / 炒饭:~n / 烟波钓徒:~t / 炒勺:~y / 炒饼:~n	炒锅:~k / 炒饭:~n / 炒勺:~y / 炒饼:~n
moc_wubi86_simp	oly	数黑论黄:~a / 精力充沛:~i	精力充沛:~i
moc_wubi86_simp	ont	断航:~e / 断壁颓垣:~f / 断片:~h / 断种:~k / 断乎:~u / 数以千计:~y	断航:~e / 断片:~h / 断种:~k / 数以千计:~y
moc_wubi86_simp	ood	火砖:~f / 火石:~g / 炎夏:~h / 火硝:~i / 数米而炊:~o / 炯炯有神:~p	火砖:~f / 火石:~g / 炎夏:~h / 火硝:~i / 炯炯有神:~p / 凿凿有据:~r
moc_wubi86_simp	opx	迷幻:~n / 断鹤续凫:~q	迷幻:~n
moc_wubi86_simp	orw	粉白黛黑:~l	
moc_wubi86_simp	ory	数白论黄:~a / 数据库:~l	数据库:~l
moc_wubi86_simp	oss	断梗飘蓬:~a / 灯标:~f / 灯柱:~y	灯标:~f / 灯柱:~y
moc_wubi86_simp	otg	炸开:~a / 烙下:~h / 糗事:~k / 熄灭:~o / 炸死:~q / 炸平:~u	炸开:~a / 烙下:~h / 糗事:~k / 熄灭:~o / 炸死:~q / 炸平:~u
moc_wubi86_simp	oum	熵: / 料峭:~i / 烂账:~t	熵: / 烂账:~t
moc_wubi86_simp	oxr	精贯白日:~j	
moc_wubi86_simp	pat	宽待:~f / 宽和:~k / 实获我心:~n / 福斯特:~r	宽待:~f / 宽和:~k / 福斯特:~r
moc_wubi86_simp	pdg	割开:~a / 寄到:~c / 寄于:~f / 割下:~h / 视而不见:~m / 宠辱不惊:~n	割开:~a / 寄到:~c / 寄于:~f / 割下:~h / 视而不见:~m / 宠辱不惊:~n
moc_wubi86_simp	pdx	宠: / 宏旨:~j / 寄给:~w / 寡母:~g / 宠辱皆忘:~y	宠: / 宏旨:~j / 寄给:~w / 寡母:~g
moc_wubi86_simp	peg	宜: / 家蚕:~d / 窥豹一斑:~g / 家政:~h / 家事:~k / 家严:~o	宜: / 家蚕:~d / 窥豹一斑:~g / 家政:~h / 家事:~k / 家珍:~w
moc_wubi86_simp	pel	家园:~f / 农用车:~g / 农田:~l / 家累:~x	家园:~f / 农用车:~g / 农田:~l
moc_wubi86_simp	peu	家: / 家眷:~d / 穷且益坚:~j / 农资:~q / 农闲:~s / 家产:~t	家: / 家眷:~d / 穷且益坚:~j / 农资:~q / 农闲:~s / 家产:~t
moc_wubi86_simp	pex	家母:~g / 家乡:~t / 家给:~w	家母:~g / 家乡:~t
moc_wubi86_simp	pfg	完形:~a / 塞到:~c / 穿云裂石:~d / 密云不雨:~f / 神志不清:~i / 完整:~k	完形:~a / 塞到:~c / 穿云裂石:~d / 神志不清:~i / 完整:~k / 塞责:~m
moc_wubi86_simp	pfq	完: / 初露锋芒:~a / 寇:~c / 冠:~f / 塞外:~h / 冠名:~k	完: / 初露锋芒:~a / 寇:~c / 冠:~f / 塞外:~h / 冠名:~k
moc_wubi86_simp	pgk	富: / 宝号:~g / 宝贵:~h / 定员:~m / 富贵:~h / 富足:~h	富: / 宝贵:~h / 定员:~m / 富贵:~h / 富足:~h
moc_wubi86_simp	pgq	定然:~d / 定钱:~g / 室外:~h / 定销:~i / 实至名归:~j / 定名:~k	定然:~d / 定钱:~g / 室外:~h / 定销:~i / 实至名归:~j / 定名:~k
moc_wubi86_simp	pgy	宝: / 宣读:~f / 定语:~g / 写就:~i / 祸不旋踵:~k / 定调:~m	宝: / 宣读:~f / 定语:~g / 写就:~i / 定调:~m / 窝囊废:~n
moc_wubi86_simp	pit	礼尚往来:~g / 安常处顺:~k	礼尚往来:~g
moc_wubi86_simp	pjh	审: / 寓目:~h	审:
moc_wubi86_simp	pkr	神号鬼哭:~k	
moc_wubi86_simp	pks	冢中枯骨:~m / 空中楼阁:~u	空中楼阁:~u
moc_wubi86_simp	pma	宙斯:~d / 剜肉医疮:~u	宙斯:~d
moc_wubi86_simp	pmg	穷山恶水:~i / 冗赘:~q	穷山恶水:~i
moc_wubi86_simp	pmi	寡见少闻:~u	
moc_wubi86_simp	pmp	它山之石:~d / 宝山空回:~l	它山之石:~d
moc_wubi86_simp	pmw	冗余:~t / 家败人亡:~y	冗余:~t
moc_wubi86_simp	pnb	密函:~i / 官职:~k / 官了:~n / 官阶:~w	密函:~i / 官职:~k / 官阶:~w
moc_wubi86_simp	pnv	密召:~k / 视民如伤:~w / 定心丸:~y	密召:~k / 定心丸:~y
moc_wubi86_simp	pnx	密级:~e / 穿壁引光:~i / 密旨:~j / 密约:~q	密级:~e / 密旨:~j / 密约:~q
moc_wubi86_simp	ppu	安富尊荣:~a / 之前:~e / 之间:~j / 安家立业:~o / 之交:~q / 之首:~t	之前:~e / 之间:~j / 安家立业:~o / 之交:~q / 之首:~t / 神神道道:~u
moc_wubi86_simp	pqf	冤魂:~c / 安然无事:~g / 安然无恙:~u / 窃钩者诛:~y	冤魂:~c / 安然无事:~g / 安然无恙:~u
moc_wubi86_simp	pqs	冠名权:~c / 安乐椅:~d / 冤枉:~g / 宽猛相济:~i / 安危相易:~j / 穷凶极恶:~g	冠名权:~c / 安乐椅:~d / 冤枉:~g / 宽猛相济:~i / 穷凶极恶:~g
moc_wubi86_simp	prb	官卑职小:~i	
moc_wubi86_simp	prp	祈祷:~d / 宽打窄用:~e / 实报实销:~q / 牢牢:~r / 宾客:~t / 牢实:~u	祈祷:~d / 实报实销:~q / 牢牢:~r / 宾客:~t / 牢实:~u / 守护神:~y
moc_wubi86_simp	ptn	农牧民:~a / 客居:~d / 额发:~t / 宅心:~y	农牧民:~a / 客居:~d / 额发:~t
moc_wubi86_simp	pun	袂: / 初民:~a / 裾:~d / 实情:~g / 实收:~h / 襟翼:~l	袂: / 裾:~d / 实情:~g / 实收:~h / 襟翼:~l / 福音书:~n
moc_wubi86_simp	pur	裨: / 被拒:~a / 补报:~b / 神头鬼面:~d / 实质:~f / 被捕:~g	裨: / 被拒:~a / 补报:~b / 实质:~f / 被捕:~g / 初年:~h
moc_wubi86_simp	pxr	神经质:~f / 祸结兵连:~l / 它所:~n / 它的:~q	神经质:~f / 它所:~n / 它的:~q
moc_wubi86_simp	pxy	神经衰弱:~x / 家弦户诵:~y	神经衰弱:~x
moc_wubi86_simp	pyh	祉: / 祖上:~h / 视频:~i / 视点:~k / 祯:~m / 祈盼:~w	祉: / 祖上:~h / 视频:~i / 视点:~k / 祯:~m
moc_wubi86_simp	qaf	钳: / 象牙塔:~a / 锚地:~b / 错动:~c / 负薪救火:~o / 错过:~p	钳: / 象牙塔:~a / 锚地:~b / 错动:~c / 错过:~p
moc_wubi86_simp	qag	错开:~a / 色若死灰:~d / 错事:~k	错开:~a / 错事:~k
moc_wubi86_simp	qbh	钌: / 凶虐:~a / 迎上:~h / 迎战:~k	钌: / 迎上:~h / 迎战:~k
moc_wubi86_simp	qbo	凶焰:~q	
moc_wubi86_simp	qbs	锕: / 凶横:~a / 夕阳西下:~g / 凶相:~h / 独出机杼:~s	锕: / 凶横:~a / 夕阳西下:~g / 凶相:~h
moc_wubi86_simp	qcr	勾搭:~a / 色鬼:~q / 勾魄:~r / 勾手:~t / 色拉:~u	勾搭:~a / 色鬼:~q / 勾手:~t / 色拉:~u
moc_wubi86_simp	qdd	危厄:~b / 鲜艳夺目:~h / 然而:~m / 铸成:~n / 铸成大错:~q	鲜艳夺目:~h / 然而:~m / 铸成:~n / 铸成大错:~q
moc_wubi86_simp	qde	肴: / 希腊:~a / 狼奔豕突:~p / 卵磷脂:~x / 危及:~y	肴: / 希腊:~a / 卵磷脂:~x / 危及:~y
moc_wubi86_simp	qdg	钴: / 铸型:~a / 乌龙球:~f / 铸下:~h / 然否:~i / 危殆:~q	钴: / 铸型:~a / 乌龙球:~f / 铸下:~h / 危殆:~q / 锲而不舍:~w
moc_wubi86_simp	qdi	铄石流金:~q / 鱼龙混杂:~v	鱼龙混杂:~v
moc_wubi86_simp	qdk	桀犬吠尧:~a / 狂犬吠日:~j / 解码器:~k	解码器:~k
moc_wubi86_simp	qdq	银灰色:~c / 忽左忽右:~d / 金三角:~e / 镣铐:~f / 鱿鱼:~g / 鲍威尔:~i	银灰色:~c / 忽左忽右:~d / 金三角:~e / 镣铐:~f / 鱿鱼:~g / 鲍威尔:~i
moc_wubi86_simp	qdt	铸: / 危笃:~c / 危重:~g / 铸币:~m / 铸造:~f	铸: / 危重:~g / 铸币:~m / 铸造:~f
moc_wubi86_simp	qdy	钛: / 然诺:~a / 金石为开:~g / 铸就:~i / 希望:~n / 乐而忘返:~r	钛: / 金石为开:~g / 铸就:~i / 希望:~n / 乐而忘返:~r
moc_wubi86_simp	qea	解散:~e / 解颐:~h / 角落:~i / 锄草:~j / 解惑:~k / 蟹黄:~m	解散:~e / 角落:~i / 锄草:~j / 解惑:~k / 蟹黄:~m / 解药:~x
moc_wubi86_simp	qfm	兔起鹘落:~a / 名士风流:~i	名士风流:~i
moc_wubi86_simp	qfn	独夫民贼:~m	
moc_wubi86_simp	qfy	针剂:~j / 金鼓齐鸣:~k / 象声词:~n / 多元论:~w	针剂:~j / 象声词:~n / 多元论:~w
moc_wubi86_simp	qhb	外子:~b / 外阴:~e / 外耳:~g / 外孙:~i / 外出:~m / 钻孔:~n	外阴:~e / 外耳:~g / 外孙:~i / 外出:~m / 钻孔:~n / 外联:~u
moc_wubi86_simp	qhv	外舅:~l / 外姓:~t	外姓:~t
moc_wubi86_simp	qib	乐子:~b / 尔耳:~g / 乐队:~w	乐子:~b / 乐队:~w
moc_wubi86_simp	qig	玺: / 销到:~c / 乐于:~f / 名满天下:~g / 乐理:~j / 乐事:~k	玺: / 销到:~c / 乐于:~f / 名满天下:~g / 乐理:~j / 乐事:~k
moc_wubi86_simp	qiw	乐段:~d / 馋涎欲滴:~i / 销假:~n / 销价:~w / 销货:~x / 销售:~y	乐段:~d / 馋涎欲滴:~i / 销假:~n / 销价:~w / 销货:~x / 销售:~y
moc_wubi86_simp	qja	象牙:~h / 刈草:~j	象牙:~h
moc_wubi86_simp	qka	句式:~a / 名节:~b / 名菜:~e / 名著:~f / 名臣:~h / 鱼跃鸢飞:~n	句式:~a / 名节:~b / 名菜:~e / 名著:~f / 名臣:~h / 鱼跃鸢飞:~n
moc_wubi86_simp	qkp	名字:~b / 名家:~e / 免官:~n / 名之:~p / 名额:~t / 名实:~u	名字:~b / 名家:~e / 免官:~n / 名额:~t / 名实:~u / 名宿:~w
moc_wubi86_simp	qma	负荆:~g / 铜匠:~r / 负薪:~u / 负荷:~w	负荆:~g / 铜匠:~r / 负荷:~w
moc_wubi86_simp	qme	镚:~e / 名山胜川:~k	镚:~e
moc_wubi86_simp	qmu	负: / 钢瓶:~a / 金风送爽:~d / 负疚:~q / 多财善贾:~s	负: / 钢瓶:~a / 金风送爽:~d / 负疚:~q
moc_wubi86_simp	qnp	馆: / 久惯牢成:~d / 饥寒:~f / 饮宴:~j / 包袱:~u / 包容:~w	馆: / 饥寒:~f / 饮宴:~j / 包袱:~u / 包容:~w
moc_wubi86_simp	qnx	铌: / 鸟尽弓藏:~a / 饱经:~c / 狗尾续貂:~e / 馈线:~g / 乌纱:~i	铌: / 鸟尽弓藏:~a / 饱经:~c / 狗尾续貂:~e / 馈线:~g / 乌纱:~i
moc_wubi86_simp	qps	名实相副:~g / 名实相符:~t	名实相符:~t
moc_wubi86_simp	qqy	钓: / 金店:~h / 金库:~l / 多高:~m / 铭记:~n / 多变:~o	钓: / 金店:~h / 金库:~l / 多高:~m / 铭记:~n / 多变:~o
moc_wubi86_simp	qrc	钣: / 刎颈:~a / 兜鍪:~b / 铁骑:~d / 铁马:~n / 猴年马月:~e	钣: / 兜鍪:~b / 铁骑:~d / 铁马:~n / 猴年马月:~e
moc_wubi86_simp	qrf	铁塔:~a / 忽地:~b / 勿动:~c / 乌拉圭:~f / 色授魂与:~g / 铁索:~p	铁塔:~a / 忽地:~b / 勿动:~c / 乌拉圭:~f / 铁索:~p
moc_wubi86_simp	qrh	匆遽:~a / 铁皮:~c	铁皮:~c
moc_wubi86_simp	qsc	独木难支:~f / 钱可通神:~p / 杀鸡:~q	独木难支:~f / 杀鸡:~q
moc_wubi86_simp	qsg	钵: / 铁树开花:~a / 杀到:~c / 杀青:~e / 金枝玉叶:~k / 独树一帜:~m	钵: / 铁树开花:~a / 杀到:~c / 杀青:~e / 金枝玉叶:~k / 独树一帜:~m
moc_wubi86_simp	qst	杀敌:~d / 独木舟:~e / 杀生:~g / 杀得:~j / 杀身:~m / 猜枚行令:~w	杀敌:~d / 独木舟:~e / 杀生:~g / 杀得:~j / 杀身:~m / 杀入:~y
moc_wubi86_simp	qtf	钎: / 独裁:~a / 猛地:~b / 狮城:~d / 猿:~e / 猛士:~g	钎: / 独裁:~a / 猛地:~b / 狮城:~d / 猿:~e / 猛士:~g
moc_wubi86_simp	qtt	猁: / 狭长:~a / 狂乱:~d / 猜透:~e / 逛街:~f / 独生:~g	猁: / 狭长:~a / 狂乱:~d / 猜透:~e / 逛街:~f / 独生:~g
moc_wubi86_simp	que	钻头觅缝:~x	
moc_wubi86_simp	quq	铰: / 多姿多彩:~e / 锵:~f / 鲜鱼:~g / 铰链:~l / 狡猾:~m	铰: / 多姿多彩:~e / 锵:~f / 鲜鱼:~g / 铰链:~l / 狡猾:~m
moc_wubi86_simp	qux	锑: / 针头线脑:~e	锑:
moc_wubi86_simp	qvj	皱紧:~c / 怨女旷夫:~f / 煞是:~g / 急电:~n / 急如星火:~o / 色即是空:~p	皱紧:~c / 煞是:~g / 急电:~n / 急如星火:~o / 色即是空:~p / 煞星:~t
moc_wubi86_simp	qvm	猫鼠同眠:~h / 银山:~m / 争购:~q / 键帽:~h	键帽:~h / 银山:~m / 争购:~q
moc_wubi86_simp	qwn	狄俄尼索斯:~a / 鱼传尺素:~g / 锥心:~y / 独创性:~t	狄俄尼索斯:~a / 锥心:~y / 独创性:~t
moc_wubi86_simp	qxr	铺张扬厉:~d / 猩红热:~v / 锄强扶弱:~x	猩红热:~v / 锄强扶弱:~x
moc_wubi86_simp	qxt	解疑释惑:~a / 名缰利锁:~q / 针织物:~r / 错综复杂:~v	解疑释惑:~a / 针织物:~r / 错综复杂:~v
moc_wubi86_simp	ran	拒: / 拒收:~h / 撒尿:~i / 打草惊蛇:~j / 拱璧:~k / 拣:~w	拒: / 拒收:~h / 撒尿:~i / 打草惊蛇:~j / 拣:~w
moc_wubi86_simp	rav	撕毁:~a / 搭建:~f / 皂隶:~i / 拨草寻蛇:~j / 撒娇:~t / 找寻:~f	撕毁:~a / 搭建:~f / 皂隶:~i / 撒娇:~t / 找寻:~f
moc_wubi86_simp	rba	拙著:~f / 拙荆:~g / 报幕:~j / 报功:~l / 报警:~q	报幕:~j / 报功:~l / 报警:~q
moc_wubi86_simp	rbk	报呈:~g	
moc_wubi86_simp	rcy	瓜: / 反诬:~a / 反序:~c / 把斋:~d / 反诘:~f / 反证:~g	瓜: / 反诬:~a / 反序:~c / 反诘:~f / 反证:~g / 反应:~i
moc_wubi86_simp	rde	拜服:~b / 拔脚:~f / 拜爵:~l / 扼腕:~p / 捧腹:~t / 拔腿:~v	拜服:~b / 拔脚:~f / 扼腕:~p / 捧腹:~t / 拔腿:~v
moc_wubi86_simp	rdf	振: / 翱: / 所在地:~b / 振动:~c / 拜:~h / 捺:~i	振: / 翱: / 所在地:~b / 振动:~c / 拜:~h / 捺:~i
moc_wubi86_simp	rdj	排: / 拜盟:~e / 持有量:~g / 掩映:~m / 掩:~n / 拜师:~g	排: / 持有量:~g / 掩映:~m / 掩:~n / 拜师:~g
moc_wubi86_simp	rdr	拜把:~c / 拜拜:~d / 拜年:~h / 排挡:~i / 挑三拣四:~l / 所有制:~m	拜把:~c / 拜拜:~d / 拜年:~h / 排挡:~i / 挑三拣四:~l / 所有制:~m
moc_wubi86_simp	rdu	撩: / 摆龙门阵:~b / 翱翔:~d / 掩盖:~g / 拜将:~q / 撅:~w	撩: / 摆龙门阵:~b / 翱翔:~d / 掩盖:~g / 撅:~w / 扰闹:~y
moc_wubi86_simp	rdy	排序:~c / 拜读:~f / 拜请:~g / 拜谒:~j / 拜识:~k / 拜为:~l	排序:~c / 拜读:~f / 拜请:~g / 拜谒:~j / 拜为:~l / 拔高:~m
moc_wubi86_simp	rer	摇: / 摇把:~c / 摇撼:~d / 摇摇:~e / 援兵:~g / 扔掉:~h	摇: / 摇把:~c / 摇撼:~d / 摇摇:~e / 援兵:~g / 扔掉:~h
moc_wubi86_simp	ret	援敌:~d / 搜肠刮肚:~e / 授徒:~f / 授牌:~h / 摇篮:~j / 扼腕长叹:~k	援敌:~d / 搜肠刮肚:~e / 授徒:~f / 授牌:~h / 摇篮:~j / 扼腕长叹:~k
moc_wubi86_simp	rew	持盈保泰:~d / 授命:~g	授命:~g
moc_wubi86_simp	rfa	技工:~a / 技巧:~g / 撷英:~m / 技艺:~n / 欣喜若狂:~q / 失魂落魄:~r	技工:~a / 技巧:~g / 技艺:~n / 欣喜若狂:~q / 失魂落魄:~r / 挂花:~w
moc_wubi86_simp	rgr	捕捞:~a / 后排:~d / 后盾:~f / 皇后:~g / 后年:~h / 指天誓日:~j	捕捞:~a / 后排:~d / 后盾:~f / 皇后:~g / 后年:~h / 捕捉:~k
moc_wubi86_simp	rhi	年满:~a / 披沥:~d / 看法:~f / 看清:~g / 掉泪:~h / 牛油:~m	年满:~a / 看法:~f / 看清:~g / 掉泪:~h / 牛油:~m / 扯淡:~o
moc_wubi86_simp	rhk	牛: / 年号:~g / 指战员:~m / 年兄:~q / 拈:~g / 看中:~h	牛: / 年号:~g / 指战员:~m / 看中:~h / 拈:~g
moc_wubi86_simp	rhu	看着:~d / 年前:~e / 看病:~g / 年间:~j / 牛皮癣:~q / 年尊:~s	看着:~d / 年前:~e / 看病:~g / 年间:~j / 牛皮癣:~q / 年产:~t
moc_wubi86_simp	ris	反法西斯:~a / 近水楼台:~c / 朱顶:~d / 近水楼台先得月:~e / 撑杆:~f / 抄本:~g	反法西斯:~a / 近水楼台:~c / 朱顶:~d / 近水楼台先得月:~e / 撑杆:~f / 抄本:~g
moc_wubi86_simp	rit	抄: / 搅乱:~d / 撑船:~e / 挑选:~f / 搅海翻江:~i / 搅和:~k	抄: / 搅乱:~d / 撑船:~e / 挑选:~f / 搅和:~k / 挑衅:~l
moc_wubi86_simp	rjd	提挈:~h / 抻面:~m / 提成:~n / 捏碎:~y	抻面:~m / 提成:~n / 捏碎:~y
moc_wubi86_simp	rka	扣划:~j / 操劳:~p / 操切:~v	扣划:~j / 操劳:~p
moc_wubi86_simp	rkd	扣压:~f / 接踵而来:~g / 抵足而眠:~h / 损耗:~i / 接踵而至:~g	扣压:~f / 接踵而来:~g / 损耗:~i / 接踵而至:~g
moc_wubi86_simp	rke	捐: / 手足胼胝:~e / 捐助:~g	捐: / 捐助:~g
moc_wubi86_simp	rkk	操: / 气吁吁:~g / 气喘吁吁:~k / 揖别:~l / 气呼呼:~t / 打哈哈:~w	操: / 气吁吁:~g / 气喘吁吁:~k / 气呼呼:~t / 打哈哈:~w / 气哼哼:~y
moc_wubi86_simp	rkp	损害:~d / 舞蹈家:~e / 操守:~f / 兵贵神速:~g / 手足之情:~n / 拾遗补缺:~r	损害:~d / 舞蹈家:~e / 操守:~f / 兵贵神速:~g / 手足之情:~n / 拾遗补缺:~r
moc_wubi86_simp	rlp	接力赛:~f / 押宝:~g / 舞客:~t / 措置裕如:~v / 兵连祸结:~x	接力赛:~f / 押宝:~g / 舞客:~t / 兵连祸结:~x
moc_wubi86_simp	rmf	制裁:~a / 制动:~c / 抽走:~h / 掀风鼓浪:~i / 投井:~j / 招财进宝:~p	制裁:~a / 制动:~c / 抽走:~h / 投井:~j / 招财进宝:~p / 抽动:~c
moc_wubi86_simp	rmr	揣摸:~a / 扬幡招魂:~f / 捕风捉影:~j / 缺损:~k / 皑皑:~m / 缺氧:~n	揣摸:~a / 捕风捉影:~j / 缺损:~k / 皑皑:~m / 缺氧:~n / 摧折:~r
moc_wubi86_simp	rmx	抽绎:~c / 抽纱:~i / 投缳:~l / 抽缩:~p / 制约:~q / 投弹:~u	抽纱:~i / 抽缩:~p / 制约:~q / 投弹:~u / 投缘:~x / 缺编:~y
moc_wubi86_simp	rnr	扬: / 据报:~b / 抉择:~c / 气质:~f / 所:~h / 摒挡:~i	扬: / 据报:~b / 抉择:~c / 气质:~f / 所:~h / 扭捏:~j
moc_wubi86_simp	rpc	近观:~m / 探马:~n / 损之又损:~r	近观:~m / 探马:~n
moc_wubi86_simp	rpd	迫: / 探友:~c / 持之有故:~d / 按压:~f / 近古:~g / 擦破:~h	迫: / 探友:~c / 按压:~f / 近古:~g / 擦破:~h / 近百:~j
moc_wubi86_simp	rrh	折: / 白虎:~a / 披挂上阵:~b / 指指点点:~h / 折旧:~j / 白点:~k	折: / 白虎:~a / 披挂上阵:~b / 指指点点:~h / 折旧:~j / 白点:~k
moc_wubi86_simp	rsf	打动:~c / 打垮:~d / 打坏:~g / 摽:~i / 打进:~j / 打鼓:~k	打动:~c / 打垮:~d / 打坏:~g / 摽:~i / 打进:~j / 打鼓:~k
moc_wubi86_simp	rsg	打开:~a / 打到:~c / 返本还原:~d / 打球:~f / 打下:~h / 打理:~j	打开:~a / 打到:~c / 打球:~f / 打下:~h / 打理:~j / 打来:~o
moc_wubi86_simp	rsp	打字:~b / 打完:~f / 手术室:~g / 打穿:~w / 打禅:~y	打字:~b / 打完:~f / 手术室:~g / 打穿:~w
moc_wubi86_simp	rtn	卑躬屈节:~a / 卑躬屈膝:~e / 卑怯:~f / 搬屋:~g / 手慢:~j / 手臂:~k	卑躬屈膝:~e / 卑怯:~f / 搬屋:~g / 手慢:~j / 手臂:~k / 手书:~n
moc_wubi86_simp	rtu	手头:~d / 白血病:~g / 播音:~j / 手部:~k / 手闸:~l / 制造商:~m	手头:~d / 白血病:~g / 播音:~j / 手部:~k / 手闸:~l / 制造商:~m
moc_wubi86_simp	ruv	接: / 撞毁:~a / 摘录:~i / 搛:~o / 抱头鼠窜:~p / 拉杂:~s	接: / 撞毁:~a / 摘录:~i / 搛:~o / 抱头鼠窜:~p / 拉杂:~s
moc_wubi86_simp	rxy	拂衣:~e / 批评:~g / 指为:~l / 指望:~n / 指说:~u / 指认:~w	批评:~g / 指为:~l / 指望:~n / 指说:~u / 指认:~w / 批文:~y
moc_wubi86_simp	rya	摭: / 扩散:~e / 斥革:~f / 抗菌:~l / 撤营:~p / 白衣苍狗:~q	摭: / 扩散:~e / 抗菌:~l / 撤营:~p / 白衣苍狗:~q / 瓜熟蒂落:~a
moc_wubi86_simp	ryd	扩大:~d / 掠夺:~f / 择主而事:~g / 抗非:~j / 搞成:~n / 抗原:~r	扩大:~d / 掠夺:~f / 抗非:~j / 搞成:~n / 抗原:~r / 摔碎:~y
moc_wubi86_simp	ryf	撤去:~c / 搞垮:~d / 护士:~g / 撤走:~h / 挤进:~j / 抗击:~m	撤去:~c / 搞垮:~d / 护士:~g / 撤走:~h / 挤进:~j / 抗击:~m
moc_wubi86_simp	ryq	搞错:~a / 卸磨杀驴:~c / 拒谏饰非:~d / 扩印:~g / 攘外:~h / 撤销:~i	搞错:~a / 卸磨杀驴:~c / 扩印:~g / 攘外:~h / 撤销:~i / 撤免:~k
moc_wubi86_simp	ryr	抗拒:~a / 挤挨:~c / 护持:~f / 撤兵:~g / 撤掉:~h / 抗捐:~k	抗拒:~a / 挤挨:~c / 护持:~f / 撤兵:~g / 撤掉:~h / 抗捐:~k
moc_wubi86_simp	ryx	摔: / 搐:~l / 邀约:~q / 扩张:~t / 拱肩缩背:~u / 扩编:~y	摔: / 搐:~l / 邀约:~q / 扩张:~t / 扩编:~y
moc_wubi86_simp	sak	槿: / 横戈跃马:~c / 横跨:~h	槿: / 横跨:~h
moc_wubi86_simp	sbs	椰树:~c / 椰林:~s / 桂子飘香:~t	椰树:~c / 椰林:~s
moc_wubi86_simp	scr	树挂:~f / 歌台舞榭:~s / 权势:~v	树挂:~f / 权势:~v
moc_wubi86_simp	ses	极权:~c / 极顶:~d / 杏脸桃腮:~e / 极板:~r / 杉木:~s	极权:~c / 极顶:~d / 极板:~r / 杉木:~s
moc_wubi86_simp	sgb	本子:~b / 梗阻:~e / 西陆:~f / 本职:~k / 酿出:~m / 本院:~p	本子:~b / 梗阻:~e / 本职:~k / 酿出:~m / 本院:~p / 本队:~w
moc_wubi86_simp	sgf	酝: / 配戴:~a / 本地:~b / 西城:~d / 松下幸之助:~e / 本土:~f	酝: / 配戴:~a / 本地:~b / 西城:~d / 松下幸之助:~e / 本土:~f
moc_wubi86_simp	sgy	醉: / 酸度:~a / 醇:~b / 酿:~e / 本主:~g / 本应:~i	醉: / 酸度:~a / 醇:~b / 酿:~e / 本主:~g / 本应:~i
moc_wubi86_simp	siv	档: / 西沙群岛:~q / 醇酒妇人:~w	档: / 西沙群岛:~q
moc_wubi86_simp	sky	歌谣:~e / 可读:~f / 可就:~i / 杜口裹足:~k / 可谓:~l / 可调:~m	歌谣:~e / 可读:~f / 可就:~i / 可谓:~l / 可调:~m / 歌词:~n
moc_wubi86_simp	sni	杨浦:~g / 樨:~h / 椎心泣血:~t	杨浦:~g / 樨:~h
moc_wubi86_simp	sqp	杨铭宇:~g	
moc_wubi86_simp	suh	梓: / 栏目:~h / 校点:~k / 可立餐:~q / 榜眼:~v	梓: / 栏目:~h / 校点:~k / 榜眼:~v
moc_wubi86_simp	sum	样册:~m / 校风:~q / 校内:~w / 横槊赋诗:~y / 西北风:~q	样册:~m / 校风:~q / 校内:~w / 西北风:~q
moc_wubi86_simp	sva	根式:~a / 根茎:~c / 根基:~d / 根苗:~l / 杳如黄鹤:~p	根式:~a / 根茎:~c / 根基:~d / 根苗:~l
moc_wubi86_simp	swp	松宽:~a / 检字:~b / 栓塞:~f / 检定:~g / 醉翁之意不在酒:~i / 杞人之忧:~n	松宽:~a / 检字:~b / 栓塞:~f / 检定:~g / 醉翁之意不在酒:~i / 栓牢:~r
moc_wubi86_simp	syx	焚膏继晷:~j / 核弹:~u / 核编:~y	核弹:~u / 核编:~y
moc_wubi86_simp	tac	长驱:~a / 长矛:~b / 德薄能鲜:~q	长驱:~a / 长矛:~b
moc_wubi86_simp	tan	矫若惊龙:~d / 彻悟:~g / 长臂:~k / 长发:~t / 长局:~n	彻悟:~g / 长臂:~k / 长发:~t / 长局:~n
moc_wubi86_simp	tap	长宽:~a / 知荣守辱:~d / 稀世之珍:~g / 升幂:~j / 长官:~n / 稀世之宝:~p	长宽:~a / 稀世之珍:~g / 升幂:~j / 长官:~n / 稀世之宝:~p / 筑牢:~r
moc_wubi86_simp	tar	长排:~d / 得其所哉:~f / 长年:~h / 长按:~p / 长逝:~r / 特斯拉:~u	长排:~d / 长年:~h / 长按:~p / 长逝:~r / 特斯拉:~u / 长势:~v
moc_wubi86_simp	tbd	向隅而泣:~i / 乘隙而入:~t	乘隙而入:~t
moc_wubi86_simp	tcu	么: / 私章:~j / 私弊:~m / 私交:~q / 私产:~t / 私立:~u	么: / 私章:~j / 私交:~q / 私产:~t / 私立:~u / 私益:~w
moc_wubi86_simp	tcy	私: / 私塾:~b / 笃诚:~d / 私语:~g / 私设:~m / 私房:~n	私: / 私塾:~b / 私语:~g / 私设:~m / 私房:~n / 私话:~t
moc_wubi86_simp	tdg	短: / 矩形:~a / 逢到:~c / 知青:~e / 矫正:~h / 自顾不暇:~j	短: / 矩形:~a / 逢到:~c / 知青:~e / 矫正:~h / 自顾不暇:~j
moc_wubi86_simp	tdn	乱: / 乱民:~a / 短剧:~d / 知情:~g / 稽:~j / 嵇:~m	乱: / 乱民:~a / 短剧:~d / 知情:~g / 稽:~j / 嵇:~m
moc_wubi86_simp	tdp	适: / 适宜:~e / 敌寇:~f / 乱写:~g / 知雄守雌:~h / 敌军:~l	适: / 适宜:~e / 敌寇:~f / 乱写:~g / 敌军:~l / 甜蜜:~n
moc_wubi86_simp	tdq	鸹: / 舐:~a / 长三角:~e / 适销:~i / 乱象:~j / 知名:~k	鸹: / 舐:~a / 长三角:~e / 适销:~i / 乱象:~j / 知名:~k
moc_wubi86_simp	tdt	敌: / 短长:~a / 短短:~d / 筹:~f / 稽征:~g / 短处:~h	敌: / 短长:~a / 短短:~d / 筹:~f / 稽征:~g / 短处:~h
moc_wubi86_simp	tdv	辞退:~e / 筹建:~f / 短刀:~n / 辞灵:~o / 乱杂:~s / 敌群:~t	辞退:~e / 筹建:~f / 短刀:~n / 乱杂:~s / 敌群:~t
moc_wubi86_simp	tgi	惩治:~c / 生涯:~d / 生肖:~e / 垂泪:~h / 自来水:~i / 重温:~j	惩治:~c / 生涯:~d / 生肖:~e / 垂泪:~h / 自来水:~i / 重温:~j
moc_wubi86_simp	tgm	策: / 生财:~f / 秉赋:~g / 船形帽:~h / 重则:~j / 身不由己:~n	策: / 生财:~f / 秉赋:~g / 船形帽:~h / 重则:~j / 身不由己:~n
moc_wubi86_simp	tgy	重试:~a / 生离:~b / 生育:~c / 重庆:~d / 生计:~f / 生就:~i	重试:~a / 生离:~b / 生育:~c / 重庆:~d / 生计:~f / 生就:~i
moc_wubi86_simp	tit	秒: / 香港特别行政区:~a / 自觉自愿:~d / 稍等:~f / 衍生:~g / 稍息:~h	秒: / 香港特别行政区:~a / 自觉自愿:~d / 稍等:~f / 衍生:~g / 稍息:~h
moc_wubi86_simp	tix	稍顷:~d / 生活费:~j	生活费:~j
moc_wubi86_simp	tjd	冬虫夏草:~a / 馥郁:~e / 待时而动:~f / 复古:~g / 香艳:~h / 香灰:~o	冬虫夏草:~a / 馥郁:~e / 复古:~g / 香艳:~h / 香灰:~o / 德里达:~p
moc_wubi86_simp	tju	利差:~d / 得病:~g / 利弊:~m / 得奖:~q / 得道:~t / 利益:~w	利差:~d / 得病:~g / 利弊:~m / 得奖:~q / 得道:~t / 利益:~w
moc_wubi86_simp	tkg	和: / 程:~g / 种下:~h / 和平:~u / 矢口否认:~y / 各不:~i	和: / 程:~g / 种下:~h / 和平:~u / 矢口否认:~y
moc_wubi86_simp	tkj	和暖:~e / 和畅:~h / 各显:~o / 和煦:~q	和暖:~e / 和畅:~h / 和煦:~q
moc_wubi86_simp	tkn	各异:~a / 积愤:~f / 种蛋:~h / 和局:~n / 积习:~u / 各尽:~y	各异:~a / 积愤:~f / 种蛋:~h / 和局:~n / 积习:~u
moc_wubi86_simp	tkt	委员长:~a / 和盘:~e / 各自:~h / 各得:~j / 各种:~k / 和血:~l	委员长:~a / 和盘:~e / 各自:~h / 各得:~j / 各种:~k / 和血:~l
moc_wubi86_simp	tng	笥: / 乞丐:~h / 知情不举:~i / 愁眉不展:~n / 知情不报:~r / 自惭形秽:~t	笥: / 乞丐:~h / 愁眉不展:~n / 知情不报:~r / 自惭形秽:~t / 自愧不如:~v
moc_wubi86_simp	tom	釉: / 释典:~a / 秋风:~q	釉: / 秋风:~q
moc_wubi86_simp	tpp	管家:~e / 甜蜜蜜:~n / 管窥:~w / 管宁割席:~y	管家:~e / 甜蜜蜜:~n / 管窥:~w
moc_wubi86_simp	tpr	入室操戈:~a / 千禧年:~h / 管制:~m / 管控:~p / 先礼后兵:~r / 管护:~y	千禧年:~h / 管制:~m / 管控:~p / 先礼后兵:~r / 管护:~y
moc_wubi86_simp	tpy	徙宅忘妻:~g / 管训:~k / 称之为:~l / 长宽高:~m / 自定义:~q / 行军床:~s	管训:~k / 称之为:~l / 长宽高:~m / 自定义:~q / 行军床:~s
moc_wubi86_simp	tqg	移开:~a / 移到:~c / 称王:~g / 循名责实:~p / 千钧一发:~n / 千金一诺:~y	移开:~a / 移到:~c / 称王:~g / 千钧一发:~n / 千金一诺:~y
moc_wubi86_simp	tqn	移民:~a / 移居:~d / 移情:~g / 稀疏:~h / 翻然悔悟:~n / 重金属:~t	移民:~a / 移居:~d / 移情:~g / 稀疏:~h / 翻然悔悟:~n / 重金属:~t
moc_wubi86_simp	tqs	移植:~f / 秀色可餐:~h / 签名档:~i / 复印机:~m / 稀松:~w / 称述:~y	移植:~f / 秀色可餐:~h / 签名档:~i / 复印机:~m / 稀松:~w / 称述:~y
moc_wubi86_simp	tsw	条例:~g / 我醉欲眠:~h / 条件:~r / 箱体:~s / 笨货:~x / 条令:~y	条例:~g / 条件:~r / 箱体:~s / 笨货:~x / 条令:~y
moc_wubi86_simp	tta	生生世世:~a / 竹节:~b / 躬逢其盛:~d / 笔划:~j / 笔芯:~n / 自得其乐:~q	生生世世:~a / 竹节:~b / 笔划:~j / 笔芯:~n / 自得其乐:~q / 适得其反:~r
moc_wubi86_simp	ttd	笑: / 积微成著:~a / 笔友:~c / 千千万万:~d / 千秋大业:~o / 篷:~p	笑: / 笔友:~c / 千千万万:~d / 千秋大业:~o / 篷:~p / 千秋万代:~w
moc_wubi86_simp	ttl	积德累功:~a / 笔墨:~f / 自行车:~g / 鹅行鸭步:~h / 笔力:~t / 生物圈:~u	笔墨:~f / 自行车:~g / 笔力:~t / 生物圈:~u / 怎么办:~w / 篦:~x
moc_wubi86_simp	tug	毛将焉附:~b / 冬至:~c / 冬天:~d / 剩下:~h / 冬枣:~m / 物竞天择:~r	毛将焉附:~b / 冬至:~c / 冬天:~d / 剩下:~h / 冬枣:~m / 物竞天择:~r
moc_wubi86_simp	tuo	乱头粗服:~e / 乘数:~v	乘数:~v
moc_wubi86_simp	tut	科长:~a / 冬季:~b / 简短:~d / 乘船:~e / 税利:~j / 乘积:~k	科长:~a / 冬季:~b / 简短:~d / 乘船:~e / 税利:~j / 乘积:~k
moc_wubi86_simp	tve	很: / 处女膜:~a / 簋:~l / 很受:~p	很: / 处女膜:~a / 很受:~p
moc_wubi86_simp	tvg	委顿:~b / 委琐:~i / 魏晋:~o / 自始至终:~x	委顿:~b / 魏晋:~o / 自始至终:~x
moc_wubi86_simp	tvu	很差:~d / 徐娘半老:~f / 很美:~g / 自毁前程:~t / 魏阙:~u / 很冷:~w	很差:~d / 徐娘半老:~f / 很美:~g / 自毁前程:~t / 很冷:~w
moc_wubi86_simp	twp	生僻字:~b / 知人之明:~j / 千分之:~p / 乘人之危:~q / 知命之年:~r / 答案:~v	生僻字:~b / 知人之明:~j / 千分之:~p / 乘人之危:~q / 答案:~v / 答礼:~y
moc_wubi86_simp	twr	稚拙:~b / 秉公执法:~i / 签押:~l / 稚气:~n / 条件反射:~t / 签批:~x	稚拙:~b / 秉公执法:~i / 稚气:~n / 条件反射:~t / 签批:~x / 千人所指:~r
moc_wubi86_simp	twt	徐: / 稔知:~d / 答复:~j / 黏稠:~m / 每分每秒:~t / 等价物:~r	徐: / 答复:~j / 黏稠:~m / 每分每秒:~t / 等价物:~r / 签条:~s
moc_wubi86_simp	twy	稚: / 黏度:~a / 稔熟:~b / 身份证:~g / 答应:~i / 稔:~n	稚: / 黏度:~a / 身份证:~g / 答应:~i / 稔:~n / 签订:~s
moc_wubi86_simp	tyb	篱: / 稿子:~b / 入耳:~g / 入职:~k / 入院:~p / 入主出奴:~v	篱: / 稿子:~b / 入耳:~g / 入职:~k / 入院:~p / 入队:~w
moc_wubi86_simp	tyx	繁文缛节:~a / 等高线:~g / 稿费:~j / 物离乡贵:~k / 稿纸:~q	繁文缛节:~a / 等高线:~g / 稿费:~j / 稿纸:~q
moc_wubi86_simp	uas	并可:~k / 兰薰桂馥:~t / 并要:~v	并可:~k / 并要:~v
moc_wubi86_simp	ubk	疗: / 疖: / 逆取顺守:~p / 闻听:~r	疗: / 疖: / 闻听:~r
moc_wubi86_simp	ucu	衮衮:~c / 闯关:~d / 疤瘌:~g / 瘫痪:~q / 痛痒:~u / 疤痕:~v	闯关:~d / 疤瘌:~g / 瘫痪:~q / 痛痒:~u / 疤痕:~v / 背对背:~x
moc_wubi86_simp	ucv	疤: / 冯妇:~v	疤:
moc_wubi86_simp	uea	前茅:~c / 前期:~d / 剖腹藏珠:~g / 前世:~n / 剪切:~v / 煎药:~x	前茅:~c / 前期:~d / 前世:~n / 剪切:~v / 煎药:~x
moc_wubi86_simp	uet	剪径:~c / 剪短:~d / 前舱:~e / 前行:~f / 前生:~g / 决胜千里:~j	剪短:~d / 前舱:~e / 前行:~f / 前生:~g / 决胜千里:~j / 前程:~k
moc_wubi86_simp	ufe	半月:~e / 半悬:~g / 斗胆:~j / 装腔:~p / 半腰:~s / 斗胜:~t	半月:~e / 半悬:~g / 斗胆:~j / 装腔:~p / 半腰:~s / 尊老爱幼:~x
moc_wubi86_simp	ufq	闺怨:~b / 半角:~e / 北坡镇:~f / 斗鱼:~g / 闭锁:~i / 半句:~k	闺怨:~b / 半角:~e / 斗鱼:~g / 闭锁:~i / 半句:~k / 装饰:~n
moc_wubi86_simp	ugy	癍: / 差不离:~b / 美育:~c / 美语:~g / 病房:~n / 病变:~o	癍: / 差不离:~b / 美育:~c / 美语:~g / 病房:~n / 病变:~o
moc_wubi86_simp	uhp	站定:~g / 闭目塞听:~k / 阒寂:~h	站定:~g / 闭目塞听:~k
moc_wubi86_simp	uhq	阒然:~d / 站名:~k / 送旧迎新:~u / 癞皮狗:~t	站名:~k / 送旧迎新:~u / 癞皮狗:~t
moc_wubi86_simp	uid	阔大:~d / 冰砖:~f / 产学研:~g / 逆流而上:~h / 冰面:~m / 斗酒百篇:~t	阔大:~d / 冰砖:~f / 产学研:~g / 逆流而上:~h / 冰面:~m / 竭泽而渔:~i
moc_wubi86_simp	uir	冰挂:~f / 阔气:~n / 前清后欠:~q	冰挂:~f / 阔气:~n
moc_wubi86_simp	uiy	冰: / 门当户对:~c / 交浅言深:~i / 冰床:~s / 资深望重:~t	冰: / 门当户对:~c / 交浅言深:~i / 冰床:~s
moc_wubi86_simp	ujd	间: / 单碟:~a / 竟有:~e / 意在:~h / 音耗:~i / 单面:~m	间: / 单碟:~a / 竟有:~e / 意在:~h / 单面:~m / 竟成:~n
moc_wubi86_simp	ujj	章: / 阊:~d / 彰明:~e / 竟是:~g / 单日:~j / 彰显:~o	章: / 彰明:~e / 竟是:~g / 单日:~j / 彰显:~o / 间歇:~q
moc_wubi86_simp	ujy	间谍:~a / 间离:~b / 音译:~c / 竭诚:~d / 童谣:~e / 韵语:~g	间谍:~a / 间离:~b / 音译:~c / 竭诚:~d / 童谣:~e / 韵语:~g
moc_wubi86_simp	ulc	曾对:~f / 斗转参横:~s	曾对:~f
moc_wubi86_simp	ulv	兰因絮果:~j / 闸刀:~n / 兽群:~t	闸刀:~n / 兽群:~t
moc_wubi86_simp	umf	凋: / 商城:~d / 闻风丧胆:~e / 商朝:~j / 商场:~n / 商都:~t	凋: / 商城:~d / 闻风丧胆:~e / 商朝:~j / 商场:~n / 商都:~t
moc_wubi86_simp	umn	商展:~a / 憋屈:~b / 疾风迅雷:~f / 商情:~g / 意见书:~n / 敝屣:~t	商展:~a / 憋屈:~b / 疾风迅雷:~f / 商情:~g / 意见书:~n / 闿:~v
moc_wubi86_simp	umw	商: / 商代:~a / 旁见侧出:~b / 商会:~f / 曾几何时:~j / 端倪:~v	商: / 商代:~a / 商会:~f / 曾几何时:~j / 端倪:~v / 商人:~w
moc_wubi86_simp	unr	疡: / 闷气:~n / 交臂失之:~p / 闷热:~v	疡: / 闷气:~n / 闷热:~v
moc_wubi86_simp	upq	盗窃犯:~t / 郊寒岛瘦:~u / 闻之色变:~y	盗窃犯:~t / 闻之色变:~y
moc_wubi86_simp	uqh	头昏眼花:~a / 交上:~h / 效颦:~i / 交战:~k / 恣睢:~w / 酱紫:~x	头昏眼花:~a / 交上:~h / 交战:~k / 酱紫:~x / 交点:~k
moc_wubi86_simp	uqn	疱: / 音乐剧:~d / 将尉:~f / 交情:~g / 交臂:~k / 闻名遐迩:~q	疱: / 音乐剧:~d / 将尉:~f / 交情:~g / 闻名遐迩:~q / 交心:~y
moc_wubi86_simp	uqr	交拜:~d / 资质:~f / 交兵:~g / 次年:~h / 瓷缸:~m / 盗掘:~n	资质:~f / 交兵:~g / 次年:~h / 瓷缸:~m / 盗掘:~n / 将近:~p
moc_wubi86_simp	urh	羊质虎皮:~h	
moc_wubi86_simp	urn	斗批改:~t	
moc_wubi86_simp	usl	闲置:~f / 新车:~g / 门可罗雀:~i / 尊驾:~k / 单相思:~n / 新力:~t	闲置:~f / 新车:~g / 门可罗雀:~i / 单相思:~n / 新力:~t / 北极圈:~u
moc_wubi86_simp	usu	亲: / 新闻:~b / 亲眷:~d / 新装:~f / 新站:~h / 新意:~j	亲: / 新闻:~b / 亲眷:~d / 新装:~f / 新站:~h / 新意:~j
moc_wubi86_simp	uua	辛辛苦苦:~a / 立项:~d / 闯关东:~i / 立功:~l / 阅世:~n / 道旁苦李:~s	辛辛苦苦:~a / 立项:~d / 闯关东:~i / 立功:~l / 阅世:~n / 头痛医头:~u
moc_wubi86_simp	uue	头头脑脑:~e / 立脚:~f / 闭门觅句:~q / 头疼脑热:~r	头头脑脑:~e / 立脚:~f / 头疼脑热:~r
moc_wubi86_simp	uuu	立: / 阅卷:~d / 冷冰冰:~i / 立意:~j / 立决:~n / 立交:~q	立: / 阅卷:~d / 冷冰冰:~i / 立意:~j / 立交:~q / 立新:~s
moc_wubi86_simp	uuw	总产值:~f / 立命:~g / 立候:~h / 亲痛仇快:~n / 新新人类:~o / 立像:~q	总产值:~f / 立命:~g / 亲痛仇快:~n / 新新人类:~o / 立像:~q / 立体:~s
moc_wubi86_simp	uux	新闻组:~e / 立约:~q / 阙疑:~t	新闻组:~e / 立约:~q
moc_wubi86_simp	uxa	兼弱攻昧:~j / 北欧:~q / 冰红茶:~w / 凝药:~x	北欧:~q / 冰红茶:~w / 凝药:~x
moc_wubi86_simp	uxg	背静:~e / 总经理:~j / 背带:~k / 北亚:~o / 凝珠:~r / 北平:~u	背静:~e / 总经理:~j / 背带:~k / 北亚:~o / 凝珠:~r / 北平:~u
moc_wubi86_simp	uxj	背时:~f / 兹日:~j / 递归:~v / 背景:~y / 背影:~y	背时:~f / 递归:~v / 背景:~y / 背影:~y
moc_wubi86_simp	uxm	北岸:~d / 北周:~f / 弊绝风清:~i / 北风:~q	北岸:~d / 北周:~f / 北风:~q
moc_wubi86_simp	uxu	辫: / 凝冻:~a / 背痛:~c / 慈善:~d / 北斗:~f / 北美:~g	辫: / 凝冻:~a / 背痛:~c / 慈善:~d / 北斗:~f / 北美:~g
moc_wubi86_simp	uya	辛苦:~d / 凉菜:~e / 凉鞋:~f / 门牙:~h / 辛勤:~k / 六艺:~n	辛苦:~d / 凉菜:~e / 凉鞋:~f / 门牙:~h / 辛勤:~k / 六艺:~n
moc_wubi86_simp	uyh	门: / 门上:~h / 疾言遽色:~q / 门齿:~w	门: / 门上:~h / 门齿:~w
moc_wubi86_simp	vbo	如堕烟海:~i	
moc_wubi86_simp	vdg	姑: / 姑表:~e / 群而不党:~i / 既成事实:~p / 退耕还林:~s	姑: / 姑表:~e / 既成事实:~p / 退耕还林:~s
moc_wubi86_simp	vdo	刀耕火耨:~d / 刀耕火种:~t	刀耕火种:~t
moc_wubi86_simp	vec	鼠肚鸡肠:~e	
moc_wubi86_simp	vew	退伍:~g / 如胶似漆:~i / 退保:~k / 退佃:~l / 退伙:~o / 退休:~s	退伍:~g / 如胶似漆:~i / 退保:~k / 退伙:~o / 退休:~s / 退位:~u
moc_wubi86_simp	via	剥落:~i / 肃敬:~q / 妙药:~x	剥落:~i / 妙药:~x
moc_wubi86_simp	viy	剥离:~b / 妙计:~f / 妙诀:~n / 录放:~t / 隶卒:~w / 妙方:~y	剥离:~b / 妙计:~f / 妙诀:~n / 录放:~t / 妙方:~y / 妙语:~g
moc_wubi86_simp	vje	如蝇逐臭:~t	
moc_wubi86_simp	vjy	如日方升:~t	
moc_wubi86_simp	vmf	如风过耳:~b	
moc_wubi86_simp	vmp	好肉剜疮:~u	
moc_wubi86_simp	vmw	妖由人兴:~i / 刀山剑树:~s	
moc_wubi86_simp	vpk	婉顺:~d / 巡哨:~i / 巡视员:~m	巡哨:~i / 巡视员:~m
moc_wubi86_simp	vpq	婉: / 婉然:~d / 鼠窃狗偷:~w	婉: / 婉然:~d
moc_wubi86_simp	vpt	姹: / 婉辞:~d / 巡航:~e / 巡行:~f / 嫁入:~y	姹: / 巡航:~e / 巡行:~f / 嫁入:~y
moc_wubi86_simp	vpx	毁家纾难:~c / 婶母:~g / 巡缉:~k / 婉约:~q / 嫁给:~w	毁家纾难:~c / 婶母:~g / 婉约:~q / 嫁给:~w
moc_wubi86_simp	vqt	如鱼得水:~i / 如狼牧羊:~u	如鱼得水:~i
moc_wubi86_simp	vqv	婚媾:~f / 婚姻:~l / 婚嫁:~p	婚姻:~l / 婚嫁:~p
moc_wubi86_simp	vqw	如解倒悬:~e / 娘儿俩:~g / 如狼似虎:~h / 如饥似渴:~i / 婚介:~j / 刀锯斧钺:~q	娘儿俩:~g / 如狼似虎:~h / 如饥似渴:~i / 婚介:~j / 婚俗:~w / 娘儿们:~u
moc_wubi86_simp	vrq	如牛负重:~t	
moc_wubi86_simp	vsr	杂技:~f / 寻枝摘叶:~k / 好样的:~q / 杂拌:~u / 鼠标垫:~v / 杂质:~f	杂技:~f / 好样的:~q / 杂拌:~u / 鼠标垫:~v / 杂质:~f
moc_wubi86_simp	vxj	妙绝时人:~w	
moc_wubi86_simp	vyq	妙语解颐:~a / 娘儿:~t / 建设银行:~t / 好望角:~e	好望角:~e / 娘儿:~t / 建设银行:~t
moc_wubi86_simp	wab	袋子:~b / 借取:~c / 供职:~k / 借了:~n / 傍花随柳:~s / 供出:~m	袋子:~b / 借取:~c / 供职:~k / 借了:~n / 供出:~m
moc_wubi86_simp	wac	袋熊:~e / 人莫予毒:~g	袋熊:~e
moc_wubi86_simp	waw	供: / 借贷:~a / 借债:~g / 伶牙俐齿:~h / 代偿:~i / 任劳任怨:~q	供: / 借贷:~a / 借债:~g / 伶牙俐齿:~h / 代偿:~i / 任劳任怨:~q
moc_wubi86_simp	wbd	保险套:~d / 倾耳而听:~k / 创面:~m	保险套:~d / 创面:~m
moc_wubi86_simp	wcs	公权:~c / 颂歌:~k / 俟机:~m / 俊杰:~o / 余勇可贾:~s / 倚马可待:~t	公权:~c / 颂歌:~k / 俊杰:~o
moc_wubi86_simp	wct	俟: / 公升:~a / 公私:~c / 公敌:~d / 俊秀:~e / 公告:~f	俟: / 公升:~a / 公私:~c / 公敌:~d / 俊秀:~e / 公告:~f
moc_wubi86_simp	wcv	公帑:~c / 翁姑:~d / 翁媪:~j / 翁婿:~n	公帑:~c / 翁姑:~d / 翁婿:~n
moc_wubi86_simp	wcw	俊: / 仅供:~a / 公仔:~b / 仅仅:~c / 公会:~f / 公债:~g	俊: / 仅供:~a / 公仔:~b / 仅仅:~c / 公会:~f / 公债:~g
moc_wubi86_simp	wda	佐: / 做工:~a / 做菜:~e / 优雅:~h / 段落:~i / 做功:~l	佐: / 做工:~a / 做菜:~e / 优雅:~h / 段落:~i / 做功:~l
moc_wubi86_simp	wdg	估: / 仨: / 华盛顿:~b / 做到:~c / 优于:~f / 伏下:~h	估: / 仨: / 华盛顿:~b / 做到:~c / 优于:~f / 伏下:~h
moc_wubi86_simp	wdn	优: / 优异:~a / 仗恃:~f / 僚属:~t / 倚翠:~y	优: / 优异:~a / 仗恃:~f / 僚属:~t
moc_wubi86_simp	wdu	僚: / 优美:~g / 人面兽心:~n / 估产:~t / 倚门:~y / 做亲:~s	僚: / 优美:~g / 人面兽心:~n / 估产:~t / 仗着:~d / 做亲:~s
moc_wubi86_simp	wfg	仁: / 仕: / 传开:~a / 传到:~c / 从无到有:~d / 仁政:~h	仁: / 仕: / 传开:~a / 传到:~c / 从无到有:~d / 仁政:~h
moc_wubi86_simp	wfv	佞: / 传媒:~a / 含垢忍辱:~d / 佳妙:~i / 会剿:~j / 佳婿:~n	佞: / 传媒:~a / 佳妙:~i / 会剿:~j / 佳婿:~n / 仕女:~v
moc_wubi86_simp	wga	修理工:~a / 使节:~b / 使其:~d / 合著:~f / 倒戈:~g / 使臣:~h	修理工:~a / 使节:~b / 使其:~d / 合著:~f / 倒戈:~g / 使臣:~h
moc_wubi86_simp	wgp	贪天之功:~a / 便宜:~e / 公开赛:~f / 拿定:~g / 便宴:~j / 全军:~l	贪天之功:~a / 便宜:~e / 公开赛:~f / 拿定:~g / 便宴:~j / 全军:~l
moc_wubi86_simp	wgt	全长:~a / 合适:~d / 仪表盘:~e / 例行:~f / 合算:~h / 你死我活:~i	全长:~a / 合适:~d / 仪表盘:~e / 例行:~f / 合算:~h / 你死我活:~i
moc_wubi86_simp	whd	侦破:~h / 修面:~m / 仅此而已:~n / 傲睨万物:~t / 侧目而视:~p	侦破:~h / 修面:~m / 仅此而已:~n / 侧目而视:~p
moc_wubi86_simp	whf	企: / 悠哉:~a / 倏地:~b / 修士:~g / 候场:~n / 修过:~p	企: / 悠哉:~a / 倏地:~b / 修士:~g / 候场:~n / 修过:~p
moc_wubi86_simp	whl	候车:~g / 候驾:~k / 企图:~t / 侦办:~w	候车:~g / 企图:~t / 侦办:~w
moc_wubi86_simp	whq	修色:~c / 悠然:~d / 倏尔:~i / 修饰:~n / 倏忽:~r / 个儿:~t	修色:~c / 悠然:~d / 修饰:~n / 倏忽:~r / 个儿:~t / 悠久:~y
moc_wubi86_simp	whr	个把:~c / 修持:~f / 候缺:~m / 悠扬:~n / 侦探:~p / 修护:~y	个把:~c / 修持:~f / 悠扬:~n / 侦探:~p / 修护:~y
moc_wubi86_simp	whs	修枝:~f / 修配:~g / 侦查:~j / 候机:~m / 佛眼相看:~r / 修桥:~t	修枝:~f / 修配:~g / 侦查:~j / 候机:~m / 修桥:~t / 催眠术:~y
moc_wubi86_simp	wip	偿: / 化学家:~e / 俟河之清:~i / 傥:~q	偿: / 化学家:~e / 傥:~q
moc_wubi86_simp	wit	倒海翻江:~i / 含沙射影:~j / 登堂入室:~p / 作法自毙:~x / 分泌物:~r / 偷漏税:~u	含沙射影:~j / 登堂入室:~p / 作法自毙:~x / 分泌物:~r / 偷漏税:~u
moc_wubi86_simp	wjj	介: / 今是昨非:~d / 但是:~g / 偶遇:~m / 倡:~g	介: / 但是:~g / 偶遇:~m / 倡:~g
moc_wubi86_simp	wls	焦国标:~f	
moc_wubi86_simp	wmf	倜: / 佩戴:~a / 催款:~f / 侧击:~m / 仙境:~u / 倒凤颠鸾:~y	倜: / 佩戴:~a / 催款:~f / 侧击:~m / 仙境:~u
moc_wubi86_simp	wmp	他山之石:~d / 作曲家:~e / 食肉寝皮:~h / 贫贱之交:~u / 仙鹤:~w / 侧视:~y	他山之石:~d / 作曲家:~e / 贫贱之交:~u / 仙鹤:~w / 侧视:~y
moc_wubi86_simp	wmu	侧闻:~b / 佩兰:~f / 仙童:~j / 侧部:~k / 仙风道骨:~m / 侧门:~y	佩兰:~f / 仙童:~j / 侧部:~k / 仙风道骨:~m / 侧门:~y / 催产:~t
moc_wubi86_simp	wmw	催: / 人赃俱获:~a / 仙翁:~c / 人见人爱:~e / 人山人海:~i / 催促:~k	催: / 人赃俱获:~a / 仙翁:~c / 人见人爱:~e / 人山人海:~i / 催促:~k
moc_wubi86_simp	wnk	僻: / 倾心吐胆:~e / 人情味:~f / 亿吨:~g / 追踪:~h / 会展中心:~n	僻: / 人情味:~f / 亿吨:~g / 追踪:~h / 会展中心:~n / 全民K歌:~s
moc_wubi86_simp	wnt	侯: / 坐以待旦:~j / 人民币:~m / 假释:~o / 假以辞色:~q / 追我:~r	侯: / 人民币:~m / 假释:~o / 追我:~r / 假条:~s / 似乎:~u
moc_wubi86_simp	wow	拿糖作醋:~s / 伙伴:~u / 伙食:~y / 谷类作物:~t	谷类作物:~t / 伙伴:~u / 伙食:~y
moc_wubi86_simp	woy	伙: / 伙计:~f / 企业主:~g / 伙房:~n / 傅粉施朱:~r / 企业文化:~w	伙: / 伙计:~f / 企业主:~g / 伙房:~n / 企业文化:~w
moc_wubi86_simp	wpk	伫足:~h / 侦察员:~m	侦察员:~m
moc_wubi86_simp	wps	傧相:~h / 全军覆没:~i / 侦察机:~m / 住宅楼:~o	全军覆没:~i / 侦察机:~m / 住宅楼:~o
moc_wubi86_simp	wpw	倥: / 伫候:~h / 倥侗:~m / 仿宋体:~s / 全家人:~w	倥: / 仿宋体:~s / 全家人:~w
moc_wubi86_simp	wpy	伫望:~n / 化害为利:~t / 从容就义:~y	化害为利:~t / 从容就义:~y
moc_wubi86_simp	wqb	爷: / 父子:~b / 仰:~h / 低限:~v / 低阶:~w / 斧子:~b	爷: / 父子:~b / 仰:~h / 低限:~v / 低阶:~w / 斧子:~b
moc_wubi86_simp	wqr	斧: / 你看:~h / 你的:~q / 仰拍:~r / 人多势众:~w / 父执:~v	斧: / 你看:~h / 你的:~q / 仰拍:~r / 人多势众:~w / 偬:~n
moc_wubi86_simp	wqy	低度:~a / 低语:~g / 低调:~m / 侈谈:~o / 侈靡:~s / 像话:~t	低度:~a / 低语:~g / 低调:~m / 侈谈:~o / 像话:~t / 低廉:~u
moc_wubi86_simp	wrd	倒持泰阿:~b / 八抬大轿:~l / 伊拉克:~q / 欲擒故纵:~x / 食指大动:~f	食指大动:~f / 八抬大轿:~l / 伊拉克:~q / 欲擒故纵:~x
moc_wubi86_simp	wsn	体惜:~a / 体悟:~g / 何惧:~h / 体己:~n / 何必:~t / 何以:~y	体悟:~g / 何惧:~h / 何必:~t / 何以:~y / 体恤:~t
moc_wubi86_simp	wss	傈: / 何极:~e / 休想:~h / 候机楼:~o / 体格:~t / 体校:~u	傈: / 休想:~h / 候机楼:~o / 体格:~t / 体校:~u / 体检:~w
moc_wubi86_simp	wsv	何如:~k / 剑树刀山:~m / 何妨:~y	何如:~k / 何妨:~y
moc_wubi86_simp	wsw	位极人臣:~a / 体会:~f / 体例:~g / 休假:~n / 像模像样:~s / 体位:~u	位极人臣:~a / 体会:~f / 体例:~g / 休假:~n / 像模像样:~s / 体位:~u
moc_wubi86_simp	wtx	侮: / 途经:~c / 优先级:~e / 斜线:~g / 八强:~k / 侨乡:~t	侮: / 途经:~c / 优先级:~e / 斜线:~g / 八强:~k / 侨乡:~t
moc_wubi86_simp	wuf	伴: / 佯动:~c / 坐北朝南:~f / 倚门卖笑:~t / 倍增:~u / 位元:~q	伴: / 佯动:~c / 坐北朝南:~f / 倍增:~u / 位元:~q
moc_wubi86_simp	wui	倍添:~g / 傍水:~i / 假道学:~p / 伴当:~v / 伴游:~y	倍添:~g / 傍水:~i / 假道学:~p / 伴游:~y
moc_wubi86_simp	wuu	伴着:~d / 佯装:~f / 伴音:~j / 贫病交加:~l / 佛头着粪:~o / 位次:~q	伴着:~d / 佯装:~f / 伴音:~j / 贫病交加:~l / 位次:~q / 贫病交迫:~r
moc_wubi86_simp	wvb	分: / 分子:~b / 分阴:~e / 倾巢出动:~f / 分隔:~g / 仇隙:~i	分: / 分子:~b / 倾巢出动:~f / 分隔:~g / 仇隙:~i / 分出:~m
moc_wubi86_simp	wvj	分晓:~a / 作如是观:~c / 分明:~e / 分量:~g / 盆景:~y / 侵晨:~d	分晓:~a / 作如是观:~c / 分明:~e / 分量:~g / 盆景:~y / 分野:~f
moc_wubi86_simp	wvp	侵: / 侵害:~d / 分家:~e / 贫寒:~f / 贫富:~g / 分之:~p	侵: / 侵害:~d / 分家:~e / 贫寒:~f / 贫富:~g / 伊宁:~s
moc_wubi86_simp	wwm	俗曲:~a / 坐骨:~e / 耸峙:~f / 仆仆风尘:~i / 偏信则暗:~j / 丛山:~m	俗曲:~a / 坐骨:~e / 耸峙:~f / 偏信则暗:~j / 丛山:~m / 人见:~q
moc_wubi86_simp	wxm	货: / 佛典:~a / 华胄:~e / 偕同:~g / 佛山:~m / 华山:~m	货: / 佛典:~a / 偕同:~g / 佛山:~m / 华山:~m
moc_wubi86_simp	wxp	佛家:~e / 人给家足:~k / 父母官:~n / 化之:~p / 佛祖:~y / 华容:~w	佛家:~e / 父母官:~n / 化之:~p / 佛祖:~y / 华容:~w
moc_wubi86_simp	wxy	化育:~c / 化斋:~d / 华裔:~e / 货主:~g / 货店:~h / 化为:~l	化育:~c / 华裔:~e / 货主:~g / 货店:~h / 化为:~l / 倾谈:~o
moc_wubi86_simp	wyc	令: / 翎: / 邻:~b / 人高马大:~d / 欲言又止:~h / 停驶:~k	令: / 翎: / 邻:~b / 人高马大:~d / 欲言又止:~h / 停驶:~k
moc_wubi86_simp	wyt	人弃我取:~b / 领航:~e / 领先:~f / 今生:~g / 信息:~h / 储备:~l	人弃我取:~b / 领航:~e / 领先:~f / 今生:~g / 信息:~h / 储备:~l
moc_wubi86_simp	wyy	雠: / 信度:~a / 偏离:~b / 依序:~c / 食斋:~d / 俯就:~i	雠: / 信度:~a / 偏离:~b / 依序:~c / 集训:~k / 住房:~n
moc_wubi86_simp	xbk	弭患:~k	
moc_wubi86_simp	xce	引颈受戮:~n / 经受:~p / 经脉:~y	经受:~p / 经脉:~y
moc_wubi86_simp	xcw	经合:~g / 经售:~y	经合:~g
moc_wubi86_simp	xdg	缄: / 绑带:~k / 绮丽:~m / 引而不发:~n / 细大不捐:~r	缄: / 绑带:~k / 绮丽:~m / 引而不发:~n
moc_wubi86_simp	xdw	引而伸之:~p / 绑住:~y	绑住:~y
moc_wubi86_simp	xdx	缭绕:~a / 绑缚:~g / 绮绣:~t / 绯红:~a	缭绕:~a / 绑缚:~g / 绯红:~a
moc_wubi86_simp	xdy	顷刻:~n / 绮靡:~s / 毋庸:~v	顷刻:~n / 毋庸:~v
moc_wubi86_simp	xge	缚: / 母乳:~b / 母爱:~p / 母腹:~t / 弱不胜衣:~y	缚: / 母乳:~b / 母爱:~p / 母腹:~t
moc_wubi86_simp	xgp	引玉之砖:~d / 终天之恨:~n	引玉之砖:~d
moc_wubi86_simp	xkl	强固:~d / 绳墨:~f / 强国:~g / 强加:~k / 强力:~t / 绳圈:~u	强固:~d / 强国:~g / 强加:~k / 强力:~t / 绳圈:~u
moc_wubi86_simp	xme	纳彩:~s	
moc_wubi86_simp	xmk	引风吹火:~o	
moc_wubi86_simp	xmn	纶巾羽扇:~y	
moc_wubi86_simp	xnx	纠结:~f / 纪纲:~m / 纽约:~q / 红情绿意:~u / 纠纷:~w / 纠缠:~y	纠结:~f / 纪纲:~m / 纽约:~q / 纠纷:~w / 纠缠:~y
moc_wubi86_simp	xob	缕陈:~a / 继子:~b / 继承:~d	继子:~b / 继承:~d
moc_wubi86_simp	xos	继配:~g / 缕析:~r / 缕述:~y	继配:~g
moc_wubi86_simp	xqe	弥月:~e / 纸鹞:~r	弥月:~e
moc_wubi86_simp	xss	贯朽粟陈:~b / 红楼梦:~s	红楼梦:~s
moc_wubi86_simp	xtf	纤: / 绗: / 疑云:~c / 乡土:~f / 纴:~g / 纤悉无遗:~k	纤: / 绗: / 疑云:~c / 乡土:~f / 纴:~g / 缵:~m
moc_wubi86_simp	xtp	乡宦:~a / 绣字:~b / 终审:~j / 纤密:~n / 缝补:~u / 疑案:~v	绣字:~b / 终审:~j / 纤密:~n / 缝补:~u / 疑案:~v / 终究:~w
moc_wubi86_simp	xwq	纵然:~d / 给钱:~g / 纪念馆:~n / 纷争:~v / 强作解人:~w	纵然:~d / 给钱:~g / 纪念馆:~n / 纷争:~v
moc_wubi86_simp	xyn	纺: / 编:~a / 编剧:~d / 编导:~f / 纹眉:~h / 统计局:~n	纺: / 编:~a / 编剧:~d / 编导:~f / 纹眉:~h / 统计局:~n
moc_wubi86_simp	yam	席: / 度曲:~a / 谋财:~f / 试岗:~m / 庶几:~t	席: / 谋财:~f / 试岗:~m / 庶几:~t
moc_wubi86_simp	yaq	讴: / 试错:~a / 试销:~i / 谮:~j / 诫勉:~k / 谨饬:~n	讴: / 试错:~a / 试销:~i / 谮:~j / 诫勉:~k / 谋杀:~s
moc_wubi86_simp	ycg	弃于:~f / 序列:~q / 谓予不信:~w	弃于:~f / 序列:~q
moc_wubi86_simp	ycy	高难度:~a / 诵读:~f / 译为:~l / 序论:~w / 译文:~y / 序言:~y	高难度:~a / 诵读:~f / 译为:~l / 序论:~w / 译文:~y / 序言:~y
moc_wubi86_simp	ydt	诚笃:~c / 诚征:~g / 望而生畏:~l / 广而告之:~p	诚征:~g / 望而生畏:~l / 广而告之:~p
moc_wubi86_simp	yec	哀矜:~b	
moc_wubi86_simp	ygh	证: / 妄下雌黄:~a / 谈不上:~h / 主频:~i / 评点:~k / 请战:~k	证: / 谈不上:~h / 主频:~i / 评点:~k / 请战:~k
moc_wubi86_simp	ygj	证明:~e / 主题:~g / 席不暇暖:~j / 主帅:~m / 证照:~v	证明:~e / 主题:~g / 主帅:~m / 证照:~v
moc_wubi86_simp	ygk	语: / 主唱:~j / 变速器:~k / 请听:~r / 应天顺人:~w / 序列号:~g	语: / 主唱:~j / 变速器:~k / 请听:~r / 序列号:~g
moc_wubi86_simp	yhw	让他:~b / 文具盒:~g / 为虎傅翼:~n / 望眼欲穿:~p / 让你:~q / 让位:~u	让他:~b / 文具盒:~g / 望眼欲穿:~p / 让你:~q / 让位:~u / 让人:~w
moc_wubi86_simp	yiu	京: / 就着:~d / 就问:~k / 就将:~q / 就道:~t / 应门:~y	京: / 就着:~d / 就问:~k / 就将:~q / 应门:~y
moc_wubi86_simp	yjr	谒拜:~d / 课后:~g / 弃暗投明:~j / 裹扎:~n	课后:~g / 弃暗投明:~j / 裹扎:~n
moc_wubi86_simp	ykg	误: / 识到:~c / 衰:~e / 襄理:~j / 误事:~k / 谴责:~m	误: / 识到:~c / 衰:~e / 襄理:~j / 误事:~k / 谴责:~m
moc_wubi86_simp	yki	调嘴学舌:~t	
moc_wubi86_simp	ykw	识: / 误会:~f / 误伤:~t / 庸中佼佼:~w / 识货:~x / 训令:~y	识: / 误会:~f / 误伤:~t / 识货:~x / 训令:~y
moc_wubi86_simp	ylc	高车驷马:~c / 为难:~w	为难:~w
moc_wubi86_simp	yld	库存:~h / 为非:~j / 库克:~q / 禀奏:~w	库存:~h / 为非:~j / 库克:~q
moc_wubi86_simp	ylh	为止:~h / 为盼:~w / 为此:~x	为止:~h / 为此:~x
moc_wubi86_simp	ylj	为最:~b / 禀明:~e / 为时:~f / 为题:~g / 弃甲曳兵:~r / 为鉴:~t	为最:~b / 禀明:~e / 为时:~f / 为题:~g / 为鉴:~t
moc_wubi86_simp	ylm	禀赋:~g / 为由:~h / 摩加迪沙:~i / 库内:~w / 禀见:~q	禀赋:~g / 为由:~h / 摩加迪沙:~i / 库内:~w
moc_wubi86_simp	ylq	衣架饭囊:~g / 为乐:~i / 为名:~k / 忘恩负义:~y	为乐:~i / 为名:~k / 忘恩负义:~y
moc_wubi86_simp	ymr	调摄:~b / 高抬:~c / 这几年:~h / 高挑:~i / 望风捕影:~j / 调制:~m	调摄:~b / 高抬:~c / 这几年:~h / 高挑:~i / 调制:~m / 调拨:~n
moc_wubi86_simp	ymw	讷: / 高估:~d / 市值:~f / 高傲:~g / 高企:~h / 文山会海:~i	讷: / 高估:~d / 市值:~f / 高傲:~g / 高企:~h / 文山会海:~i
moc_wubi86_simp	ynb	邙: / 房子:~b / 赢取:~c / 忘了:~n / 为民除害:~p / 户限:~v	邙: / 房子:~b / 赢取:~c / 忘了:~n / 为民除害:~p / 废除:~w
moc_wubi86_simp	yng	诩: / 户型:~a / 望到:~c / 毫发不爽:~d / 词表:~e / 赢球:~f	诩: / 户型:~a / 望到:~c / 毫发不爽:~d / 词表:~e / 赢球:~f
moc_wubi86_simp	ynu	戽: / 肩头:~d / 房前:~e / 豪情壮志:~f / 房间:~j / 肇端:~m	戽: / 肩头:~d / 房前:~e / 豪情壮志:~f / 房间:~j / 永新:~s
moc_wubi86_simp	yot	变迁:~f / 孪生:~g / 亦算:~h / 变得:~j / 变种:~k / 变身:~m	变迁:~f / 孪生:~g / 变得:~j / 变种:~k / 变身:~m / 弯管:~p
moc_wubi86_simp	ypf	这款:~f / 豪雨:~g / 毫无:~q / 言之无文:~y / 言之无物:~t / 熟视无睹:~h	这款:~f / 豪雨:~g / 毫无:~q / 熟视无睹:~h / 言之无物:~t
moc_wubi86_simp	ypj	高官显爵:~e / 这里:~f / 这是:~g / 这时:~f	这里:~f / 这是:~g / 这时:~f
moc_wubi86_simp	yqd	诡: / 言犹在耳:~b / 诤友:~c / 试金石:~g / 底面:~m / 废然而返:~r	诡: / 言犹在耳:~b / 试金石:~g / 底面:~m / 庞然大物:~t / 变色龙:~x
moc_wubi86_simp	yqn	庖: / 诡异:~a / 诡怪:~c / 底层:~f / 言多必失:~r / 永久性:~t	庖: / 诡异:~a / 底层:~f / 言多必失:~r / 永久性:~t / 义愤:~f
moc_wubi86_simp	yqp	谗害:~d / 义冢:~e / 义赛:~f / 义军:~l / 方外之人:~w / 言外之意:~u	谗害:~d / 义冢:~e / 义赛:~f / 义军:~l / 言外之意:~u
moc_wubi86_simp	yqu	良金美玉:~g / 询问:~k / 底端:~m / 义弟:~x / 诡辩:~y / 底部:~k	话外音:~j / 询问:~k / 底端:~m / 义弟:~x / 诡辩:~y / 底部:~k
moc_wubi86_simp	yqw	底仓:~b / 谗佞:~f / 义父:~q / 底价:~w / 底货:~x	底仓:~b / 义父:~q / 底价:~w / 底货:~x
moc_wubi86_simp	yrn	广播剧:~d / 哀兵必胜:~e / 亵慢:~j / 诛戮:~w / 诛心:~y	广播剧:~d / 哀兵必胜:~e / 诛戮:~w / 诛心:~y
moc_wubi86_simp	yrx	言近旨远:~f	
moc_wubi86_simp	ysg	摩天:~d / 调查表:~e / 恋栈不去:~f / 麾下:~h / 麻豆:~k / 靡丽:~m	摩天:~d / 调查表:~e / 麾下:~h / 麻豆:~k / 靡丽:~m / 磨灭:~o
moc_wubi86_simp	ytb	施: / 旗子:~b / 诈取:~c / 州际:~f / 放出:~m / 庭院:~p	施: / 旗子:~b / 诈取:~c / 州际:~f / 放出:~m / 庭院:~p
moc_wubi86_simp	ytg	旆: / 放开:~a / 放到:~c / 放下:~h / 放还:~i / 施与:~n	旆: / 放开:~a / 放到:~c / 放下:~h / 放还:~i / 施与:~n
moc_wubi86_simp	ytj	施暴:~a / 旋紧:~c / 州里:~f / 话题:~g / 度德量力:~l / 放映:~m	施暴:~a / 旋紧:~c / 州里:~f / 话题:~g / 放映:~m / 放电:~n
moc_wubi86_simp	ytm	谢: / 放赈:~d / 旗帜:~h / 旋风:~q / 谈笑风生:~t / 放风:~q	谢: / 旗帜:~h / 旋风:~q / 谈笑风生:~t / 放风:~q / 旃:~y
moc_wubi86_simp	ytn	旋: / 施展:~a / 话剧:~d / 诱导:~f / 放慢:~j / 旋翼:~l	旋: / 施展:~a / 话剧:~d / 诱导:~f / 放慢:~j / 旋翼:~l
moc_wubi86_simp	yud	详: / 高头大马:~c / 敲门砖:~f / 庠:~k / 遮羞布:~m / 说成:~n	详: / 高头大马:~c / 敲门砖:~f / 庠:~k / 遮羞布:~m / 说成:~n
moc_wubi86_simp	yup	谤: / 计将安出:~b / 说完:~f / 谱写:~g / 谛:~h / 记问之学:~i	谤: / 计将安出:~b / 说完:~f / 谱写:~g / 谛:~h / 详审:~j
moc_wubi86_simp	yur	论资排辈:~d / 望门投止:~h / 摩拳擦掌:~i / 说白:~r / 谦卑:~t	论资排辈:~d / 摩拳擦掌:~i / 说白:~r / 谦卑:~t
moc_wubi86_simp	yux	谙练:~a / 详细:~l / 说给:~w	详细:~l / 说给:~w
moc_wubi86_simp	yvm	庚帖:~h / 唐山:~m	唐山:~m
moc_wubi86_simp	yvu	良善:~d / 唐装:~f / 文君新寡:~p / 良将:~q	良善:~d / 唐装:~f / 良将:~q
moc_wubi86_simp	ywc	讼: / 为丛驱雀:~i / 论难:~w	讼: / 论难:~w
moc_wubi86_simp	ywg	诠: / 谁不:~i / 论理:~j / 衣食不周:~m / 高人一等:~t / 文件夹:~u	诠: / 谁不:~i / 论理:~j / 高人一等:~t / 文件夹:~u / 讨价还价:~w
moc_wubi86_simp	yxa	熟练工:~a / 庇荫:~b / 变幻莫测:~i / 壅蔽:~u	熟练工:~a / 庇荫:~b / 变幻莫测:~i
moc_wubi86_simp	yxq	率然:~d / 率尔:~i	
moc_wubi86_simp	yyk	文号:~g / 文中:~h / 磨磨蹭蹭:~k / 议员:~m / 文史:~q / 肩摩踵接:~r	文号:~g / 文中:~h / 磨磨蹭蹭:~k / 议员:~m / 文史:~q / 言喻:~w
moc_wubi86_simp	yyy	言: / 广度:~a / 广袤:~c / 言语:~g / 方剂:~j / 妄言妄听:~k	言: / 广度:~a / 广袤:~c / 言语:~g / 方剂:~j / 广为:~l
moc_wubi86_simp_plus	a	工: / 戈: / 式:~a / 节:~b / 芭:~c / 基:~d	工: / 戈: / 式:~a / 节:~b / 芭:~c / 基:~d
moc_wubi86_simp_plus	aa	式: / 戒: / AA: / 工:~a / 葚:~d / 苷:~f	式: / 戒: / AA: / 工:~a / 葚:~d / 苷:~f
moc_wubi86_simp_plus	ad	基: / 莽:~a / 戎:~e / 苦:~f / 葳:~g / 荐:~h	基: / 莽:~a / 戎:~e / 苦:~f / 葳:~g / 荐:~h
moc_wubi86_simp_plus	ae	菜: / 艿:~b / 藐:~e / 苴:~g / 散:~t / 藤:~u	菜: / 艿:~b / 藐:~e / 苴:~g / 散:~t / 藤:~u
moc_wubi86_simp_plus	af	革: / 鞯:~a / 邯:~b / 靶:~c / 甘:~d / 鞲:~f	革: / 鞯:~a / 邯:~b / 靶:~c / 甘:~d / 鞲:~f
moc_wubi86_simp_plus	ag	七: / 荆:~a / 匡:~d / 莆:~e / 芋:~f / 廿:~h	七: / 荆:~a / 匡:~d / 莆:~e / 芋:~f / 廿:~h
moc_wubi86_simp_plus	ah	牙: / 蘧:~a / 芷:~f / 菽:~i / 苫:~k / 臣:~n	牙: / 蘧:~a / 芷:~f / 菽:~i / 苫:~k / 臣:~n
moc_wubi86_simp_plus	ai	东: / AI: / 范:~b / 菹:~e / 薄:~g / 菠:~h	东: / AI: / 范:~b / 菹:~e / 薄:~g / 菠:~h
moc_wubi86_simp_plus	aj	划: / 蕞:~b / 莫:~d / 萌:~e / 昔:~f / 草:~j	划: / 蕞:~b / 莫:~d / 萌:~e / 昔:~f / 草:~j
moc_wubi86_simp_plus	ak	或: / 惑: / AK: / 葺:~b / 叵:~d / 匮:~h	或: / 惑: / AK: / 葺:~b / 叵:~d / 匮:~h
moc_wubi86_simp_plus	am	贡: / am: / 芟:~c / 英:~d / 苒:~f / 茼:~g	贡: / am: / 芟:~c / 英:~d / 苒:~f / 茼:~g
moc_wubi86_simp_plus	an	世: / 艺:~b / 巨:~d / 蔚:~f / 蔬:~h / 忒:~i	世: / 艺:~b / 巨:~d / 蔚:~f / 蔬:~h / 忒:~i
moc_wubi86_simp_plus	ap	芝: / 营: / 菪:~d / 蒙:~g / 荥:~i / 萤:~j	芝: / 营: / 菪:~d / 蒙:~g / 荥:~i / 萤:~j
moc_wubi86_simp_plus	aq	区: / 获: / 芪:~a / 苑:~b / 葡:~g / 荀:~j	区: / 获: / 芪:~a / 苑:~b / 葡:~g / 荀:~j
moc_wubi86_simp_plus	ar	匠: / 芹: / 葩:~c / 茱:~i / arc:~c / are:~e	匠: / 芹: / 葩:~c / 茱:~i / arc:~c / are:~e
moc_wubi86_simp_plus	as	苛: / 蘸: / as: / 茜:~f / 苯:~g / 蕈:~j	苛: / 蘸: / as: / 茜:~f / 苯:~g / 蕈:~j
moc_wubi86_simp_plus	au	燕: / 蒋: / 蒴:~b / 莘:~j / 菩:~k / 蔽:~m	燕: / 蒋: / 蒴:~b / 莘:~j / 菩:~k / 蔽:~m
moc_wubi86_simp_plus	av	切: / 萧: / AV: / Adult Video: / 艽:~b / 菇:~d	切: / 萧: / AV: / Adult Video: / 艽:~b / 菇:~d
moc_wubi86_simp_plus	aw	共: / 花: / 苍:~b / 蓊:~c / 茯:~d / 蔡:~f	共: / 花: / 苍:~b / 蓊:~c / 茯:~d / 蔡:~f
moc_wubi86_simp_plus	ay	芳: / 荒: / 蔗:~a / 苄:~h / 蔼:~j / 蓑:~k	芳: / 荒: / 蔗:~a / 苄:~h / 蔼:~j / 蓑:~k
moc_wubi86_simp_plus	b	了: / 子: / 陈:~a / 取:~c / 承:~d / 阴:~e	了: / 子: / 陈:~a / 取:~c / 承:~d / 阴:~e
moc_wubi86_simp_plus	ba	陈: / bag:~g / bad:~d / ban:~n / bar:~r / bat:~t	陈: / bag:~g / bad:~d / ban:~n / bar:~r / bat:~t
moc_wubi86_simp_plus	bd	承: / 隋:~a / 随:~e / 陌:~j / 陇:~x / 随葬:~ag	承: / 隋:~a / 随:~e / 陌:~j / 陇:~x / 随葬:~ag
moc_wubi86_simp_plus	be	阴: / be: / bee:~e / bed:~d / ben:~n / bet:~t	阴: / be: / bee:~e / bed:~d / ben:~n / bet:~t
moc_wubi86_simp_plus	bf	际: / 孺:~d / 陡:~h / 阱:~j / 陆:~m / 阮:~q	际: / 孺:~d / 陡:~h / 阱:~j / 陆:~m / 阮:~q
moc_wubi86_simp_plus	bg	卫: / 耳:~h / 隔:~k / 陋:~m / 陕:~u / BGM:~m	卫: / 耳:~h / 隔:~k / 陋:~m / 陕:~u / BGM:~m
moc_wubi86_simp_plus	bj	阳: / 隅:~m / 隰:~x / 阿里斯顿:~ag / 阳世:~an / 除虫菊酯:~as	阳: / 隅:~m / 隰:~x / 阿里斯顿:~ag / 阳世:~an / 除虫菊酯:~as
moc_wubi86_simp_plus	bk	职: / 亟:~c / 聩:~h / 陨:~m / 职工:~aa / 降噪功能:~ac	职: / 亟:~c / 聩:~h / 陨:~m / 职工:~aa / 降噪功能:~ac
moc_wubi86_simp_plus	bl	阵: / 孟:~f / 勐:~l / 阵式:~aa / 阵营:~ap / 孟子:~bb	阵: / 孟:~f / 勐:~l / 阵式:~aa / 阵营:~ap / 孟子:~bb
moc_wubi86_simp_plus	bn	也: / 了:~h / 孔:~n / 附属医院:~ab / 阿司匹林:~as / 孔子:~bb	也: / 了:~h / 孔:~n / 附属医院:~ab / 阿司匹林:~as / 孔子:~bb
moc_wubi86_simp_plus	bo	耿: / boy:~y / bow:~w / box:~x / Bob:~b / 耿耿:~bo	耿: / boy:~y / bow:~w / box:~x / Bob:~b / 耿耿:~bo
moc_wubi86_simp_plus	br	孤: / 阪: / 隍:~g / 隗:~q / bra:~a / 孤苦:~ad	孤: / 阪: / 隍:~g / 隗:~q / bra:~a / 孤苦:~ad
moc_wubi86_simp_plus	bs	阿: / BSD:~d / Berkeley Software Distribution:~d / 阿萨:~ab / 阿斯:~ad / 阿甘:~af	阿: / BSD:~d / Berkeley Software Distribution:~d / 阿萨:~ab / 阿斯:~ad / 阿甘:~af
moc_wubi86_simp_plus	bt	降: / 隆: / BT: / 聒:~d / 阡:~f / 孜:~y	降: / 隆: / BT: / 聒:~d / 阡:~f / 孜:~y
moc_wubi86_simp_plus	bu	联: / 陪: / 隧:~e / B站:~h / 障:~j / bug:~g	联: / 陪: / 隧:~e / B站:~h / 障:~j / bug:~g
moc_wubi86_simp_plus	bw	队: / 除: / 附:~f / 险:~g / 阶:~j / 险工:~aa	队: / 除: / 附:~f / 险:~g / 阶:~j / 险工:~aa
moc_wubi86_simp_plus	by	防: / 孩: / by: / 孓:~i / 陔:~n / 防范:~ai	防: / 孩: / by: / 孓:~i / 陔:~n / 防范:~ai
moc_wubi86_simp_plus	c	以: / 又: / 戏:~a / 邓:~b / 双:~c / 参:~d	以: / 又: / 戏:~a / 邓:~b / 双:~c / 参:~d
moc_wubi86_simp_plus	ca	戏: / 颈:~d / 弁:~j / 劲:~l / 驱:~q / cab:~b	戏: / 颈:~d / 弁:~j / 劲:~l / 驱:~q / cab:~b
moc_wubi86_simp_plus	cb	邓: / 骤:~c / 预:~d / 予:~j / 驰:~n / 豫:~q	邓: / 骤:~c / 预:~d / 予:~j / 驰:~n / 豫:~q
moc_wubi86_simp_plus	cc	双: / 又:~c / 骖:~d / 驿:~f / 骀:~k / 骏:~w	双: / 又:~c / 骖:~d / 驿:~f / 骀:~k / 骏:~w
moc_wubi86_simp_plus	cd	参: / CD: / 叁:~d / 畚:~l / 骑:~s / 驮:~y	参: / CD: / 叁:~d / 畚:~l / 骑:~s / 驮:~y
moc_wubi86_simp_plus	ce	能: / 甬:~j / 勇:~l / 恿:~n / 通:~p / CEF:~f	能: / 甬:~j / 勇:~l / 恿:~n / 通:~p / CEF:~f
moc_wubi86_simp_plus	ck	台: / 邰:~b / 驯:~h / 怠:~n / 炱:~o / 迨:~p	台: / 邰:~b / 驯:~h / 怠:~n / 炱:~o / 迨:~p
moc_wubi86_simp_plus	cl	劝: / 驷:~g / 骡:~x / CLI:~i / Command-Line Interface:~i / 参加劳动:~af	劝: / 驷:~g / 骡:~x / CLI:~i / Command-Line Interface:~i / 参加劳动:~af
moc_wubi86_simp_plus	cm	观: / 骋:~g / cmd:~d / CMS:~s / 观其:~ad / 骗财骗色:~cq	观: / 骋:~g / cmd:~d / CMS:~s / 观其:~ad / 骗财骗色:~cq
moc_wubi86_simp_plus	cr	牟: / cry:~y / 欢欣若狂:~aq / 双氯芬酸:~as / 牟取:~bc / 能打出来:~bg	牟: / cry:~y / 欢欣若狂:~aq / 双氯芬酸:~as / 牟取:~bc / 能打出来:~bg
moc_wubi86_simp_plus	cs	骠: / CS: / Counter-Strike: / CSS:~s / Cascading Style Sheets:~s / 台柱子:~bb	骠: / CS: / Counter-Strike: / CSS:~s / Cascading Style Sheets:~s / 台柱子:~bb
moc_wubi86_simp_plus	cu	骈: / 骥:~x / cup:~p / cut:~t / cum:~m / 观音菩萨:~aa	骈: / 骥:~x / cup:~p / cut:~t / cum:~m / 观音菩萨:~aa
moc_wubi86_simp_plus	cw	难: / 驸:~f / 验:~g / 逡:~t / 骅:~x / 骓:~y	难: / 驸:~f / 验:~g / 逡:~t / 骅:~x / 骓:~y
moc_wubi86_simp_plus	d	在: / 石: / 左:~a / 顾:~b / 友:~c / 大:~d	在: / 石: / 左:~a / 顾:~b / 友:~c / 大:~d
moc_wubi86_simp_plus	da	左: / 礴:~i / 厝:~j / 碟:~n / 奁:~q / 硗:~t	左: / 礴:~i / 厝:~j / 碟:~n / 奁:~q / 硗:~t
moc_wubi86_simp_plus	dc	友: / 碜:~d / 码:~g / 雄:~w / 万圣节:~ab / 雄黄:~am	友: / 碜:~d / 码:~g / 雄:~w / 万圣节:~ab / 雄黄:~am
moc_wubi86_simp_plus	dd	大: / 磊:~d / 碱:~g / 厦:~h / 厌:~i / 硕:~m	大: / 磊:~d / 碱:~g / 厦:~h / 厌:~i / 硕:~m
moc_wubi86_simp_plus	de	胡: / 郁:~b / 硼:~e / 有:~f / 髭:~h / 鬟:~l	胡: / 郁:~b / 硼:~e / 有:~f / 髭:~h / 鬟:~l
moc_wubi86_simp_plus	df	夺: / 奔:~a / 磕:~c / 辰:~e / 硅:~f / 矸:~h	夺: / 奔:~a / 磕:~c / 辰:~e / 硅:~f / 矸:~h
moc_wubi86_simp_plus	dg	三: / 研:~a / 砘:~b / 古:~h / 硬:~j / 咸:~k	三: / 研:~a / 砘:~b / 古:~h / 硬:~j / 咸:~k
moc_wubi86_simp_plus	dh	丰: / 戛:~a / 存:~b / 破:~c / 慧:~d / 在:~f	丰: / 戛:~a / 存:~b / 破:~c / 慧:~d / 在:~f
moc_wubi86_simp_plus	di	砂: / 耙:~c / 耨:~d / 硝:~e / 耕:~f / 耒:~i	砂: / 耙:~c / 耨:~d / 硝:~e / 耕:~f / 耒:~i
moc_wubi86_simp_plus	dj	百: / DJ: / 厚:~b / 非:~d / 碍:~g / 砷:~h	百: / DJ: / 厚:~b / 非:~d / 碍:~g / 砷:~h
moc_wubi86_simp_plus	dl	历: / 夯:~b / 奋:~f / 砗:~h / 厍:~k / DLC:~c	历: / 夯:~b / 奋:~f / 砗:~h / 厍:~k / DLC:~c
moc_wubi86_simp_plus	dm	面: / 碘:~a / 碳:~d / 碉:~f / 硐:~g / 布:~h	面: / 碘:~a / 碳:~d / 碉:~f / 硐:~g / 布:~h
moc_wubi86_simp_plus	dn	成: / 碾:~a / 臧:~d / 趸:~k / 劢:~l / 迈:~p	成: / 碾:~a / 臧:~d / 趸:~k / 劢:~l / 迈:~p
moc_wubi86_simp_plus	do	灰: / do: / 盔:~l / 磷:~q / DoQ:~q / DNS over QUIC:~q	灰: / do: / 盔:~l / 磷:~q / DoQ:~q / DNS over QUIC:~q
moc_wubi86_simp_plus	dp	达: / 碗:~q / 牵:~r / 砣:~x / DPI:~i / 达斯:~ad	达: / 碗:~q / 牵:~r / 砣:~x / DPI:~i / 达斯:~ad
moc_wubi86_simp_plus	dq	克: / 兢:~d / 确:~e / 砾:~i / 爽:~q / 砍:~w	克: / 兢:~d / 确:~e / 砾:~i / 爽:~q / 砍:~w
moc_wubi86_simp_plus	dr	原: / 斫:~h / 碑:~t / dry:~y / 砍瓜切菜:~aa / 达拉斯:~ad	原: / 斫:~h / 碑:~t / dry:~y / 砍瓜切菜:~aa / 达拉斯:~ad
moc_wubi86_simp_plus	ds	厅: / 硒:~g / 厢:~h / 碴:~j / 大概其:~ad / 奇巧:~ag	厅: / 硒:~g / 厢:~h / 碴:~j / 大概其:~ad / 奇巧:~ag
moc_wubi86_simp_plus	dt	帮: / 邦:~b / 寿:~f / 砟:~h / 硌:~k / 硇:~l	帮: / 邦:~b / 寿:~f / 砟:~h / 硌:~k / 硇:~l
moc_wubi86_simp_plus	du	磁: / 磙:~c / 磋:~d / 辜:~j / 碚:~k / 碰:~o	磁: / 磙:~c / 磋:~d / 辜:~j / 碚:~k / 碰:~o
moc_wubi86_simp_plus	dv	肆: / 厩:~c / 碌:~i / DVD:~d / 非君莫属:~an / 有好东西:~as	肆: / 厩:~c / 碌:~i / DVD:~d / 非君莫属:~an / 有好东西:~as
moc_wubi86_simp_plus	dw	春: / 砼:~a / 奉:~f / 奏:~g / 仄:~i / 秦:~t	春: / 砼:~a / 奉:~f / 奏:~g / 仄:~i / 秦:~t
moc_wubi86_simp_plus	dy	太: / 礅:~b / 硫:~c / 丈:~i / 态:~n / 矿:~t	太: / 礅:~b / 硫:~c / 丈:~i / 态:~n / 矿:~t
moc_wubi86_simp_plus	e	有: / 月: / 肛:~a / 服:~b / 肥:~c / 须:~d	有: / 月: / 肛:~a / 服:~b / 肥:~c / 须:~d
moc_wubi86_simp_plus	ea	肛: / 腻:~f / 胨:~i / 腊:~j / 朦:~p / ear:~r	肛: / 腻:~f / 胨:~i / 腊:~j / 朦:~p / ear:~r
moc_wubi86_simp_plus	ed	须: / 腌: / 肱:~c / 胯:~f / 腠:~w / 胧:~x	须: / 腌: / 肱:~c / 胯:~f / 腠:~w / 胧:~x
moc_wubi86_simp_plus	ee	朋: / 貌: / 貘:~a / 脬:~b / 貊:~d / 月:~e	朋: / 貌: / 貘:~a / 脬:~b / 貊:~d / 月:~e
moc_wubi86_simp_plus	ef	肝: / 肢:~c / 肚:~g / 肼:~j / 膨:~k / 腩:~m	肝: / 肢:~c / 肚:~g / 肼:~j / 膨:~k / 腩:~m
moc_wubi86_simp_plus	ei	膛: / 胱:~q / 尕:~u / 脱水蔬菜:~aa / 逐渐散去:~af / 逐渐陷入:~bt	膛: / 胱:~q / 尕:~u / 脱水蔬菜:~aa / 逐渐散去:~af / 逐渐陷入:~bt
moc_wubi86_simp_plus	el	肋: / 胭:~d / 胛:~h / 爵:~v / 胁:~w / 爱因斯坦:~af	肋: / 胭:~d / 胛:~h / 爵:~v / 胁:~w / 爱因斯坦:~af
moc_wubi86_simp_plus	em	肌: / 腆:~a / 股:~c / 胴:~g / 觅:~q / EMS:~s	肌: / 腆:~a / 股:~c / 胴:~g / 觅:~q / EMS:~s
moc_wubi86_simp_plus	en	甩: / 脲:~i / 肠:~r / end:~d / 腓尼基人:~aw / 肠子:~bb	甩: / 脲:~i / 肠:~r / end:~d / 腓尼基人:~aw / 肠子:~bb
moc_wubi86_simp_plus	ep	爱: / 受:~c / 脓:~e / 脘:~f / 腚:~g / 逐:~i	爱: / 受:~c / 脓:~e / 脘:~f / 腚:~g / 逐:~i
moc_wubi86_simp_plus	eq	胸: / 胝:~a / 脆:~d / 朐:~k / 胞:~n / 脆薄:~ai	胸: / 胝:~a / 脆:~d / 朐:~k / 胞:~n / 脆薄:~ai
moc_wubi86_simp_plus	et	用: / 胀:~a / 胜:~g / 胙:~h / 腹:~j / 胳:~k	用: / 胀:~a / 胜:~g / 胙:~h / 腹:~j / 胳:~k
moc_wubi86_simp_plus	eu	胶: / 胼:~a / 腾:~d / 胖:~f / 臆:~j / 脱:~k	胶: / 胼:~a / 腾:~d / 胖:~f / 臆:~j / 脱:~k
moc_wubi86_simp_plus	ev	妥: / 腿:~e / 腴:~w / 舀:~f / eve:~e / 腱鞘:~af	妥: / 腿:~e / 腴:~w / 舀:~f / eve:~e / 腱鞘:~af
moc_wubi86_simp_plus	ew	脸: / 胗:~e / 脍:~f / 脸子:~bb / 脸孔:~bn / 胜任能力:~cl	脸: / 胗:~e / 脍:~f / 脸子:~bb / 脸孔:~bn / 胜任能力:~cl
moc_wubi86_simp_plus	ey	及: / 脑:~b / 脏:~f / 脐:~j / 膻:~l / 肮:~m	及: / 脑:~b / 脏:~f / 脐:~j / 膻:~l / 肮:~m
moc_wubi86_simp_plus	f	地: / 土: / 载:~a / 支:~c / 城:~d / 圾:~e	地: / 土: / 载:~a / 支:~c / 城:~d / 圾:~e
moc_wubi86_simp_plus	fa	载: / 堪:~d / 霰:~e / 霸:~f / 卉:~j / 哉:~k	载: / 堪:~d / 霰:~e / 霸:~f / 卉:~j / 哉:~k
moc_wubi86_simp_plus	fb	地: / 邗:~h / FBI:~i / Federal Bureau of Investigation:~i / 教职工:~aa / 土耳其:~ad	地: / 邗:~h / FBI:~i / Federal Bureau of Investigation:~i / 教职工:~aa / 土耳其:~ad
moc_wubi86_simp_plus	fc	支: / 却:~b / 动:~l / 翅:~n / 运:~p / 魂:~r	支: / 却:~b / 动:~l / 翅:~n / 运:~p / 魂:~r
moc_wubi86_simp_plus	fd	城: / 震:~f / 埯:~j / 需:~m / 塬:~r / FDA:~a	城: / 震:~f / 埯:~j / 需:~m / 塬:~r / FDA:~a
moc_wubi86_simp_plus	ff	寺: / 坛:~c / 圭:~f / 填:~h / 款:~i / 圬:~n	寺: / 坛:~c / 圭:~f / 填:~h / 款:~i / 圬:~n
moc_wubi86_simp_plus	fg	二: / 垤:~c / 博:~e / 圩:~f / 十:~h / 坏:~i	二: / 垤:~c / 博:~e / 圩:~f / 十:~h / 坏:~i
moc_wubi86_simp_plus	fh	直: / 越:~a / 趣:~b / 坡:~c / 趄:~e / 址:~g	直: / 越:~a / 趣:~b / 坡:~c / 趄:~e / 址:~g
moc_wubi86_simp_plus	fi	示: / 霄:~e / 霈:~g / 未:~i / 嫠:~t / 求:~y	示: / 霄:~e / 霈:~g / 未:~i / 嫠:~t / 求:~y
moc_wubi86_simp_plus	fj	进: / 戟:~a / 朝:~e / 埋:~f / 坦:~g / 刊:~h	进: / 戟:~a / 朝:~e / 埋:~f / 坦:~g / 刊:~h
moc_wubi86_simp_plus	fk	吉: / 颉:~d / 袁:~e / 埕:~g / 圳:~h / 酃:~k	吉: / 颉:~d / 袁:~e / 埕:~g / 圳:~h / 酃:~k
moc_wubi86_simp_plus	fl	协: / 雷:~f / 塄:~y / fly:~y / flu:~u / 填鸭式:~aa	协: / 雷:~f / 塄:~y / fly:~y / flu:~u / 填鸭式:~aa
moc_wubi86_simp_plus	fm	南: / 垌:~g / 击:~k / 垛:~s / 坝:~y / 击节:~ab	南: / 垌:~g / 击:~k / 垛:~s / 坝:~y / 击节:~ab
moc_wubi86_simp_plus	fn	志: / Fn: / 韦:~h / 墀:~i / 霹:~k / 馨:~m	志: / Fn: / 韦:~h / 霹:~k / 馨:~m / 圯:~n
moc_wubi86_simp_plus	fp	过: / 勃:~b / 垸:~f / 壹:~g / 毂:~l / 壳:~m	过: / 勃:~b / 垸:~f / 壹:~g / 毂:~l / 壳:~m
moc_wubi86_simp_plus	fq	无: / 坻:~a / 元:~b / 顽:~d / 堍:~k / 雹:~n	无: / 坻:~a / 元:~b / 顽:~d / 堍:~k / 雹:~n
moc_wubi86_simp_plus	fr	垢: / 坂:~c / 圻:~h / 埤:~t / 坼:~y / Friday:~i	垢: / 坂:~c / 圻:~h / 埤:~t / 坼:~y / Friday:~i
moc_wubi86_simp_plus	fs	霜: / 堙:~f / 坷:~k / 霖:~s / 霜期:~ad / 赤橙黄绿青蓝紫:~ah	霜: / 堙:~f / 坷:~k / 霖:~s / 霜期:~ad / 赤橙黄绿青蓝紫:~ah
moc_wubi86_simp_plus	ft	才: / 孝:~b / 霆:~f / 考:~g / 者:~j / 雾:~l	才: / 孝:~b / 霆:~f / 考:~g / 者:~j / 雾:~l
moc_wubi86_simp_plus	fu	增: / 丧:~e / 幸:~f / 垃:~g / 境:~j / 培:~k	增: / 丧:~e / 幸:~f / 垃:~g / 境:~j / 培:~k
moc_wubi86_simp_plus	fw	夫: / 替:~f / 规:~m / 埠:~n / 赍:~w / 堆:~y	夫: / 替:~f / 规:~m / 埠:~n / 堆:~y / 零工:~aa
moc_wubi86_simp_plus	fx	坳: / 二级医院:~ab / 戴维斯:~ad / 戴维斯杯:~as / 超级划算:~at / 二级菜单:~au	坳: / 二级医院:~ab / 戴维斯:~ad / 戴维斯杯:~as / 超级划算:~at / 二级菜单:~au
moc_wubi86_simp_plus	fy	坟: / 墩:~b / 霁:~j / 壤:~k / 坑:~m / 坊:~n	坟: / 墩:~b / 霁:~j / 壤:~k / 坑:~m / 坊:~n
moc_wubi86_simp_plus	g	一: / 王: / 开:~a / 屯:~b / 到:~c / 天:~d	一: / 王: / 开:~a / 屯:~b / 到:~c / 天:~d
moc_wubi86_simp_plus	ga	开: / 邢:~b / 琪:~d / 形:~e / 武:~h / 弄:~j	开: / 邢:~b / 琪:~d / 形:~e / 武:~h / 弄:~j
moc_wubi86_simp_plus	gb	屯: / 珥:~g / GBA:~a / Game Boy Advance:~a / GBC:~c / Game Boy Color:~c	屯: / 珥:~g / GBA:~a / Game Boy Advance:~a / GBC:~c / Game Boy Color:~c
moc_wubi86_simp_plus	ge	表: / 青:~f / 玥:~g / 甫:~h / 靓:~m / 靛:~p	表: / 青:~f / 玥:~g / 甫:~h / 靓:~m / 靛:~p
moc_wubi86_simp_plus	gf	于: / 珐:~c / 玕:~h / 球:~i / 盂:~l / 玮:~n	于: / 珐:~c / 玕:~h / 球:~i / 盂:~l / 玮:~n
moc_wubi86_simp_plus	gg	五: / 琶:~c / 王:~g / 环:~i / 一:~l / 瑟:~n	五: / 琶:~c / 王:~g / 环:~i / 一:~l / 瑟:~n
moc_wubi86_simp_plus	gh	下: / 琥:~a / 玻:~c / 正:~d / 焉:~g / 玷:~k	下: / 琥:~a / 玻:~c / 正:~d / 焉:~g / 玷:~k
moc_wubi86_simp_plus	gi	不: / 甭:~e / 歪:~g / 否:~k / 琐:~m / 还:~p	不: / 甭:~e / 歪:~g / 否:~k / 琐:~m / 还:~p
moc_wubi86_simp_plus	gj	理: / 亘:~g / 惠:~h / 更:~q / 琨:~x / 理工:~aa	理: / 亘:~g / 惠:~h / 更:~q / 琨:~x / 理工:~aa
moc_wubi86_simp_plus	gl	画: / 盏:~f / 柬:~i / 珈:~k / 琏:~p / 画工:~aa	画: / 盏:~f / 柬:~i / 珈:~k / 琏:~p / 画工:~aa
moc_wubi86_simp_plus	gm	现: / 曹:~a / 瑞:~d / 再:~f / 刺:~i / 珊:~m	现: / 曹:~a / 瑞:~d / 再:~f / 刺:~i / 珊:~m
moc_wubi86_simp_plus	gn	与: / 珉:~a / 琚:~d / 瑕:~h / 瓦:~y / gnu:~u	与: / 珉:~a / 琚:~d / 瑕:~h / 瓦:~y / gnu:~u
moc_wubi86_simp_plus	go	来: / Go: / go: / 严:~d / 亚:~g / 灭:~i	来: / Go: / go: / 严:~d / 亚:~g / 灭:~i
moc_wubi86_simp_plus	gp	琮: / 珲:~l / 琬:~q / 琛:~w / GPS:~s / GPT:~t	琮: / 珲:~l / 琬:~q / 琛:~w / GPS:~s / GPT:~t
moc_wubi86_simp_plus	gq	列: / 殛:~b / 殆:~c / 殂:~e / 殖:~f / 残:~g	列: / 殛:~b / 殆:~c / 殂:~e / 殖:~f / 残:~g
moc_wubi86_simp_plus	gr	珠: / 碧:~d / 珀:~g / 瑰:~q / 青年节:~ab / 更年期:~ad	珠: / 碧:~d / 珀:~g / 瑰:~q / 青年节:~ab / 更年期:~ad
moc_wubi86_simp_plus	gs	末: / 玎:~h / 珂:~k / 琳:~s / 末节:~ab / 末期:~ad	末: / 玎:~h / 珂:~k / 琳:~s / 末节:~ab / 末期:~ad
moc_wubi86_simp_plus	gt	玫: / 珩:~f / 珞:~k / 璁:~l / 麦:~u / GTA:~a	玫: / 珩:~f / 珞:~k / 璁:~l / 麦:~u / GTA:~a
moc_wubi86_simp_plus	gu	平: / 璋:~j / 夹:~w / gun:~n / GUI:~i / Graphical User Interface:~i	平: / 璋:~j / 夹:~w / gun:~n / GUI:~i / Graphical User Interface:~i
moc_wubi86_simp_plus	gv	妻: / 瑙:~t / 天女散花:~aa / 不好惹:~ad / 开垦荒地:~af / 开始匹配:~as	妻: / 瑙:~t / 天女散花:~aa / 不好惹:~ad / 开垦荒地:~af / 开始匹配:~as
moc_wubi86_simp_plus	gw	珍: / 玳:~a / 瑜:~g / 玢:~v / 玲:~y / 珍藏:~ad	珍: / 玳:~a / 瑜:~g / 玢:~v / 玲:~y / 珍藏:~ad
moc_wubi86_simp_plus	gx	互: / 纛:~f / 素:~i / 夷:~w / 素菜:~ae / 素雅:~ah	互: / 纛:~f / 素:~i / 夷:~w / 素菜:~ae / 素雅:~ah
moc_wubi86_simp_plus	gy	玉: / 璃:~b / 琉:~c / 斑:~g / 班:~t / 琅:~v	玉: / 璃:~b / 琉:~c / 斑:~g / 班:~t / 琅:~v
moc_wubi86_simp_plus	h	上: / 目: / 虎:~a / 皮:~c / 睚:~d / 肯:~e	上: / 目: / 虎:~a / 皮:~c / 睚:~d / 肯:~e
moc_wubi86_simp_plus	ha	虎: / 虐:~a / 遽:~e / 眶:~g / 虞:~k / 瞄:~l	虎: / 虐:~a / 遽:~e / 眶:~g / 虞:~k / 瞄:~l
moc_wubi86_simp_plus	he	肯: / he: / 瞬:~p / 睬:~s / her:~r / hey:~y	肯: / he: / 瞬:~p / 睬:~s / her:~r / hey:~y
moc_wubi86_simp_plus	hf	睦: / 歧:~c / 眭:~f / 睹:~t / 肯塔基:~ad / 肯塔基州:~ay	睦: / 歧:~c / 眭:~f / 睹:~t / 肯塔基:~ad / 肯塔基州:~ay
moc_wubi86_simp_plus	hg	睛: / 盹:~b / 盱:~f / 眄:~h / 凸:~m / 睐:~o	睛: / 盹:~b / 盱:~f / 眄:~h / 凸:~m / 睐:~o
moc_wubi86_simp_plus	hh	止: / 上:~g / 卡:~u / 矍:~w / 眦:~x / 卜:~y	止: / 上:~g / 卡:~u / 矍:~w / 眦:~x / 卜:~y
moc_wubi86_simp_plus	hi	步: / hi: / 叔:~c / 频:~d / 瞠:~p / 眺:~q	步: / hi: / 叔:~c / 频:~d / 瞠:~p / 眺:~q
moc_wubi86_simp_plus	hj	旧: / 卓:~j / 桌:~s / 旧式:~aa / 卓著:~af / 旧臣:~ah	旧: / 卓:~j / 桌:~s / 旧式:~aa / 卓著:~af / 旧臣:~ah
moc_wubi86_simp_plus	hk	占: / HK: / Hong Kong: / 战:~a / 觇:~m / 乩:~n	占: / HK: / Hong Kong: / 战:~a / 觇:~m / 乩:~n
moc_wubi86_simp_plus	hl	卤: / 卣:~n / 战国七雄:~ad / 卤菜:~ae / 柴田胜家:~ep / 战略规划:~fa	卤: / 战国七雄:~ad / 卤菜:~ae / 柴田胜家:~ep / 战略规划:~fa / 战略地位:~fw
moc_wubi86_simp_plus	hn	卢: / 眠:~a / 瞰:~b / 鼎:~d / 鸬:~q / 瞩:~t	卢: / 眠:~a / 瞰:~b / 鼎:~d / 鸬:~q / 瞩:~t
moc_wubi86_simp_plus	ho	眯: / ho: / hop:~p / hot:~t / how:~w / hon:~n	眯: / ho: / hop:~p / hot:~t / how:~w / hon:~n
moc_wubi86_simp_plus	ht	睡: / 瞅:~o / 眨:~p / 肯德基:~ad / 睡卧:~ah / 睡莲:~al	睡: / 瞅:~o / 眨:~p / 肯德基:~ad / 睡卧:~ah / 睡莲:~al
moc_wubi86_simp_plus	hu	瞳: / hub:~b / 鼎新革故:~ad / 上善若水:~ai / 占着茅坑不拉屎:~an / 虎头燕颔:~aw	瞳: / hub:~b / 鼎新革故:~ad / 上善若水:~ai / 占着茅坑不拉屎:~an / 止痛药:~ax
moc_wubi86_simp_plus	hv	眼: / 睨:~q / 眼花:~aw / 眼药:~ax / 眼耳:~bg / 眼孔:~bn	眼: / 睨:~q / 眼花:~aw / 眼药:~ax / 眼耳:~bg / 眼孔:~bn
moc_wubi86_simp_plus	hw	具: / 齿:~b / 瞪:~g / 盼:~v / 瞧:~y / 龉:~b	具: / 齿:~b / 瞪:~g / 盼:~v / 瞧:~y / 龉:~b
moc_wubi86_simp_plus	hx	此: / 些:~f / 柴:~s / 雌:~w / 占比:~x / 訾:~y	此: / 些:~f / 柴:~s / 雌:~w / 占比:~x / 訾:~y
moc_wubi86_simp_plus	i	不: / 水: / 江:~a / 池:~b / 汉:~c / 尖:~d	不: / 水: / 江:~a / 池:~b / 汉:~c / 尖:~d
moc_wubi86_simp_plus	ia	江: / 湛:~d / 泔:~f / 漠:~j / 灌:~k / 潢:~m	江: / 湛:~d / 泔:~f / 漠:~j / 灌:~k / 潢:~m
moc_wubi86_simp_plus	ib	池: / 洱:~g / 涵:~i / 凼:~k / 泐:~l / 滁:~w	池: / 洱:~g / 涵:~i / 凼:~k / 泐:~l / 滁:~w
moc_wubi86_simp_plus	ic	汉: / 泾:~a / 渗:~d / 涌:~e / 泽:~f / 治:~k	汉: / 泾:~a / 渗:~d / 涌:~e / 泽:~f / 治:~k
moc_wubi86_simp_plus	id	尖: / I'd: / ID: / id: / 湖:~e / 涯:~f	尖: / I'd: / ID: / id: / 湖:~e / 涯:~f
moc_wubi86_simp_plus	ie	肖: / IE: / Internet Explorer: / 浮:~b / 淝:~c / 沮:~g	肖: / IE: / Internet Explorer: / 浮:~b / 淝:~c / 沮:~g
moc_wubi86_simp_plus	if	法: / if: / 灞:~a / 濡:~d / 尘:~f / 汗:~h	法: / if: / 灞:~a / 濡:~d / 尘:~f / 汗:~h
moc_wubi86_simp_plus	ig	汪: / 沌:~b / 添:~d / 清:~e / 沔:~h / 洹:~j	汪: / 沌:~b / 添:~d / 清:~e / 沔:~h / 洹:~j
moc_wubi86_simp_plus	ii	水: / 消:~e / 淌:~m / 洮:~q / 沙:~t / 浩浩荡荡:~aa	水: / 消:~e / 淌:~m / 洮:~q / 沙:~t / 浩浩荡荡:~aa
moc_wubi86_simp_plus	ik	澡: / 涓:~e / 溃:~h / 渑:~j / 涡:~m / 溃散:~ae	澡: / 涓:~e / 溃:~h / 渑:~j / 涡:~m / 溃散:~ae
moc_wubi86_simp_plus	il	渐: / 涸:~d / 渭:~e / 涠:~f / 泗:~g / 洄:~k	渐: / 涸:~d / 渭:~e / 涠:~f / 泗:~g / 洄:~k
moc_wubi86_simp_plus	im	没: / 澧:~a / 湍:~d / 滑:~e / 油:~g / 汕:~h	没: / 澧:~a / 湍:~d / 滑:~e / 油:~g / 汕:~h
moc_wubi86_simp_plus	in	沁: / in: / 泯:~a / 澉:~b / 汛:~f / 渥:~g	沁: / in: / 泯:~a / 澉:~b / 汛:~f / 渥:~g
moc_wubi86_simp_plus	ip	学: / IP: / 浓:~e / 尝:~f / 演:~g / 党:~k	学: / IP: / 浓:~e / 尝:~f / 演:~g / 党:~k
moc_wubi86_simp_plus	iq	光: / IQ: / Intelligence quotient: / 沟:~c / 淆:~d / 淦:~g	光: / IQ: / Intelligence quotient: / 沟:~c / 淆:~d / 淦:~g
moc_wubi86_simp_plus	ir	泊: / 湃:~d / 派:~e / 沂:~h / 洙:~i / 汽:~n	泊: / 湃:~d / 派:~e / 沂:~h / 洙:~i / 汽:~n
moc_wubi86_simp_plus	is	洒: / is: / 漂:~f / 汀:~h / 潭:~j / 河:~k	洒: / is: / 漂:~f / 汀:~h / 潭:~j / 河:~k
moc_wubi86_simp_plus	it	少: / it: / 活:~d / 洗:~f / 省:~h / 潲:~i	少: / it: / 活:~d / 洗:~f / 省:~h / 潲:~i
moc_wubi86_simp_plus	iu	洋: / 溯:~b / 滚:~c / 湔:~e / 泮:~f / 泣:~g	洋: / 溯:~b / 滚:~c / 湔:~e / 泮:~f / 泣:~g
moc_wubi86_simp_plus	iv	当: / 溉:~c / 汝:~g / 溲:~h / 渌:~i / 沼:~k	当: / 溉:~c / 汝:~g / 溲:~h / 渌:~i / 沼:~k
moc_wubi86_simp_plus	iy	注: / 渡:~a / 淳:~b / 流:~c / 汴:~h / 济:~j	注: / 渡:~a / 淳:~b / 流:~c / 汴:~h / 济:~j
moc_wubi86_simp_plus	j	是: / 日: / 虹:~a / 最:~b / 紧:~c / 晨:~d	是: / 日: / 虹:~a / 最:~b / 紧:~c / 晨:~d
moc_wubi86_simp_plus	ja	虹: / 蜞:~d / 蚶:~f / 蚜:~h / 蜡:~j / 蜮:~k	虹: / 蜞:~d / 蚶:~f / 蚜:~h / 蜡:~j / 蜮:~k
moc_wubi86_simp_plus	jb	最: / 蜢:~l / 电子工业:~ao / 电子工业出版社:~ap / 量子基金:~aq / 紧随其后:~ar	最: / 蜢:~l / 电子工业:~ao / 电子工业出版社:~ap / 量子基金:~aq / 紧随其后:~ar
moc_wubi86_simp_plus	jc	紧: / 肾:~e / 坚:~f / 蚂:~g / 贤:~m / 竖:~u	紧: / 肾:~e / 坚:~f / 蚂:~g / 贤:~m / 竖:~u
moc_wubi86_simp_plus	jd	晨: / 蛎:~d / 蝴:~e / 蛄:~g / 蚌:~h / 晟:~n	晨: / 蛎:~d / 蝴:~e / 蛄:~g / 蚌:~h / 晟:~n
moc_wubi86_simp_plus	je	明: / 蜉:~b / 暖:~f / 盟:~l / 暧:~p / jet:~t	明: / 蜉:~b / 暖:~f / 盟:~l / 暧:~p / jet:~t
moc_wubi86_simp_plus	jf	时: / 野:~c / 里:~d / 蛙:~f / 旰:~h / 昧:~i	时: / 野:~c / 里:~d / 蛙:~f / 旰:~h / 昧:~i
moc_wubi86_simp_plus	jg	量: / 蛭:~c / 昊:~d / 晴:~e / 旦:~f / 旺:~g	量: / 蛭:~c / 昊:~d / 晴:~e / 旦:~f / 旺:~g
moc_wubi86_simp_plus	jh	早: / 冒:~f / 申:~k / 勖:~l / 野战医院:~ab / 早期:~ad	早: / 冒:~f / 申:~k / 勖:~l / 野战医院:~ab / 早期:~ad
moc_wubi86_simp_plus	ji	晃: / 蛸:~e / 螳:~p / 晁:~q / Jim:~m / 时光荏苒:~aa	晃: / 蛸:~e / 螳:~p / 晁:~q / Jim:~m / 时光荏苒:~aa
moc_wubi86_simp_plus	jj	昌: / 曝:~a / 蛳:~g / 晶:~j / 蝎:~q / 明日黄花:~aa	昌: / 曝:~a / 蛳:~g / 晶:~j / 蝎:~q / 明日黄花:~aa
moc_wubi86_simp_plus	jl	曙: / 曼:~c / 蛊:~f / 蝈:~g / 蛔:~k / 螺:~x	曙: / 曼:~c / 蛊:~f / 蝈:~g / 蛔:~k / 螺:~x
moc_wubi86_simp_plus	jm	遇: / 蛐:~a / 映:~d / 蚰:~g / 帅:~h / 虮:~n	遇: / 蛐:~a / 映:~d / 蚰:~g / 帅:~h / 虮:~n
moc_wubi86_simp_plus	jn	电: / 暇:~h / 虬:~n / 遢:~p / 曜:~w / 昵:~x	电: / 暇:~h / 虬:~n / 遢:~p / 曜:~w / 昵:~x
moc_wubi86_simp_plus	jo	显: / 炅:~u / 蝼:~v / Jon:~n / Joe:~e / job:~b	显: / 炅:~u / 蝼:~v / Jon:~n / Joe:~e / job:~b
moc_wubi86_simp_plus	jp	晕: / 暄:~g / 螟:~j / 蜿:~q / 晏:~v / 蛇:~x	晕: / 暄:~g / 螟:~j / 蜿:~q / 晏:~v / 蛇:~x
moc_wubi86_simp_plus	jt	昨: / 蜂:~d / 蚝:~f / 星:~g / 蜊:~j / 晌:~m	昨: / 蜂:~d / 蚝:~f / 星:~g / 蜊:~j / 晌:~m
moc_wubi86_simp_plus	ju	暗: / 蛘:~d / 昱:~f / 曦:~g / 蜕:~k / 螃:~p	暗: / 蛘:~d / 昱:~f / 曦:~g / 蜕:~k / 螃:~p
moc_wubi86_simp_plus	jv	归: / 旯:~b / 螋:~h / 昭:~k / JVM:~m / Java Virtual Machine:~m	归: / 旯:~b / 螋:~h / 昭:~k / JVM:~m / Java Virtual Machine:~m
moc_wubi86_simp_plus	jy	景: / 暾:~b / 蛀:~g / 蛴:~j / 曩:~k / 虻:~n	景: / 暾:~b / 蛀:~g / 蛴:~j / 曩:~k / 虻:~n
moc_wubi86_simp_plus	k	中: / 口: / 呀:~a / 啊:~b / 吧:~c / 顺:~d	中: / 口: / 呀:~a / 啊:~b / 吧:~c / 顺:~d
moc_wubi86_simp_plus	kb	啊: / 嗫:~c / 叩:~h / 咄:~m / 吼:~n / 吃了苍蝇:~aj	啊: / 嗫:~c / 叩:~h / 咄:~m / 吼:~n / 吃了苍蝇:~aj
moc_wubi86_simp_plus	kd	顺: / 呃:~b / 喹:~f / 咕:~g / 嘎:~h / 啡:~j	顺: / 呃:~b / 喹:~f / 咕:~g / 嘎:~h / 啡:~j
moc_wubi86_simp_plus	ke	吸: / 咀:~g / 嚼:~l / 嗳:~p / 鹃:~q / key:~y	吸: / 咀:~g / 嚼:~l / 嗳:~p / 鹃:~q / key:~y
moc_wubi86_simp_plus	kf	叶: / 喷:~a / 吱:~c / 嚅:~d / 哇:~f / 吐:~g	叶: / 喷:~a / 吱:~c / 嚅:~d / 哇:~f / 吐:~g
moc_wubi86_simp_plus	kg	呈: / 吨:~b / 吴:~d / 哺:~e / 吓:~h / 呸:~i	呈: / 吨:~b / 吴:~d / 哺:~e / 吓:~h / 呸:~i
moc_wubi86_simp_plus	kh	中: / 距:~a / 蹑:~b / 踊:~c / 跨:~d / 啃:~e	中: / 距:~a / 蹑:~b / 踊:~c / 跨:~d / 啃:~e
moc_wubi86_simp_plus	ki	吵: / 哨:~e / 啵:~h / 唢:~m / 咣:~q / kit:~t	吵: / 哨:~e / 啵:~h / 唢:~m / 咣:~q / kit:~t
moc_wubi86_simp_plus	kj	虽: / 嘬:~b / 哩:~f / 呻:~h / 唱:~j / 喁:~m	虽: / 嘬:~b / 哩:~f / 呻:~h / 唱:~j / 喁:~m
moc_wubi86_simp_plus	kk	吕: / 骂:~c / 器:~d / 串:~h / 品:~k / 鼍:~l	吕: / 骂:~c / 器:~d / 串:~h / 品:~k / 鼍:~l
moc_wubi86_simp_plus	kl	另: / 咽:~d / 喟:~e / 嘿:~f / 喂:~g / 呷:~h	另: / 咽:~d / 喟:~e / 嘿:~f / 喂:~g / 呷:~h
moc_wubi86_simp_plus	km	员: / 嗣:~a / 郧:~b / 喘:~d / 嘣:~e / 啁:~f	员: / 嗣:~a / 郧:~b / 喘:~d / 嘣:~e / 啁:~f
moc_wubi86_simp_plus	kq	史: / 兄:~b / 唏:~d / 噜:~g / 唤:~m / 咆:~n	史: / 兄:~b / 唏:~d / 噜:~g / 唤:~m / 咆:~n
moc_wubi86_simp_plus	kt	呼: / 噬:~a / 唾:~g / 咱:~h / 咯:~k / 响:~m	呼: / 噬:~a / 唾:~g / 咱:~h / 咯:~k / 响:~m
moc_wubi86_simp_plus	ku	啼: / 嗍:~b / 咩:~d / 喑:~j / 噌:~l / 嘀:~m	啼: / 嗍:~b / 咩:~d / 喑:~j / 噌:~l / 嘀:~m
moc_wubi86_simp_plus	kv	哪: / 呶:~c / 哏:~e / 嗖:~h / 啸:~i / 叨:~n	哪: / 呶:~c / 哏:~e / 嗖:~h / 啸:~i / 叨:~n
moc_wubi86_simp_plus	kw	只: / 呛:~b / 嗡:~c / 咐:~f / 哈:~g / 喉:~n	只: / 呛:~b / 嗡:~c / 咐:~f / 哈:~g / 喉:~n
moc_wubi86_simp_plus	kx	哟: / 喙:~e / 吲:~h / 呦:~l / 叱:~n / 吡:~x	哟: / 喙:~e / 吲:~h / 呦:~l / 叱:~n / 吡:~x
moc_wubi86_simp_plus	ky	嘛: / 哼:~b / 唷:~c / 唁:~g / 嚷:~k / 吭:~m	嘛: / 哼:~b / 唷:~c / 唁:~g / 嚷:~k / 吭:~m
moc_wubi86_simp_plus	l	国: / 田: / 轼:~a / 轻:~c / 因:~d / 胃:~e	国: / 田: / 轼:~a / 轻:~c / 因:~d / 胃:~e
moc_wubi86_simp_plus	la	轼: / 羁:~f / lab:~b / LAN:~n / lat:~t / law:~w	轼: / 羁:~f / lab:~b / LAN:~n / lat:~t / law:~w
moc_wubi86_simp_plus	lc	轻: / 轰:~c / LCD:~d / Liquid Crystal Display:~d / 轻工:~aa / 轻薄:~ai	轻: / 轰:~c / LCD:~d / Liquid Crystal Display:~d / 轻工:~aa / 轻薄:~ai
moc_wubi86_simp_plus	ld	因: / 轭:~b / 固:~d / 囿:~e / 罟:~f / 轱:~g	因: / 轭:~b / 固:~d / 囿:~e / 罟:~f / 轱:~g
moc_wubi86_simp_plus	le	胃: / lee:~e / led:~d / leg:~g / Leo:~o / let:~t	胃: / lee:~e / led:~d / leg:~g / Leo:~o / let:~t
moc_wubi86_simp_plus	lf	轩: / 罢:~c / 畦:~f / 辕:~k / 罱:~m / 转:~n	轩: / 罢:~c / 畦:~f / 辕:~k / 罱:~m / 转:~n
moc_wubi86_simp_plus	lg	车: / 囤:~b / 轾:~c / 畏:~e / 罡:~h / 罘:~i	车: / 囤:~b / 轾:~c / 畏:~e / 罡:~h / 罘:~i
moc_wubi86_simp_plus	lj	辊: / 罗曼蒂克:~ad / 黑暗世界:~al / 暂时落后:~ar / 软坚散结:~ax / 黑暗降临:~bj	辊: / 罗曼蒂克:~ad / 黑暗世界:~al / 暂时落后:~ar / 软坚散结:~ax / 黑暗降临:~bj
moc_wubi86_simp_plus	ll	男: / 圜:~g / 田:~l / 男式:~aa / 男鞋:~af / 田七:~ag	男: / 圜:~g / 田:~l / 男式:~aa / 男鞋:~af / 田七:~ag
moc_wubi86_simp_plus	lm	轴: / 辋: / 国内工业:~ao / 轴子:~bb / 轴承:~bd / 国内院校:~bs	轴: / 辋: / 国内工业:~ao / 轴子:~bb / 轴承:~bd / 国内院校:~bs
moc_wubi86_simp_plus	ln	思: / 轧: / 辗:~a / 罹:~w / 思慕:~aj / 国民革命:~aw	思: / 轧: / 辗:~a / 罹:~w / 思慕:~aj / 国民革命:~aw
moc_wubi86_simp_plus	lt	力: / 图: / 轿:~d / 略:~k / 畋:~y / 辂:~k	力: / 图: / 轿:~d / 略:~k / 畋:~y / 图式:~aa
moc_wubi86_simp_plus	lu	较: / 圈: / 畔:~f / 疃:~j / 罾:~l / Lua:~a	较: / 圈: / 畔:~f / 疃:~j / 罾:~l / Lua:~a
moc_wubi86_simp_plus	lv	轨: / 囡:~d / 辎:~l / 轫:~y / 软刀子:~bb / 四君子汤:~bi	轨: / 囡:~d / 辎:~l / 轫:~y / 软刀子:~bb / 四君子汤:~bi
moc_wubi86_simp_plus	ly	罚: / 辙:~c / 詈:~f / 辘:~n / 国庆节:~ab / 因为工作:~aw	罚: / 辙:~c / 詈:~f / 辘:~n / 国庆节:~ab / 因为工作:~aw
moc_wubi86_simp_plus	m	同: / 山: / 曲:~a / 邮:~b / 凤:~c / 央:~d	同: / 山: / 曲:~a / 邮:~b / 凤:~c / 央:~d
moc_wubi86_simp_plus	ma	曲: / 嵌:~f / 岈:~h / 崂:~p / 岖:~q / Mag:~g	曲: / 嵌:~f / 岈:~h / 崂:~p / 岖:~q / Mag:~g
moc_wubi86_simp_plus	md	央: / 岸: / 贿:~e / 岩:~f / 崦:~j / 盎:~l	央: / 岸: / 贿:~e / 岩:~f / 崦:~j / 盎:~l
moc_wubi86_simp_plus	me	骨: / me: / 髓:~d / 崩:~e / 髁:~j / 髑:~l	骨: / me: / 髓:~d / 崩:~e / 髁:~j / 髑:~l
moc_wubi86_simp_plus	mf	财: / 岐:~c / 冉:~d / 峙:~f / 巅:~h / 赇:~i	财: / 岐:~c / 冉:~d / 峙:~f / 巅:~h / 赇:~i
moc_wubi86_simp_plus	mg	同: / 贱: / 赋:~a / 赙:~e / 屿:~n / 崃:~o	同: / 贱: / 赋:~a / 赙:~e / 屿:~n / 崃:~o
moc_wubi86_simp_plus	mh	由: / 贝: / 帏:~f / 幅:~g / 帖:~h / 帽:~j	由: / 贝: / 帏:~f / 幅:~g / 帖:~h / 帽:~j
moc_wubi86_simp_plus	mi	峭: / 嵴:~w / min:~n / MIT:~t / Massachusetts Institute of Technology:~t / mid:~d	峭: / 嵴:~w / min:~n / MIT:~t / Massachusetts Institute of Technology:~t / mid:~d
moc_wubi86_simp_plus	mk	迥: / 贶:~q / 风吹草动:~af / 幅员辽阔:~bu / 山口百惠:~dg / 山呼万岁:~dm	迥: / 贶:~q / 风吹草动:~af / 幅员辽阔:~bu / 山口百惠:~dg / 山呼万岁:~dm
moc_wubi86_simp_plus	ml	崭: / 崮:~d / 岬:~h / 崽:~n / 崽子:~bb / 内置函数:~bo	崭: / 崮:~d / 岬:~h / 崽:~n / 崽子:~bb / 内置函数:~bo
moc_wubi86_simp_plus	mm	册: / 凹: / 岫:~g / 山:~m / 岗:~q / 罂:~r	册: / 凹: / 岫:~g / 山:~m / 岗:~q / 罂:~r
moc_wubi86_simp_plus	mn	岂: / 岷:~a / 嵋:~h / 剀:~j / 凯:~m / 屺:~n	岂: / 岷:~a / 嵋:~h / 剀:~j / 凯:~m / 屺:~n
moc_wubi86_simp_plus	mo	赕: / 嶙:~q / 嵝:~v / mod:~d / mom:~m / Monday:~n	赕: / 嶙:~q / 嵝:~v / mod:~d / mom:~m / Monday:~n
moc_wubi86_simp_plus	mp	迪: / 崇:~f / 贮:~g / 崆:~w / MP3:~3 / MP4:~4	迪: / 崇:~f / 贮:~g / 崆:~w / MP3:~3 / MP4:~4
moc_wubi86_simp_plus	mq	风: / 见:~b / 购:~c / 赡:~d / 飓:~h / 冈:~i	风: / 见:~b / 购:~c / 赡:~d / 飓:~h / 冈:~i
moc_wubi86_simp_plus	ms	朵: / 剁:~j / 岢:~k / MSN:~n / msg:~g / 朵颐:~ah	朵: / 剁:~j / 岢:~k / MSN:~n / msg:~g / 朵颐:~ah
moc_wubi86_simp_plus	mt	几: / 账:~a / 峰:~d / 赂:~k / 贬:~p / 峨:~r	几: / 账:~a / 峰:~d / 赂:~k / 贬:~p / 峨:~r
moc_wubi86_simp_plus	mu	赠: / 嵯:~d / 嶂:~j / 赔:~k / 赚:~v / 嵫:~x	赠: / 嵯:~d / 嶂:~j / 赔:~k / 赚:~v / 嵫:~x
moc_wubi86_simp_plus	mx	嶷: / 网络功能:~ac / 网络节点:~ah / 网络世界:~al / 网络工程:~at / 网络共享:~ay	嶷: / 网络功能:~ac / 网络节点:~ah / 网络世界:~al / 网络工程:~at / 网络共享:~ay
moc_wubi86_simp_plus	n	民: / 已: / 敢:~b / 怪:~c / 居:~d / 导:~f	民: / 已: / 敢:~b / 怪:~c / 居:~d / 导:~f
moc_wubi86_simp_plus	na	民: / 展:~e / 惬:~g / 异:~j / 懵:~l / 屉:~n	民: / 展:~e / 惬:~g / 异:~j / 懵:~l / 屉:~n
moc_wubi86_simp_plus	nb	敢: / 孱:~b / 慑:~c / 屈:~m / 屙:~s / NBA:~a	敢: / 孱:~b / 慑:~c / 屈:~m / 屙:~s / NBA:~a
moc_wubi86_simp_plus	nc	怪: / 惨:~d / 怡:~k / 悛:~w / 惨苦:~ad / 惨了:~bn	怪: / 惨:~d / 怡:~k / 悛:~w / 惨苦:~ad / 惨了:~bn
moc_wubi86_simp_plus	nd	居: / 惰:~a / 怙:~g / 剧:~j / 怖:~m / 忧:~n	居: / 惰:~a / 怙:~g / 剧:~j / 怖:~m / 忧:~n
moc_wubi86_simp_plus	nf	导: / 愤:~a / 层:~c / 丑:~d / 恃:~f / 慎:~h	导: / 愤:~a / 层:~c / 丑:~d / 恃:~f / 慎:~h
moc_wubi86_simp_plus	ng	怀: / NG: / 屋:~c / 刁:~d / 情:~e / 怔:~h	怀: / NG: / 屋:~c / 刁:~d / 情:~e / 怔:~h
moc_wubi86_simp_plus	nh	收: / 眉:~d / 胥:~e / 遐:~f / 蛋:~j / 鹛:~q	收: / 眉:~d / 胥:~e / 遐:~f / 蛋:~j / 鹛:~q
moc_wubi86_simp_plus	nj	慢: / 悭:~c / 悍:~f / 怛:~g / 惕:~q / 惺:~t	慢: / 悭:~c / 悍:~f / 怛:~g / 惕:~q / 惺:~t
moc_wubi86_simp_plus	nk	避: / 悒:~c / 忡:~h / 愕:~k / 辟:~u / 譬:~u	避: / 悒:~c / 忡:~h / 愕:~k / 辟:~u / 譬:~u
moc_wubi86_simp_plus	nl	丙午(马)年八月廿六: / 二〇二六年八月二十六日: / 惭: / 翼:~a / 愣:~y / 买办阶级:~bx	丙午(马)年八月廿六: / 二〇二六年八月二十六日: / 惭: / 翼:~a / 愣:~y / 买办阶级:~bx
moc_wubi86_simp_plus	nm	届: / 惆:~f / 恫:~g / 刷:~h / 恻:~j / 恺:~n	届: / 惆:~f / 恫:~g / 刷:~h / 恻:~j / 恺:~n
moc_wubi86_simp_plus	nn	忆: / 巽:~a / 忸:~f / 己:~g / 书:~h / 局:~k	忆: / 巽:~a / 忸:~f / 己:~g / 书:~h / 局:~k
moc_wubi86_simp_plus	no	屡: / no: / 屎:~i / November:~v / nor:~r / not:~t	屡: / no: / 屎:~i / November:~v / nor:~r / not:~t
moc_wubi86_simp_plus	np	忱: / 恽:~l / npm:~m / Node Package Manager:~m / Notepad++:~p / NPC:~c	忱: / 恽:~l / npm:~m / Node Package Manager:~m / Notepad++:~p / NPC:~c
moc_wubi86_simp_plus	nq	懈: / 恂:~j / 惚:~r / 怅然若失:~ar / 快乐工作:~aw / 必然联系:~bt	懈: / 恂:~j / 惚:~r / 怅然若失:~ar / 快乐工作:~aw / 必然联系:~bt
moc_wubi86_simp_plus	nr	怕: / 忻:~h / 忾:~n / 愧:~q / 怕苦:~ad / 惶惑:~ak	怕: / 忻:~h / 忾:~n / 愧:~q / 怕苦:~ad / 惶惑:~ak
moc_wubi86_simp_plus	ns	怵: / 恓:~g / 尽可能:~ce / 尽可能地:~cf / 心术不正:~dg / 屡禁不止:~dh	怵: / 恓:~g / 尽可能:~ce / 尽可能地:~cf / 心术不正:~dg / 屡禁不止:~dh
moc_wubi86_simp_plus	nt	必: / 怅:~a / 悸:~b / 发:~c / 恬:~d / 尾:~f	必: / 怅:~a / 悸:~b / 发:~c / 恬:~d / 尾:~f
moc_wubi86_simp_plus	nu	习: / nu: / 屏:~a / 翌:~f / 飞:~i / 惮:~j	习: / nu: / 屏:~a / 翌:~f / 飞:~i / 惮:~j
moc_wubi86_simp_plus	nv	恨: / 慨:~c / 尻:~v / nvm:~m / Node Version Manager:~m / 恰如其分:~aw	恨: / 慨:~c / 尻:~v / nvm:~m / Node Version Manager:~m / 恰如其分:~aw
moc_wubi86_simp_plus	nw	愉: / 怆:~b / 忪:~c / 戮:~e / 夬:~i / 惟:~y	愉: / 怆:~b / 忪:~c / 戮:~e / 夬:~i / 惟:~y
moc_wubi86_simp_plus	nx	尼: / 惯:~f / 怫:~j / 屁:~x / 惯匪:~ad / 尼莫:~aj	尼: / 惯:~f / 怫:~j / 屁:~x / 惯匪:~ad / 尼莫:~aj
moc_wubi86_simp_plus	ny	心: / 恼:~b / 惦:~h / 尺:~i / 昼:~j / 咫:~k	心: / 恼:~b / 惦:~h / 尺:~i / 昼:~j / 咫:~k
moc_wubi86_simp_plus	o	为: / 火: / 煤:~a / 籽:~b / 烃:~c / 类:~d	为: / 火: / 煤:~a / 籽:~b / 烃:~c / 类:~d
moc_wubi86_simp_plus	of	灶: / of: / 糯:~d / 炜:~n / 烤:~t / off:~f	灶: / of: / 糯:~d / 炜:~n / 烤:~t / off:~f
moc_wubi86_simp_plus	og	业: / 邺:~b / 精:~e / 粳:~j / 焐:~k / 炳:~m	业: / 邺:~b / 精:~e / 粳:~j / 焐:~k / 炳:~m
moc_wubi86_simp_plus	oh	粘: / 焯:~j / 粘附:~bw / 粘膜:~ea / 粘胶:~eu / 粘土:~ff	粘: / 焯:~j / 粘附:~bw / 粘膜:~ea / 粘胶:~eu / 粘土:~ff
moc_wubi86_simp_plus	oi	炒: / oil:~l / 炒菜:~ae / 数学期望:~ay / 数学函数:~bo / 炒面:~dm	炒: / oil:~l / 炒菜:~ae / 数学期望:~ay / 数学函数:~bo / 炒面:~dm
moc_wubi86_simp_plus	ol	烟: / 煨:~g / old:~d / 烟草:~aj / 火车卧铺:~aq / 烟蒂:~au	烟: / 煨:~g / old:~d / 烟草:~aj / 火车卧铺:~aq / 烟蒂:~au
moc_wubi86_simp_plus	om	灿: / 炯:~k / 籼:~h / OMG:~g / Oh My God:~g / 煤炭工业:~ao	灿: / 炯:~k / 籼:~h / OMG:~g / Oh My God:~g / 煤炭工业:~ao
moc_wubi86_simp_plus	on	断: / on: / 炔:~w / 烬:~y / one:~e / 灯心草:~aj	断: / on: / 炔:~w / 烬:~y / one:~e / 灯心草:~aj
moc_wubi86_simp_plus	oo	炎: / 郯:~b / 剡:~j / 火:~o / 火葬:~ag / 火苗:~al	炎: / 郯:~b / 剡:~j / 火:~o / 火葬:~ag / 火苗:~al
moc_wubi86_simp_plus	op	迷: / 烷:~f / 煊:~g / 熔:~w / Opt:~t / 烷基:~ad	迷: / 烷:~f / 煊:~g / 熔:~w / Opt:~t / 烷基:~ad
moc_wubi86_simp_plus	or	煌: / or: / 粕:~g / 炘:~h / org:~g / ORM:~m	煌: / or: / 粕:~g / 炘:~h / org:~g / ORM:~m
moc_wubi86_simp_plus	os	灯: / OS: / Operating System: / 粞:~g / OS X:~x / OS X El Capitan:~x	灯: / OS: / Operating System: / 粞:~g / OS X:~x / OSS:~s
moc_wubi86_simp_plus	ot	烽: / 糙:~f / 炸:~h / 烙:~k / 燠:~m / 燔:~o	烽: / 糙:~f / 炸:~h / 烙:~k / 燠:~m / 燔:~o
moc_wubi86_simp_plus	ou	料: / 烊:~d / 燧:~e / 粒:~g / 焙:~k / 熵:~m	料: / 烊:~d / 燧:~e / 粒:~g / 焙:~k / 熵:~m
moc_wubi86_simp_plus	ox	糨: / 粉丝基础:~ad / 业绩平平:~gg / 粉丝滤镜:~iq / 灯红酒绿:~ix / 粉丝团:~lf	糨: / 粉丝基础:~ad / 业绩平平:~gg / 粉丝滤镜:~iq / 灯红酒绿:~ix / 粉丝团:~lf
moc_wubi86_simp_plus	p	这: / 之: / 宽:~a / 字:~b / 害:~d / 家:~e	这: / 之: / 宽:~a / 字:~b / 害:~d / 家:~e
moc_wubi86_simp_plus	pa	宽: / 宦:~h / 寞:~j / pal:~l / pad:~d / pan:~n	宽: / 宦:~h / 寞:~j / pal:~l / pad:~d / pan:~n
moc_wubi86_simp_plus	pd	害: / 宏:~c / 寡:~e / 宕:~f / 寄:~s / 寮:~u	害: / 宏:~c / 寡:~e / 宕:~f / 寄:~s / 寮:~u
moc_wubi86_simp_plus	pe	家: / 宜:~g / 农:~i / 冢:~y / per:~r / pet:~t	家: / 宜:~g / 农:~i / 冢:~y / per:~r / pet:~t
moc_wubi86_simp_plus	pf	守: / 宗:~i / 寒:~j / 完:~q / 完工:~aa / 守节:~ab	守: / 宗:~i / 寒:~j / 完:~q / 完工:~aa / 守节:~ab
moc_wubi86_simp_plus	pg	定: / 室:~c / 宇:~f / 宣:~j / 富:~k / 寅:~m	定: / 室:~c / 宇:~f / 宣:~j / 富:~k / 寅:~m
moc_wubi86_simp_plus	ph	寂: / phi:~i / PhD:~d / PHP:~p / Hypertext Preprocessor:~p / 视频功能:~ac	寂: / phi:~i / PhD:~d / PHP:~p / Hypertext Preprocessor:~p / 视频功能:~ac
moc_wubi86_simp_plus	pi	宵: / pi: / pie:~e / pic:~c / pig:~g / pin:~n	宵: / pi: / pie:~e / pic:~c / pig:~g / pin:~n
moc_wubi86_simp_plus	pj	审: / 幂:~d / 寓:~m / 冥:~u / 宴:~v / 穷日子:~bb	审: / 幂:~d / 寓:~m / 冥:~u / 宴:~v / 穷日子:~bb
moc_wubi86_simp_plus	pk	宫: / PK: / 视听节目:~ah / 空中花园:~al / 宫苑:~aq / 富贵荣华:~aw	宫: / PK: / 视听节目:~ah / 空中花园:~al / 宫苑:~aq / 富贵荣华:~aw
moc_wubi86_simp_plus	pl	军: / 郓:~b / 寰:~g / 皲:~h / 军工:~aa / 冥思苦索:~af	军: / 郓:~b / 寰:~g / 皲:~h / 军工:~aa / 冥思苦索:~af
moc_wubi86_simp_plus	pm	宙: / 冗:~b / 宙斯:~ad / 宝山区:~aq / 剜肉医疮:~au / 宫崎英高:~ay	宙: / 冗:~b / 宙斯:~ad / 宝山区:~aq / 宫崎英高:~ay / 家贼难防:~cb
moc_wubi86_simp_plus	pn	官: / 密:~t / 寥:~w / PNG:~g / Portable Network Graphics:~g / 农民工:~aa	官: / 密:~t / 寥:~w / PNG:~g / Portable Network Graphics:~g / 农民工:~aa
moc_wubi86_simp_plus	pp	之: / PPT:~t / PowerPoint:~t / Microsoft PowerPoint:~t / 空空荡荡:~aa / 宽窄巷子:~ab	之: / PPT:~t / PowerPoint:~t / Microsoft PowerPoint:~t / 空空荡荡:~aa / 宽窄巷子:~ab
moc_wubi86_simp_plus	pq	宛: / 冤:~k / 鸩:~q / 宛若:~ad / 宽银幕:~aj / 冤孽:~aw	宛: / 冤:~k / 鸩:~q / 宛若:~ad / 宽银幕:~aj / 冤孽:~aw
moc_wubi86_simp_plus	pr	宾: / 牢:~h / pro:~o / 神鬼莫测:~ai / 安排工作:~aw / 官卑职小:~bi	宾: / 牢:~h / pro:~o / 神鬼莫测:~ai / 安排工作:~aw / 空气阻力:~bl
moc_wubi86_simp_plus	ps	宁: / PS: / Photoshop: / 宋:~u / PSP:~p / 农村基层:~an	宁: / PS: / Photoshop: / 宋:~u / PSP:~p / 农村基层:~an
moc_wubi86_simp_plus	pt	客: / 宅:~a / 宪:~f / 宅基:~ad / 家务劳动:~af / 案牍劳形:~ag	客: / 宅:~a / 宪:~f / 宅基:~ad / 家务劳动:~af / 案牍劳形:~ag
moc_wubi86_simp_plus	pu	实: / 褡:~a / 衩:~c / 衫:~e / 衬:~f / 袜:~g	实: / 褡:~a / 衩:~c / 衫:~e / 衬:~f / 袜:~g
moc_wubi86_simp_plus	pw	空: / 窿:~b / 突:~d / 罕:~f / 窒:~g / 窕:~i	空: / 窿:~b / 突:~d / 罕:~f / 窒:~g / 窕:~i
moc_wubi86_simp_plus	px	它: / 穿比基尼:~an / 初级阶段:~bw / 它对:~cf / 它有:~de / 它用:~et	它: / 穿比基尼:~an / 初级阶段:~bw / 它对:~cf / 它有:~de / 它用:~et
moc_wubi86_simp_plus	py	社: / 祺:~a / 祁:~b / 祷:~d / 祖:~e / 福:~g	社: / 祺:~a / 祁:~b / 祷:~d / 祖:~e / 福:~g
moc_wubi86_simp_plus	q	我: / 金: / 氏:~a / 凶:~b / 色:~c / 然:~d	我: / 金: / 氏:~a / 凶:~b / 色:~c / 然:~d
moc_wubi86_simp_plus	qa	氏: / 钳:~f / 舛:~h / 错:~j / 锚:~l / 铙:~t	氏: / 钳:~f / 舛:~h / 错:~j / 锚:~l / 铙:~t
moc_wubi86_simp_plus	qb	凶: / 镊:~c / 铒:~g / 钌:~h / 锰:~l / 怨:~n	凶: / 镊:~c / 铒:~g / 钌:~h / 锰:~l / 怨:~n
moc_wubi86_simp_plus	qc	色: / 铎:~f / 勾:~i / 钯:~n / 钗:~y / 色戒:~aa	色: / 铎:~f / 勾:~i / 钯:~n / 钗:~y / 色戒:~aa
moc_wubi86_simp_plus	qd	然: / 危:~b / 郄:~c / 肴:~e / 锛:~f / 钴:~g	然: / 危:~b / 郄:~c / 肴:~e / 锛:~f / 钴:~g
moc_wubi86_simp_plus	qe	角: / 钥:~g / 觥:~i / 觚:~r / 斛:~u / 解:~v	角: / 钥:~g / 觥:~i / 斛:~u / 解:~v / qBittorrent Enhanced Edition:~e
moc_wubi86_simp_plus	qf	针: / 钍:~g / 镭:~l / 锗:~t / 针式:~aa / 镇邪:~ah	针: / 钍:~g / 镭:~l / 锗:~t / 针式:~aa / 镇邪:~ah
moc_wubi86_simp_plus	qh	外: / 铍:~c / 钼:~g / 钻:~k / 钋:~y / 钻戒:~aa	外: / 铍:~c / 钼:~g / 钻:~k / 钋:~y / 钻戒:~aa
moc_wubi86_simp_plus	qi	乐: / 销:~e / 玺:~g / 锁:~m / 迩:~p / 铫:~q	乐: / 销:~e / 玺:~g / 锁:~m / 迩:~p / 铫:~q
moc_wubi86_simp_plus	qj	旬: / 郇:~b / 铿:~c / 象:~e / 锂:~f / 钽:~g	旬: / 郇:~b / 铿:~c / 象:~e / 锂:~f / 钽:~g
moc_wubi86_simp_plus	qk	名: / 句:~d / 锃:~g / 钏:~h / 铝:~k / 劬:~l	名: / 句:~d / 锃:~g / 钏:~h / 铝:~k / 劬:~l
moc_wubi86_simp_plus	qm	负: / 奂:~d / 铀:~g / 铡:~j / 铅:~k / 铠:~n	负: / 奂:~d / 铀:~g / 铡:~j / 铅:~k / 铠:~n
moc_wubi86_simp_plus	qn	包: / 饶:~a / 饴:~c / 锯:~d / 馁:~e / 钮:~f	包: / 饶:~a / 饴:~c / 锯:~d / 馁:~e / 钮:~f
moc_wubi86_simp_plus	qp	锭: / 镓:~e / 镔:~r / 铵:~v / 镩:~w / 铊:~x	锭: / 镓:~e / 镔:~r / 铵:~v / 镩:~w / 铊:~x
moc_wubi86_simp_plus	qq	多: / 匈:~b / 钩:~c / 铄:~i / 铭:~k / 钨:~n	多: / 匈:~b / 钩:~c / 铄:~i / 铭:~k / 钨:~n
moc_wubi86_simp_plus	qr	铁: / 钣:~c / 勿:~e / 铂:~g / 铢:~i / 刎:~j	铁: / 钣:~c / 勿:~e / 铂:~g / 铢:~i / 刎:~j
moc_wubi86_simp_plus	qs	钉: / 弑:~a / 镖:~f / 钵:~g / 刹:~j / 杀:~u	钉: / 弑:~a / 镖:~f / 钵:~g / 刹:~j / 杀:~u
moc_wubi86_simp_plus	qt	儿: / 猎:~a / 犯:~b / 狁:~c / 锋:~d / 钎:~f	儿: / 猎:~a / 犯:~b / 狁:~c / 锋:~d / 钎:~f
moc_wubi86_simp_plus	qu	匀: / 镁:~g / 锌:~h / 镜:~j / 锐:~k / 镝:~m	匀: / 镁:~g / 锌:~h / 镜:~j / 锐:~k / 镝:~m
moc_wubi86_simp_plus	qv	争: / 邹:~b / 银:~e / 刍:~f / 钕:~g / 铷:~k	争: / 邹:~b / 银:~e / 刍:~f / 钕:~g / 铷:~k
moc_wubi86_simp_plus	qw	欠: / 锻:~d / 铨:~g / 锉:~w / 铧:~x / 锥:~y	欠: / 锻:~d / 铨:~g / 锉:~w / 铧:~x / 锥:~y
moc_wubi86_simp_plus	r	的: / 白: / 找:~a / 报:~b / 反:~c / 拓:~d	的: / 白: / 找:~a / 报:~b / 反:~c / 拓:~d
moc_wubi86_simp_plus	ra	找: / 拭:~a / 皂:~b / 撕:~d / 撒:~e / 扛:~g	找: / 拭:~a / 皂:~b / 撕:~d / 撒:~e / 扛:~g
moc_wubi86_simp_plus	rb	报: / 揶:~b / 拯:~i / 拙:~m / 拙著:~af / 拙荆:~ag	报: / 揶:~b / 拯:~i / 拙:~m / 看了节目:~ah / 报幕:~aj
moc_wubi86_simp_plus	rc	反: / 抒:~b / 掇:~c / 掺:~d / 捅:~e / 择:~f	反: / 抒:~b / 掇:~c / 掺:~d / 捅:~e / 择:~f
moc_wubi86_simp_plus	rd	拓: / 扼:~b / 拔:~c / 振:~f / 排:~j / 颀:~m	拓: / 扼:~b / 拔:~c / 振:~f / 排:~j / 颀:~m
moc_wubi86_simp_plus	re	扔: / 援:~f / 拥:~h / 授:~p / 摇:~r / red:~d	扔: / 援:~f / 拥:~h / 授:~p / 摇:~r / red:~d
moc_wubi86_simp_plus	rf	持: / 技:~c / 盾:~h / 擀:~j / 拮:~k / 擂:~l	持: / 技:~c / 盾:~h / 擀:~j / 拮:~k / 擂:~l
moc_wubi86_simp_plus	rg	后: / 邱:~b / 丘:~d / 捕:~e / 皇:~f / 岳:~m	后: / 邱:~b / 丘:~d / 捕:~e / 皇:~f / 岳:~m
moc_wubi86_simp_plus	rh	年: / 掳:~a / 卸:~b / 披:~c / 看:~f / 扯:~g	年: / 掳:~a / 卸:~b / 披:~c / 看:~f / 扯:~g
moc_wubi86_simp_plus	ri	朱: / 邾:~b / 捎:~e / 撑:~p / 挑:~q / 抄:~t	朱: / 邾:~b / 捎:~e / 撑:~p / 挑:~q / 抄:~t
moc_wubi86_simp_plus	rj	提: / 撮:~b / 捍:~f / 担:~g / 抻:~h / 揭:~q	提: / 撮:~b / 捍:~f / 担:~g / 抻:~h / 揭:~q
moc_wubi86_simp_plus	rk	扣: / 揖:~b / 挹:~c / 捐:~e / 捉:~h / 操:~k	扣: / 揖:~b / 挹:~c / 捐:~e / 捉:~h / 操:~k
moc_wubi86_simp_plus	rl	押: / 摁:~d / 摆:~f / 舞:~g / 捆:~s / 撂:~t	押: / 摁:~d / 摆:~f / 舞:~g / 捆:~s / 撂:~t
moc_wubi86_simp_plus	rm	抽: / 缸:~a / 投:~c / 揣:~d / 帛:~h / 缶:~k	抽: / 缸:~a / 投:~c / 揣:~d / 帛:~h / 缶:~k
moc_wubi86_simp_plus	rn	所: / 抿:~a / 气:~b / 氢:~c / 据:~d / 氖:~e	所: / 抿:~a / 气:~b / 氢:~c / 据:~d / 氖:~e
moc_wubi86_simp_plus	rp	近: / 迫:~d / 皖:~f / 挥:~l / 摈:~r / 拧:~s	近: / 迫:~d / 皖:~f / 挥:~l / 摈:~r / 拧:~s
moc_wubi86_simp_plus	rr	折: / 扳:~c / 拍:~g / 蜇:~j / 哲:~k / 逝:~p	折: / 扳:~c / 拍:~g / 蜇:~j / 哲:~k / 逝:~p
moc_wubi86_simp_plus	rs	打: / 揸:~j / RSS:~s / RDF Site Summary:~s / Really Simple Syndication:~s / 打工:~aa	打: / 揸:~j / RSS:~s / RDF Site Summary:~s / Really Simple Syndication:~s / 打工:~aa
moc_wubi86_simp_plus	rt	手: / 托:~a / 拖:~b / 括:~d / 搬:~e / 插:~f	手: / 托:~a / 拖:~b / 括:~d / 搬:~e / 插:~f
moc_wubi86_simp_plus	ru	拉: / 拼:~a / 搠:~b / 搓:~d / 拦:~f / 撞:~j	拉: / 拼:~a / 搠:~b / 搓:~d / 拦:~f / 撞:~j
moc_wubi86_simp_plus	rx	批: / 掾:~e / 掼:~f / 拇:~g / 指:~j / 拗:~l	批: / 掾:~e / 掼:~f / 拇:~g / 指:~j / 拗:~l
moc_wubi86_simp_plus	ry	扩: / 摭:~a / 撤:~c / 拄:~g / 掂:~h / 斥:~i	扩: / 摭:~a / 撤:~c / 拄:~g / 掂:~h / 斥:~i
moc_wubi86_simp_plus	s	要: / 木: / 械:~a / 李:~b / 权:~c / 枯:~d	要: / 木: / 械:~a / 李:~b / 权:~c / 枯:~d
moc_wubi86_simp_plus	sa	械: / 栉:~b / 棋:~d / 柑:~f / 杠:~g / 栋:~i	械: / 栉:~b / 棋:~d / 柑:~f / 杠:~g / 栋:~i
moc_wubi86_simp_plus	sb	李: / 椰:~b / 椭:~d / 李斯:~ad / 椰菜:~ae / 李东:~ai	李: / 椰:~b / 椭:~d / 李斯:~ad / 椰菜:~ae / 李东:~ai
moc_wubi86_simp_plus	sc	权: / 杼:~b / 桶:~e / 树:~f / 杷:~n / 梭:~w	权: / 杼:~b / 桶:~e / 树:~f / 杷:~n / 梭:~w
moc_wubi86_simp_plus	se	极: / 桴:~b / 楹:~c / 棚:~e / 杉:~t / sea:~a	极: / 桴:~b / 楹:~c / 棚:~e / 杉:~t / sea:~a
moc_wubi86_simp_plus	sf	村: / 鄄:~b / 枝:~c / 桂:~f / 杜:~g / 杆:~h	村: / 鄄:~b / 枝:~c / 桂:~f / 杜:~g / 杆:~h
moc_wubi86_simp_plus	sg	本: / 醋:~a / 酸:~c / 酹:~e / 酝:~f / 枉:~g	本: / 醋:~a / 酸:~c / 酹:~e / 酝:~f / 枉:~g
moc_wubi86_simp_plus	sh	相: / 椒:~i / 棹:~j / 桢:~m / 想:~n / 朴:~y	相: / 椒:~i / 棹:~j / 桢:~m / 想:~n / 朴:~y
moc_wubi86_simp_plus	si	档: / 梢:~e / 桫:~i / 樘:~p / 桃:~q / 杪:~t	档: / 梢:~e / 桫:~i / 樘:~p / 桃:~q / 杪:~t
moc_wubi86_simp_plus	sk	可: / 楫:~b / 杏:~f / 枵:~g / 哥:~s / 枳:~w	可: / 楫:~b / 杏:~f / 枵:~g / 哥:~s / 枳:~w
moc_wubi86_simp_plus	sn	杨: / 橄:~b / 椐:~d / 栩:~g / 楣:~h / 札:~n	杨: / 橄:~b / 椐:~d / 栩:~g / 楣:~h / 札:~n
moc_wubi86_simp_plus	sp	棕: / 楦:~g / 棺:~n / 枕:~q / 槟:~r / 柠:~s	棕: / 楦:~g / 棺:~n / 枕:~q / 槟:~r / 柠:~s
moc_wubi86_simp_plus	sq	构: / 柢:~a / 桅:~d / 桷:~e / 橹:~g / 栎:~i	构: / 柢:~a / 桅:~d / 桷:~e / 橹:~g / 栎:~i
moc_wubi86_simp_plus	st	格: / 枨:~a / 桥:~d / 橇:~f / 棰:~g / 柞:~h	格: / 枨:~a / 桥:~d / 橇:~f / 棰:~g / 柞:~h
moc_wubi86_simp_plus	su	样: / 栏:~f / 梓:~h / 樟:~j / 榈:~k / sub:~b	样: / 栏:~f / 梓:~h / 樟:~j / 榈:~k / sub:~b
moc_wubi86_simp_plus	sv	要: / 概:~c / 根:~e / 桕:~g / 棂:~o / SVN:~n	要: / 概:~c / 根:~e / 桕:~g / 棂:~o / SVN:~n
moc_wubi86_simp_plus	sw	检: / 枪:~b / 松:~c / 椴:~d / 桧:~f / 栓:~g	检: / 枪:~b / 松:~c / 椴:~d / 桧:~f / 栓:~g
moc_wubi86_simp_plus	sy	术: / 椁:~b / 梳:~c / 桩:~f / 柱:~g / 榱:~k	术: / 椁:~b / 梳:~c / 桩:~f / 柱:~g / 榱:~k
moc_wubi86_simp_plus	t	和: / 禾: / 长:~a / 季:~b / 么:~c / 知:~d	和: / 禾: / 长:~a / 季:~b / 么:~c / 知:~d
moc_wubi86_simp_plus	ta	长: / 筇:~b / 箕:~d / 筐:~g / 逄:~h / 升:~k	长: / 筇:~b / 箕:~d / 筐:~g / 逄:~h / 升:~k
moc_wubi86_simp_plus	tb	季: / 迤:~p / 管子工:~aa / 季节:~ab / 自取其辱:~ad / 自取其咎:~at	季: / 迤:~p / 管子工:~aa / 季节:~ab / 自取其辱:~ad / 自取其咎:~at
moc_wubi86_simp_plus	tc	么: / 径:~a / 笆:~b / 笃:~f / 笞:~k / 私:~y	么: / 径:~a / 笆:~b / 笃:~f / 笞:~k / 私:~y
moc_wubi86_simp_plus	td	知: / 矩:~a / 舌:~d / 短:~g / 逢:~h / 夭:~i	知: / 矩:~a / 舌:~d / 短:~g / 逢:~h / 夭:~i
moc_wubi86_simp_plus	te	秀: / 租:~g / 舻:~h / 舟:~i / 盘:~l / 般:~m	秀: / 租:~g / 舻:~h / 舟:~i / 盘:~l / 般:~m
moc_wubi86_simp_plus	tf	行: / 丢:~c / 壬:~d / 竺:~f / 秆:~h / 午:~j	行: / 丢:~c / 壬:~d / 竺:~f / 秆:~h / 午:~j
moc_wubi86_simp_plus	tg	生: / 垂:~a / 箐:~e / 竽:~f / 征:~h / 重:~j	生: / 垂:~a / 箐:~e / 竽:~f / 征:~h / 重:~j
moc_wubi86_simp_plus	ti	秒: / 稍:~e / 衍:~f / 簿:~g / 徜:~m / 箔:~r	秒: / 稍:~e / 衍:~f / 簿:~g / 徜:~m / 箔:~r
moc_wubi86_simp_plus	tj	得: / 香:~f / 利:~h / 犁:~r / 梨:~s / 复:~t	得: / 香:~f / 利:~h / 犁:~r / 梨:~s / 复:~t
moc_wubi86_simp_plus	tk	各: / 和:~g / 种:~h / 禹:~m / 积:~w / 雒:~w	各: / 和:~g / 种:~h / 禹:~m / 积:~w / 雒:~w
moc_wubi86_simp_plus	tl	务: / 血:~d / 备:~f / 箅:~g / 徊:~k / 惫:~n	务: / 血:~d / 备:~f / 箅:~g / 徊:~k / 惫:~n
moc_wubi86_simp_plus	tn	秘: / 乞:~b / 笥:~g / 筷:~n / 迄:~p / 各司其职:~ab	秘: / 乞:~b / 笥:~g / 筷:~n / 迄:~p / 各司其职:~ab
moc_wubi86_simp_plus	to	秋: / to: / 释:~c / 番:~l / 釉:~m / 悉:~n	秋: / to: / 释:~c / 番:~l / 釉:~m / 悉:~n
moc_wubi86_simp_plus	tp	管: / 稼:~e / 乏:~i / 箢:~q / 箜:~w / 管工:~aa	管: / 稼:~e / 乏:~i / 箢:~q / 箜:~w / 管工:~aa
moc_wubi86_simp_plus	tq	称: / 稀:~d / 衔:~f / 徇:~j / 移:~q / 笏:~r	称: / 稀:~d / 衔:~f / 徇:~j / 移:~q / 笏:~r
moc_wubi86_simp_plus	tr	物: / 箍:~a / 筢:~c / 犄:~d / 特:~f / 徨:~g	物: / 箍:~a / 筢:~c / 犄:~d / 特:~f / 徨:~g
moc_wubi86_simp_plus	ts	条: / 笨:~g / 箱:~h / 簟:~j / 篥:~s / 秫:~y	条: / 笨:~g / 箱:~h / 簟:~j / 篥:~s / 秫:~y
moc_wubi86_simp_plus	tt	笔: / 笑:~d / 竹:~g / 笮:~h / 禾:~t / 生物医药:~aa	笔: / 笑:~d / 竹:~g / 笮:~h / 禾:~t / 生物医药:~aa
moc_wubi86_simp_plus	tu	科: / 徉:~d / 箭:~e / 笠:~f / 乎:~h / 简:~j	科: / 徉:~d / 箭:~e / 笠:~f / 乎:~h / 简:~j
moc_wubi86_simp_plus	tv	委: / TV: / 很:~e / 笤:~k / 逶:~p / 魏:~r	委: / TV: / 很:~e / 笤:~k / 逶:~p / 魏:~r
moc_wubi86_simp_plus	tw	答: / 筏:~a / 符:~f / 筱:~h / 黍:~i / 篌:~n	答: / 筏:~a / 符:~f / 筱:~h / 黍:~i / 篌:~n
moc_wubi86_simp_plus	ty	入: / 篱:~b / 往:~g / 穰:~k / 稿:~m / 彷:~n	入: / 篱:~b / 往:~g / 穰:~k / 稿:~m / 彷:~n
moc_wubi86_simp_plus	u	产: / 立: / 并:~a / 闻:~b / 冯:~c / 关:~d	产: / 立: / 并:~a / 闻:~b / 冯:~c / 关:~d
moc_wubi86_simp_plus	ua	并: / 疳:~f / 瓶:~g / 冻:~i / 阈:~k / 迸:~p	并: / 疳:~f / 瓶:~g / 冻:~i / 阈:~k / 迸:~p
moc_wubi86_simp_plus	ub	闻: / 疗:~k / 瘾:~q / 逆:~t / 疖:~k / 端阳节:~ab	闻: / 疗:~k / 瘾:~q / 逆:~t / 疖:~k / 端阳节:~ab
moc_wubi86_simp_plus	uc	冯: / 痉:~a / 闯:~d / 痛:~e / 冶:~k / 兖:~q	冯: / 痉:~a / 闯:~d / 痛:~e / 冶:~k / 兖:~q
moc_wubi86_simp_plus	ud	关: / 差:~a / 郑:~b / 闳:~c / 豢:~e / 减:~g	关: / 差:~a / 郑:~b / 闳:~c / 豢:~e / 减:~g
moc_wubi86_simp_plus	ue	前: / 疽:~g / 痈:~k / 毅:~m / 遂:~p / 瘃:~y	前: / 疽:~g / 痈:~k / 毅:~m / 遂:~p / 瘃:~y
moc_wubi86_simp_plus	uf	半: / 阖:~c / 兰:~f / 壮:~g / 阗:~h / 斗:~k	半: / 阖:~c / 兰:~f / 壮:~g / 阗:~h / 斗:~k
moc_wubi86_simp_plus	ug	闰: / 靖:~e / 症:~h / 痞:~i / 辣:~k / 盖:~l	闰: / 靖:~e / 症:~h / 痞:~i / 辣:~k / 盖:~l
moc_wubi86_simp_plus	uh	站: / 疲:~c / 阒:~d / 癯:~h / 丫:~k / 夔:~t	站: / 疲:~c / 阒:~d / 癯:~h / 丫:~k / 夔:~t
moc_wubi86_simp_plus	ui	冰: / UI: / 痧:~i / 阔:~t / 瘠:~w / UID:~d	冰: / UI: / 痧:~i / 阔:~t / 瘠:~w / UID:~d
moc_wubi86_simp_plus	uj	间: / 彰:~e / 音:~f / 疸:~g / 闽:~i / 章:~j	间: / 彰:~e / 音:~f / 疸:~g / 闽:~i / 章:~j
moc_wubi86_simp_plus	ul	曾: / 痼:~d / 兽:~g / 闸:~k / 阃:~s / 瘰:~x	曾: / 痼:~d / 兽:~g / 闸:~k / 瘰:~x / 美国工厂:~ad
moc_wubi86_simp_plus	um	商: / 疫:~c / 端:~d / 凋:~f / 敝:~i / 疝:~k	商: / 疫:~c / 端:~d / 凋:~f / 敝:~i / 疝:~k
moc_wubi86_simp_plus	un	决: / 癜:~a / 阚:~b / 翊:~g / 闷:~i / 癖:~k	决: / 癜:~a / 阚:~b / 翊:~g / 闷:~i / 癖:~k
moc_wubi86_simp_plus	up	帝: / up: / 旁:~y / UPS:~s / 产褥期:~ad / 旁落:~ai	帝: / up: / 旁:~y / UPS:~s / 产褥期:~ad / 旁落:~ai
moc_wubi86_simp_plus	uq	交: / 阍:~a / 郊:~b / 奖:~d / 将:~f / 癣:~g	交: / 郊:~b / 奖:~d / 将:~f / 癣:~g / 浆:~i
moc_wubi86_simp_plus	ur	瓣: / URI:~i / Uniform Resource Identifier:~i / URL:~l / Uniform Resource Locator:~l / 阅兵式:~aa	瓣: / URI:~i / Uniform Resource Identifier:~i / URL:~l / Uniform Resource Locator:~l / 阅兵式:~aa
moc_wubi86_simp_plus	us	亲: / us: / 尊:~g / 闲:~i / 疔:~k / 鹇:~q	亲: / us: / 尊:~g / 闲:~i / 疔:~k / 鹇:~q
moc_wubi86_simp_plus	ut	产: / 疾:~d / 冼:~f / 首:~h / 痢:~j / 阁:~k	产: / 疾:~d / 冼:~f / 首:~h / 痢:~j / 阁:~k
moc_wubi86_simp_plus	uu	立: / 阙:~b / 痒:~d / 阐:~j / 阅:~k / 痫:~s	立: / 阙:~b / 痒:~d / 阐:~j / 阅:~k / 痫:~s
moc_wubi86_simp_plus	ux	北: / 邶:~b / 背:~e / 弟:~h / 冀:~l / 凝:~t	北: / 邶:~b / 背:~e / 弟:~h / 冀:~l / 凝:~t
moc_wubi86_simp_plus	uy	六: / 訚:~d / 门:~h / 闵:~i / 凛:~l / 闹:~m	六: / 訚:~d / 门:~h / 闵:~i / 凛:~l / 闹:~m
moc_wubi86_simp_plus	v	发: / 女: / 毁:~a / 好:~b / 妈:~c / 姑:~d	发: / 女: / 毁:~a / 好:~b / 妈:~c / 姑:~d
moc_wubi86_simp_plus	va	毁: / 媒:~f / 姬:~h / 妪:~q / 娆:~t / vat:~t	毁: / 媒:~f / 姬:~h / 妪:~q / 娆:~t / vat:~t
moc_wubi86_simp_plus	vb	好: / 媸:~h / 她:~n / 婀:~s / 好苦:~ad / 好菜:~ae	好: / 媸:~h / 她:~n / 婀:~s / 好苦:~ad / 好菜:~ae
moc_wubi86_simp_plus	vc	妈: / 既:~a / 即:~b / 驽:~c / 始:~k / 努:~l	妈: / 既:~a / 即:~b / 驽:~c / 始:~k / 努:~l
moc_wubi86_simp_plus	vd	姑: / 娠:~f / 那不勒斯:~aa / 姑苏:~al / 姑子:~bb / 嫁不出去:~bf	姑: / 娠:~f / 那不勒斯:~aa / 姑苏:~al / 姑子:~bb / 嫁不出去:~bf
moc_wubi86_simp_plus	ve	奶: / 垦:~f / 姐:~g / 艮:~i / 退:~p / 奶昔:~aj	奶: / 垦:~f / 姐:~g / 艮:~i / 退:~p / 奶昔:~aj
moc_wubi86_simp_plus	vi	录: / 隶:~i / 肃:~j / 逮:~p / 姚:~q / 妙:~t	录: / 隶:~i / 肃:~j / 逮:~p / 姚:~q / 妙:~t
moc_wubi86_simp_plus	vj	旭: / 旮:~f / 妲:~g / 娼:~j / 媪:~l / 巢:~s	旭: / 旮:~f / 妲:~g / 娼:~j / 媪:~l / 巢:~s
moc_wubi86_simp_plus	vm	妯: / 姗:~m / 婚内出轨:~bl / 女同胞:~eq / 如风过耳:~fb / 女同志:~fn	妯: / 姗:~m / 婚内出轨:~bl / 女同胞:~eq / 女同志:~fn / 娉:~gn
moc_wubi86_simp_plus	vp	巡: / 嫁:~e / 婶:~j / 帚:~m / 婉:~q / 嫔:~r	巡: / 嫁:~e / 婶:~j / 帚:~m / 婉:~q / 嫔:~r
moc_wubi86_simp_plus	vq	婚: / 娩:~k / 舄:~o / 妁:~y / 婚戒:~aa / 娱乐功能:~ac	婚: / 娩:~k / 舄:~o / 妁:~y / 婚戒:~aa / 娱乐功能:~ac
moc_wubi86_simp_plus	vr	姝: / 婢:~t / 九牛二虎:~fh / 九牛二虎之力:~fl / 寻找幸福:~fp / 忍气吞声:~gf	姝: / 婢:~t / 九牛二虎:~fh / 九牛二虎之力:~fl / 寻找幸福:~fp / 忍气吞声:~gf
moc_wubi86_simp_plus	vs	杂: / 嫖:~f / 杂项:~ad / 杂草:~aj / 杂艺:~an / 那档子事:~bg	杂: / 嫖:~f / 杂项:~ad / 杂草:~aj / 杂艺:~an / 那档子事:~bg
moc_wubi86_simp_plus	vv	妇: / 娜:~f / 嫂:~h / 女:~v / 女工:~aa / 妇女节:~ab	妇: / 娜:~f / 嫂:~h / 女:~v / 女工:~aa / 妇女节:~ab
moc_wubi86_simp_plus	vw	臾: / 妗:~y / 群众基础:~ad / 退休基金:~aq / 那个东西:~as / 如何获得:~at	臾: / 妗:~y / 群众基础:~ad / 退休基金:~aq / 那个东西:~as / 如何获得:~at
moc_wubi86_simp_plus	vx	姆: / 妣:~x / 妇幼医院:~ab / 妮维雅:~ah / 如约而至:~dg / 始终不渝:~di	姆: / 妣:~x / 妇幼医院:~ab / 妮维雅:~ah / 如约而至:~dg / 始终不渝:~di
moc_wubi86_simp_plus	vy	妨: / 刃:~i / 妫:~l / 婷:~p / 嬷:~s / 娘:~v	妨: / 刃:~i / 妫:~l / 婷:~p / 嬷:~s / 娘:~v
moc_wubi86_simp_plus	w	人: / 八: / 代:~a / 他:~b / 公:~c / 估:~d	人: / 八: / 代:~a / 他:~b / 公:~c / 估:~d
moc_wubi86_simp_plus	wa	代: / 偌:~d / 伢:~h / 借:~j / 黛:~l / 贷:~m	代: / 偌:~d / 伢:~h / 借:~j / 黛:~l / 贷:~m
moc_wubi86_simp_plus	wb	他: / 戗:~a / 仓:~b / 仔:~g / 创:~j / 保障功能:~ac	他: / 戗:~a / 仓:~b / 仔:~g / 创:~j / 保障功能:~ac
moc_wubi86_simp_plus	wc	公: / 颂:~d / 俑:~e / 瓮:~g / 翁:~n / 侔:~r	公: / 颂:~d / 俑:~e / 瓮:~g / 翁:~n / 侔:~r
moc_wubi86_simp_plus	wd	估: / 佐:~a / 侑:~e / 侉:~f / 佰:~j / 佑:~k	估: / 佐:~a / 侑:~e / 侉:~f / 佰:~j / 佑:~k
moc_wubi86_simp_plus	wf	会: / 偾:~a / 儒:~d / 侍:~f / 仁:~g / 什:~h	会: / 偾:~a / 儒:~d / 侍:~f / 仁:~g / 什:~h
moc_wubi86_simp_plus	wg	全: / 倒:~c / 癸:~d / 傅:~e / 伍:~g / 剑:~i	全: / 倒:~c / 癸:~d / 傅:~e / 伍:~g / 剑:~i
moc_wubi86_simp_plus	wh	个: / 企:~f / 侦:~m / 候:~n / 修:~t / 俱:~w	个: / 企:~f / 侦:~m / 候:~n / 修:~t / 俱:~w
moc_wubi86_simp_plus	wi	偿: / 俏:~e / 倘:~m / 佻:~q / Wii:~i / win:~n	偿: / 俏:~e / 倘:~m / 佻:~q / Wii:~i / win:~n
moc_wubi86_simp_plus	wj	介: / 俚:~f / 但:~g / 伸:~h / 偶:~m / 偈:~q	介: / 俚:~f / 但:~g / 伸:~h / 偶:~m / 偈:~q
moc_wubi86_simp_plus	wl	佃: / 伽:~k / 儡:~l / 仂:~n / 伯恩茅斯:~aa / 俄罗斯队:~ab	佃: / 伽:~k / 儡:~l / 仂:~n / 伯恩茅斯:~aa / 俄罗斯队:~ab
moc_wubi86_simp_plus	wm	仙: / 倜:~f / 佩:~g / 侧:~j / 仉:~n / 催:~w	仙: / 倜:~f / 佩:~g / 侧:~j / 仉:~n / 催:~w
moc_wubi86_simp_plus	wn	亿: / 倔:~b / 倨:~d / 伺:~g / 假:~h / 僻:~k	亿: / 倔:~b / 倨:~d / 伺:~g / 假:~h / 僻:~k
moc_wubi86_simp_plus	wo	伙: / 偻:~v / wow:~w / won:~n / 人类世界:~al / 作业区:~aq	伙: / 偻:~v / wow:~w / won:~n / 人类世界:~al / 作业区:~aq
moc_wubi86_simp_plus	wp	侬: / 伫:~g / 倌:~n / 傧:~r / 倥:~w / 佗:~x	侬: / 伫:~g / 倌:~n / 傧:~r / 倥:~w / 佗:~x
moc_wubi86_simp_plus	wq	你: / 低:~a / 爷:~b / 爸:~c / 儋:~d / 釜:~f	你: / 低:~a / 爷:~b / 爸:~c / 儋:~d / 釜:~f
moc_wubi86_simp_plus	wr	伯: / 件:~h / 侏:~i / 傀:~q / 俾:~t / 佚:~w	伯: / 件:~h / 侏:~i / 傀:~q / 俾:~t / 佚:~w
moc_wubi86_simp_plus	ws	休: / 体:~g / 仃:~h / 何:~k / 傈:~s / 体式:~aa	休: / 体:~g / 仃:~h / 何:~k / 傈:~s / 体式:~aa
moc_wubi86_simp_plus	wt	作: / 伥:~a / 叙:~c / 侨:~d / 任:~f / 俐:~j	作: / 伥:~a / 叙:~c / 侨:~d / 任:~f / 俐:~j
moc_wubi86_simp_plus	wu	们: / 倦:~d / 伴:~f / 位:~g / 伞:~h / 僮:~j	们: / 倦:~d / 伴:~f / 位:~g / 伞:~h / 僮:~j
moc_wubi86_simp_plus	wv	分: / 颁:~d / 健:~f / 盆:~l / 贫:~m / 仇:~n	分: / 颁:~d / 健:~f / 盆:~l / 贫:~m / 仇:~n
moc_wubi86_simp_plus	ww	从: / 耸:~b / 佾:~e / 坐:~f / 丛:~g / 价:~j	从: / 耸:~b / 佾:~e / 坐:~f / 丛:~g / 价:~j
moc_wubi86_simp_plus	wx	化: / 仑:~b / 倾:~d / 华:~f / 佛:~j / 货:~m	化: / 仑:~b / 倾:~d / 华:~f / 佛:~j / 货:~m
moc_wubi86_simp_plus	wy	信: / 禽:~b / 令:~c / 依:~e / 储:~f / 侪:~j	信: / 禽:~b / 令:~c / 依:~e / 储:~f / 侪:~j
moc_wubi86_simp_plus	x	经: / 弓: / 红:~a / 弛:~b / 顷:~d / 级:~e	经: / 弓: / 红:~a / 弛:~b / 顷:~d / 级:~e
moc_wubi86_simp_plus	xb	弛: / 弭:~g / 绌:~m / 给孩子们:~bw / 组队参加:~cl / 费了不少:~di	弛: / 弭:~g / 绌:~m / 给孩子们:~bw / 组队参加:~cl / 费了不少:~di
moc_wubi86_simp_plus	xc	经: / 纾:~b / 缀:~c / 绎:~f / 弘:~y / 经期:~ad	经: / 纾:~b / 缀:~c / 绎:~f / 弘:~y / 经期:~ad
moc_wubi86_simp_plus	xd	顷: / 绂:~c / 毋:~e / 绔:~f / 缄:~g / 弼:~j	顷: / 绂:~c / 毋:~e / 绔:~f / 缄:~g / 弼:~j
moc_wubi86_simp_plus	xe	级: / 绷:~e / 缓:~f / 组:~g / 蠡:~j / 绶:~p	级: / 绷:~e / 缓:~f / 组:~g / 蠡:~j / 绶:~p
moc_wubi86_simp_plus	xg	线: / 纯:~b / 缚:~e / 纡:~f / 绠:~j / 缰:~l	线: / 纯:~b / 缚:~e / 纡:~f / 绠:~j / 缰:~l
moc_wubi86_simp_plus	xk	强: / 缉:~b / 绢:~e / 缲:~k / 织:~w / 细嗅蔷薇:~aa	强: / 缉:~b / 绢:~e / 缲:~k / 织:~w / 细嗅蔷薇:~aa
moc_wubi86_simp_plus	xm	纲: / 绸:~f / 缨:~m / 纳:~w / XML:~l / Extensible Markup Language:~l	纲: / 绸:~f / 缨:~m / 纳:~w / XML:~l / Extensible Markup Language:~l
moc_wubi86_simp_plus	xn	纪: / 缗:~a / 纽:~f / 弓:~g / 纠:~h / 幻:~n	纪: / 缗:~a / 纽:~f / 弓:~g / 纠:~h / 幻:~n
moc_wubi86_simp_plus	xo	继: / 缕:~v / 粥:~x / 纳米工艺:~aa / 红灯区:~aq / 缕陈:~ba	继: / 缕:~v / 粥:~x / 纳米工艺:~aa / 红灯区:~aq / 继子:~bb
moc_wubi86_simp_plus	xq	约: / 纸:~a / 绝:~c / 弥:~i / 绚:~j / 绉:~v	约: / 纸:~a / 绝:~c / 弥:~i / 绚:~j / 绉:~v
moc_wubi86_simp_plus	xs	缥: / 缃:~h / 结构功能:~ac / 张柏芝:~ap / 细木工板:~as / 结构工程:~at	缥: / 缃:~h / 结构功能:~ac / 张柏芝:~ap / 细木工板:~as / 结构工程:~at
moc_wubi86_simp_plus	xt	张: / 颖:~d / 乡:~e / 纤:~f / 绺:~h / 络:~k	张: / 颖:~d / 乡:~e / 纤:~f / 绺:~h / 络:~k
moc_wubi86_simp_plus	xw	给: / 缎:~d / 绘:~f / 缑:~n / 纷:~v / 纵:~w	给: / 缎:~d / 绘:~f / 缑:~n / 纷:~v / 纵:~w
moc_wubi86_simp_plus	xy	纺: / 缡:~b / 统:~c / 缠:~j / 缟:~m / 弦:~x	纺: / 缡:~b / 统:~c / 缠:~j / 缟:~m / 弦:~x
moc_wubi86_simp_plus	y	主: / 言: / 度:~a / 离:~b / 充:~c / 庆:~d	主: / 言: / 度:~a / 离:~b / 充:~c / 庆:~d
moc_wubi86_simp_plus	ya	度: / 试:~a / 诺:~d / 谋:~f / 讧:~g / 讶:~h	度: / 试:~a / 诺:~d / 谋:~f / 讧:~g / 讶:~h
moc_wubi86_simp_plus	yc	充: / 弃:~a / 序:~b / 育:~e / 译:~f / 诒:~k	充: / 弃:~a / 序:~b / 育:~e / 译:~f / 诒:~k
moc_wubi86_simp_plus	yd	庆: / 诂:~g / 诽:~j / 斋:~m / 诚:~n / 诙:~o	庆: / 诂:~g / 诽:~j / 斋:~m / 诚:~n / 诙:~o
moc_wubi86_simp_plus	ye	衣: / 谖:~f / 诅:~g / 裔:~m / 谣:~r / 哀:~u	衣: / 谖:~f / 诅:~g / 裔:~m / 谣:~r / 哀:~u
moc_wubi86_simp_plus	yf	计: / 庋:~c / 庄:~d / 诗:~f / 讲:~j / 诘:~k	计: / 庋:~c / 庄:~d / 诗:~f / 讲:~j / 诘:~k
moc_wubi86_simp_plus	yg	主: / 斌:~a / 请:~e / 证:~h / 语:~k / 谏:~l	主: / 斌:~a / 请:~e / 证:~h / 语:~k / 谏:~l
moc_wubi86_simp_plus	yh	让: / 谑:~a / 店:~k / 卞:~u / 讣:~y / 这些项目:~ah	让: / 谑:~a / 店:~k / 卞:~u / 讣:~y / 这些项目:~ah
moc_wubi86_simp_plus	yi	就: / 应:~d / 诮:~e / 谠:~p / 京:~u / 就其:~ad	就: / 应:~d / 诮:~e / 谠:~p / 京:~u / 就其:~ad
moc_wubi86_simp_plus	yj	刘: / 廛:~f / 齐:~j / 谩:~l / 谒:~q / 课:~s	刘: / 廛:~f / 齐:~j / 谩:~l / 谒:~q / 课:~s
moc_wubi86_simp_plus	yk	训: / 吝:~f / 误:~g / 襄:~k / 识:~w / 误工:~aa	训: / 吝:~f / 误:~g / 襄:~k / 识:~w / 误工:~aa
moc_wubi86_simp_plus	yl	为: / 谓:~e / 亩:~f / 库:~k / 为戒:~aa / 为其:~ad	为: / 谓:~e / 亩:~f / 库:~k / 为戒:~aa / 为其:~ad
moc_wubi86_simp_plus	ym	高: / 亢:~b / 设:~c / 庙:~d / 调:~f / 讪:~h	高: / 亢:~b / 设:~c / 庙:~d / 调:~f / 讪:~h
moc_wubi86_simp_plus	yn	记: / 邙:~b / 戾:~d / 户:~e / 讯:~f / 诩:~g	记: / 邙:~b / 戾:~d / 户:~e / 讯:~f / 诩:~g
moc_wubi86_simp_plus	yo	变: / 弈:~a / 孪:~b / 奕:~d / 蛮:~j / 峦:~m	变: / 弈:~a / 孪:~b / 奕:~d / 蛮:~j / 峦:~m
moc_wubi86_simp_plus	yp	这: / 谊:~e / 膏:~k / 诨:~l / 亮:~m / 亭:~s	这: / 谊:~e / 膏:~k / 诨:~l / 亮:~m / 亭:~s
moc_wubi86_simp_plus	yq	义: / 底:~a / 诡:~d / 廨:~e / 询:~j / 谗:~k	义: / 底:~a / 诡:~d / 廨:~e / 询:~j / 谗:~k
moc_wubi86_simp_plus	yr	诉: / 诟:~g / 诛:~i / 亵:~v / 诉苦:~ad / 广播节目:~ah	诉: / 诟:~g / 诛:~i / 亵:~v / 诉苦:~ad / 广播节目:~ah
moc_wubi86_simp_plus	ys	订: / 床:~i / 谭:~j / 诃:~k / 麻:~s / 靡:~s	订: / 床:~i / 谭:~j / 诃:~k / 麻:~s / 靡:~s
moc_wubi86_simp_plus	yt	放: / 旗:~a / 施:~b / 话:~d / 诱:~e / 许:~f	放: / 旗:~a / 施:~b / 话:~d / 诱:~e / 许:~f
moc_wubi86_simp_plus	yu	说: / 详:~d / 谰:~g / 谙:~j / 谪:~m / 谱:~o	说: / 详:~d / 谰:~g / 谙:~j / 谪:~m / 谱:~o
moc_wubi86_simp_plus	yv	良: / 朗:~c / 唐:~h / 康:~i / 诏:~k / 庚:~w	良: / 朗:~c / 唐:~h / 康:~i / 诏:~k / 庚:~w
moc_wubi86_simp_plus	yw	认: / 讼:~c / 诊:~e / 府:~f / 诠:~g / 褒:~k	认: / 讼:~c / 诊:~e / 府:~f / 诠:~g / 褒:~k
moc_wubi86_simp_plus	yx	率: / 诣:~j / 畜:~l / 雍:~t / 玄:~u / 庇:~x	率: / 诣:~j / 畜:~l / 雍:~t / 玄:~u / 庇:~x
moc_wubi86_simp_plus	yy	方: / 廓:~b / 谅:~i / 访:~n / 议:~q / 廊:~v	方: / 廓:~b / 谅:~i / 访:~n / 议:~q / 廊:~v
moc_wubi86_simp_plus	din	耜: / 奇光异彩:~e / 砂层:~f / 大润发:~t / 有法必依:~w / 不满情绪:~x	奇光异彩:~e / 砂层:~f / 大润发:~t / 有法必依:~w / 不满情绪:~x / 耗尽:~y
moc_wubi86_simp_plus	f2a	工: / 戈: / 式:~a / 节:~b / 芭:~c / 基:~d	工: / 戈: / 式:~a / 节:~b / 芭:~c / 基:~d
moc_wubi86_simp_plus	fjq	埸: / 埋怨:~b / 坦然:~d / 进针:~f / 朝鲜:~g / 朝外:~h	埋怨:~b / 坦然:~d / 进针:~f / 朝鲜:~g / 朝外:~h / 赴日留学:~i
moc_wubi86_simp_plus	fni	墀: / 专治:~c / 声源:~d / 卖淫:~e / 违法:~f / 霞浦:~g	专治:~c / 声源:~d / 卖淫:~e / 违法:~f / 霞浦:~g / 声波:~h
moc_wubi86_simp_plus	fww	赍: / 替代:~a / 老公公:~c / 示例代码:~d / 十分佩服:~e / 规例:~g	替代:~a / 老公公:~c / 示例代码:~d / 十分佩服:~e / 规例:~g / 协会会员:~k
moc_wubi86_simp_plus	hln	卣: / 卤蛋:~h / 卡车司机:~s	卤蛋:~h / 卡车司机:~s
moc_wubi86_simp_plus	ltk	略: / 辂: / 车牌号码:~d / 图中:~h / 输入中国:~l / 输入中文:~y	略: / 车牌号码:~d / 图中:~h / 输入中国:~l / 输入中文:~y / 车牌号:~g
moc_wubi86_simp_plus	osx	OS X: / OS X El Capitan: / OS X Yosemite: / OS X Mavericks: / OS X Mountain Lion: / OS X Lion:	OS X: / 灯丝:~x
moc_wubi86_simp_plus	qer	觚: / 触摸:~a / 角质:~f / 邂逅:~g / 解掉:~h / 解扣:~k	触摸:~a / 角质:~f / 邂逅:~g / 解掉:~h / 解扣:~k / 解气:~n
moc_wubi86_simp_plus	qeu	斛: / 觯: / 解冻:~a / 触痛:~c / 锄头:~d / 角斗:~f	斛: / 解冻:~a / 触痛:~c / 锄头:~d / 角斗:~f / 饱受煎熬:~g
moc_wubi86_simp_plus	rho	rho: / 牛粪:~a / 指点迷津:~i / 扑火:~o / 年糕:~u / 年数:~v	牛粪:~a / 指点迷津:~i / 扑火:~o / 年糕:~u / 年数:~v / 扑粉:~w
moc_wubi86_simp_plus	tlp	笾: / 香车宝马:~c / 重置密码:~d / 务农:~e / 生力军:~l / 我国农业:~o	香车宝马:~c / 重置密码:~d / 务农:~e / 生力军:~l / 我国农业:~o / 我国农村:~s
moc_wubi86_simp_plus	udp	送: / 闼: / UDP: / User Datagram Protocol: / 并不突出:~b / 阉割:~d	送: / UDP: / User Datagram Protocol: / 并不突出:~b / 阉割:~d / 养家:~e
moc_wubi86_simp_plus	uls	阃: / 曾想:~h / 前车可鉴:~j / 曾哥:~k / 新墨西哥:~s / 美国标准:~u	曾想:~h / 前车可鉴:~j / 曾哥:~k / 新墨西哥:~s / 美国标准:~u
moc_wubi86_simp_plus	uqa	阍: / 新鲜蔬菜:~a / 将其:~d / 酱菜:~e / 次卧:~h / 盗墓:~j	新鲜蔬菜:~a / 将其:~d / 酱菜:~e / 次卧:~h / 盗墓:~j / 效劳:~p
moc_wubi86_simp_plus	uyv	阆:	
moc_wubi86_simp_plus	xee	绷: / Xee: / 绷脸:~w	绷: / 绷脸:~w
moc_wubi86_simp_plus	yfq	庑: / 诸色:~c / 文过饰非:~d / 讲解:~e / 认真负责:~g / 诗句:~k	诸色:~c / 文过饰非:~d / 讲解:~e / 认真负责:~g / 诗句:~k / 讨饭:~n
moc_wubi86_simp_plus	`bian	便:wgj wgjq / 边:lp lpv / 变:yo yoc yocu / 遍:ynm ynmp / 编:xyna / 贬:mtp mtpy	便:wgj wgjq / 边:lp lpv / 变:yo yoc yocu / 遍:ynm ynmp / 编:xyna / 贬:mtp mtpy
moc_wubi86_simp_plus	`chai	拆:rry rryy / 柴:hxs hxsu / 差:uda udaf / 钗:qcy qcyy / 豺:eef eeft / 虿:dnju	拆:rry rryy / 柴:hxs hxsu / 差:uda udaf / 钗:qcy qcyy / 豺:eef eeft / 侪:wyj wyjh
moc_wubi86_simp_plus	`chang	长:ta tay tayi / 唱:kjj kjjg / 场:fnrt / 常:ipkh / 厂:dgt / 尝:ipf ipfc	长:ta tay tayi / 唱:kjj kjjg / 场:fnrt / 常:ipkh / 厂:dgt / 尝:ipf ipfc
moc_wubi86_simp_plus	`chi	吃:ktn ktnn / 持:rf rff rffy / 池:ib ibn / 尺:nyi / 赤:fo fou / 迟:nyp nypi	吃:ktn ktnn / 持:rf rff rffy / 池:ib ibn / 尺:nyi / 赤:fo fou / 迟:nyp nypi
moc_wubi86_simp_plus	`fu	附:bwf bwfy / 负:qm qmu / 服:eb ebc ebcy / 副:gkl gklj / 付:wfy / 复:tjt tjtu	附:bwf bwfy / 负:qm qmu / 服:eb ebc ebcy / 副:gkl gklj / 付:wfy / 复:tjt tjtu
moc_wubi86_simp_plus	`gu	故:dty / 股:emc emcy / 古:dgh dghg / 鼓:fkuc / 谷:wwk wwkf / 骨:me mef	故:dty / 股:emc emcy / 古:dgh dghg / 鼓:fkuc / 谷:wwk wwkf / 骨:me mef
moc_wubi86_simp_plus	`gui	贵:khgm / 归:jv jvg / 鬼:rqc rqci / 跪:khqb / 轨:lv lvn / 硅:dff dffg	贵:khgm / 归:jv jvg / 鬼:rqc rqci / 跪:khqb / 轨:lv lvn / 硅:dff dffg
moc_wubi86_simp_plus	`hun	混:ijx ijxx / 魂:fcr fcrc / 婚:vq vqa vqaj / 荤:aplj / 浑:ipl iplh / 昏:qajf	混:ijx ijxx / 魂:fcr fcrc / 婚:vq vqa vqaj / 荤:aplj / 浑:ipl iplh / 昏:qajf
moc_wubi86_simp_plus	`ji	及:ey eyi / 即:vcb vcbh / 级:xe xey xeyy / 既:vca vcaq / 集:wys wysu / 记:yn ynn	及:ey eyi / 即:vcb vcbh / 级:xe xey xeyy / 既:vca vcaq / 集:wys wysu / 记:yn ynn
moc_wubi86_simp_plus	`kun	困:ls lsi / 坤:fjhh / 捆:rls rlsy / 昆:jx jxx jxxb / 鲲:qgjx / 髡:degq	困:ls lsi / 坤:fjhh / 捆:rls rlsy / 昆:jx jxx jxxb / 鲲:qgjx / 髡:degq
moc_wubi86_simp_plus	`lang	狼:qty qtye / 浪:iyv iyve / 郎:yvcb / 朗:yvc yvce / 廊:yyv yyvb / 啷:kyv kyvb	狼:qty qtye / 浪:iyv iyve / 郎:yvcb / 朗:yvc yvce / 廊:yyv yyvb / 啷:kyv kyvb
moc_wubi86_simp_plus	`lu	路:kht khtk / 撸:rqg rqgj / 录:vi viu / 陆:bfm bfmh / 鹿:ynj ynjx / 鲁:qgj qgjf	路:kht khtk / 撸:rqg rqgj / 录:vi viu / 陆:bfm bfmh / 鹿:ynj ynjx / 鲁:qgj qgjf
moc_wubi86_simp_plus	`si	四:lh lhng / 死:gqx gqxb / 斯:adwr / 撕:rad radr / 似:wny wnyw / 丝:xxg xxgf	四:lh lhng / 死:gqx gqxb / 斯:adwr / 撕:rad radr / 似:wny wnyw / 丝:xxg xxgf
moc_wubi86_simp_plus	`ta	他:wb wbn / 它:px pxb / 她:vbn / 塔:fawk / 塌:fjn fjng / 踏:khij	他:wb wbn / 它:px pxb / 她:vbn / 塔:fawk / 塌:fjn fjng / 踏:khij
moc_wubi86_simp_plus	`wu	无:fq fqv / 五:gg ggh gghg / 物:tr trq trqr / 吾:gkf / 吴:kgd kgdu / 勿:qre	无:fq fqv / 五:gg ggh gghg / 物:tr trq trqr / 吾:gkf / 吴:kgd kgdu / 勿:qre
moc_wubi86_simp_plus	`yi	以:c nyw nywy / 一:g ggl ggll / 亿:wn wnn / 已:n nnnn / 亦:you / 易:jqr jqrr	以:c nyw nywy / 一:g ggl ggll / 亿:wn wnn / 已:n nnnn / 亦:you / 易:jqr jqrr
moc_wubi86_simp_plus	`you	有:def e / 又:c ccc cccc / 由:mh mhng / 油:img / 右:dk dkf / 哟:kx kxq kxqy	有:def e / 又:c ccc cccc / 由:mh mhng / 油:img / 右:dk dkf / 哟:kx kxq kxqy
moc_wubi86_simp_plus	`zhi	只:kw kwu / 之:p pp ppp pppp / 至:gcf gcff / 值:wfhg / 指:rxj rxjg / 纸:xqa xqan	只:kw kwu / 之:p pp ppp pppp / 至:gcf gcff / 值:wfhg / 指:rxj rxjg / 纸:xqa xqan
moc_wubi86_simp_plus	aac	落落难合:~w / 工艺难度:~y	工艺难度:~y
moc_wubi86_simp_plus	aad	葚: / 斯芬克斯:~a / 工友:~c / 工大:~d / 工厂:~g / 落荒而逃:~i	葚: / 斯芬克斯:~a / 工友:~c / 工大:~d / 工厂:~g / 落荒而逃:~i
moc_wubi86_simp_plus	aat	工长:~a / 工行:~f / 警匪片:~h / 蓬荜生辉:~i / 工程:~k / 戒备:~l	工长:~a / 工行:~f / 警匪片:~h / 蓬荜生辉:~i / 工程:~k / 戒备:~l
moc_wubi86_simp_plus	aav	Aave:~e / 葫芦娃:~f / 戒刀:~n / 欧式建筑:~t / 勤勤恳恳:~v / 芙蓉姐姐:~v	葫芦娃:~f / 戒刀:~n / 欧式建筑:~t / 勤勤恳恳:~v / 芙蓉姐姐:~v
moc_wubi86_simp_plus	adg	葳: / 巧夺天工:~a / 甚至:~c / 藏青:~e / 基于:~f / 其一:~g	葳: / 巧夺天工:~a / 甚至:~c / 藏青:~e / 基于:~f / 其一:~g
moc_wubi86_simp_plus	ads	工厂模式:~a / 期权:~c / 基极:~e / 东奔西走:~f / 基本:~g / 若想:~h	工厂模式:~a / 期权:~c / 基极:~e / 东奔西走:~f / 基本:~g / 若想:~h
moc_wubi86_simp_plus	adt	甚么:~c / 苦短:~d / 期待:~f / 欺生:~g / 苦处:~h / 基础算法:~i	甚么:~c / 苦短:~d / 期待:~f / 欺生:~g / 苦处:~h / 基础算法:~i
moc_wubi86_simp_plus	afs	某: / 鞋柜:~a / 东走西顾:~d / 靶标:~f / 甘醇:~g / 靶机:~m	某: / 鞋柜:~a / 靶标:~f / 甘醇:~g / 靶机:~m / 功过相抵:~r
moc_wubi86_simp_plus	agw	七青八黄:~a / 董事会:~f / 巧合:~g / 七个:~h / 落于人后:~r / 七八:~t	董事会:~f / 巧合:~g / 七个:~h / 落于人后:~r / 七八:~t / 七位:~u
moc_wubi86_simp_plus	agy	邪恶计划:~a / 某一方面:~d / 巧计:~f / 巧记:~n / 荆州:~t / 斯琴高娃:~v	邪恶计划:~a / 某一方面:~d / 巧计:~f / 巧记:~n / 荆州:~t / 斯琴高娃:~v
moc_wubi86_simp_plus	ahi	菽: / 牙尖:~d / 邪淫:~e / 雅洁:~f / 牙婆:~h / 斯卡洛尼:~n	菽: / 牙尖:~d / 邪淫:~e / 雅洁:~f / 斯卡洛尼:~n / 雅淡:~o
moc_wubi86_simp_plus	ahm	雅典:~a / 牙雕:~f / 欺上罔下:~g / 卧虎山:~m / 节目内容:~p / 雅迪:~p	雅典:~a / 牙雕:~f / 欺上罔下:~g / 节目内容:~p / 雅迪:~p
moc_wubi86_simp_plus	ahs	牙齿松动:~f / 卧槽:~g / 雅相:~h / 卧榻:~j / 雅歌:~k / 菽粟:~o	牙齿松动:~f / 卧槽:~g / 雅相:~h / 卧榻:~j / 雅歌:~k / 工具栏:~u
moc_wubi86_simp_plus	aij	东汉时期:~a / 东盟:~e / 东里:~f / 落日:~j / 落果:~s / 东临:~t	东汉时期:~a / 东盟:~e / 东里:~f / 落日:~j / 落果:~s / 东临:~t
moc_wubi86_simp_plus	ait	落: / 东升:~a / 医学科研:~d / 东航:~e / 落选:~f / 东征:~g	落: / 东升:~a / 医学科研:~d / 东航:~e / 落选:~f / 东征:~g
moc_wubi86_simp_plus	ajc	基里巴斯:~a / 莫能:~e / 七星台:~k / 草鸡:~q	基里巴斯:~a / 莫能:~e / 草鸡:~q
moc_wubi86_simp_plus	akb	葺: / 黄口孺子:~b / 蕺:~t	葺: / 蕺:~t
moc_wubi86_simp_plus	akt	惑乱:~d / 萼片:~h / 藏器待时:~j / 勤务:~l / 匮乏:~p / 或称:~q	惑乱:~d / 萼片:~h / 勤务:~l / 匮乏:~p / 或称:~q / 落叶乔木:~s
moc_wubi86_simp_plus	amb	雅典卫城:~f / 黄陂:~h / 黄了:~n / 芟除:~w / 黄陵:~f / amber:~er	雅典卫城:~f / 黄陂:~h / 黄了:~n / 黄陵:~f / amber:~er
moc_wubi86_simp_plus	amf	苒: / 匝地:~b / 英魂:~c / 黄土:~f / 英寸:~g / 英超:~h	苒: / 匝地:~b / 英魂:~c / 黄土:~f / 英寸:~g / 英超:~h
moc_wubi86_simp_plus	ano	薪尽火传:~w / another:~ther / anonymous:~nymous	another:~ther / anonymous:~nymous
moc_wubi86_simp_plus	ans	巨树:~c / 七层模型:~g / 世相:~h / 巨贾:~m / 其情可悯:~n / 艺林:~s	巨树:~c / 七层模型:~g / 世相:~h / 巨贾:~m / 艺林:~s / 艺校:~u
moc_wubi86_simp_plus	apc	APC: / Ability Power Carry: / 营垒:~c / 其实难副:~g / 黄家驹:~q / 蒙难:~w	APC: / Ability Power Carry: / 营垒:~c / 黄家驹:~q / 蒙难:~w / 蒙骗:~y
moc_wubi86_simp_plus	api	荥: / API: / Application Programming Interface: / 蒙尘:~f / 藏宝海湾:~i / 蒙混:~j	荥: / API: / Application Programming Interface: / 蒙尘:~f / 藏宝海湾:~i / 蒙混:~j
moc_wubi86_simp_plus	apn	茕: / 萦怀:~g / 营收:~h / 警察局:~n / 劳改:~t / 荧屏:~u	茕: / 营收:~h / 警察局:~n / 劳改:~t / 荧屏:~u / 劳心:~y
moc_wubi86_simp_plus	apt	荣升:~a / 营私:~c / 营盘:~e / 营造:~f / 营生:~g / 蒙版:~h	荣升:~a / 营私:~c / 营盘:~e / 营造:~f / 营生:~g / 蒙版:~h
moc_wubi86_simp_plus	aqd	区码:~c / 葱郁:~e / 殴辱:~f / 慕名而来:~g / 著名大学:~i / 黄钟大吕:~k	区码:~c / 葱郁:~e / 殴辱:~f / 慕名而来:~g / 著名大学:~i / 黄钟大吕:~k
moc_wubi86_simp_plus	aqi	区: / 瓯江:~a / 著名学者:~f / 蒸馏水:~i / 蕞尔小国:~l / 黄金海岸:~m	区: / 瓯江:~a / 著名学者:~f / 蒸馏水:~i / 黄金海岸:~m / 警觉:~p
moc_wubi86_simp_plus	aqv	匹: / 萏:~f / 警嫂:~v / 欧姆:~x / 黄钟毁弃:~y	匹: / 萏:~f / 警嫂:~v / 欧姆:~x
moc_wubi86_simp_plus	aqw	芡: / 敬颂:~c / 区段:~d / 基金会:~f / 苟合:~g / 敬候:~h	芡: / 区段:~d / 基金会:~f / 苟合:~g / 营销人员:~k / 敬佩:~m
moc_wubi86_simp_plus	ard	斯托克顿:~g / 其所有权:~s / 薄技在身:~t / 东皇太一:~g	斯托克顿:~g / 其所有权:~s / 东皇太一:~g
moc_wubi86_simp_plus	asp	asp: / 艺术字:~b / 基本完成:~d / 艺术家:~e / 基本案情:~n / 卧榻之侧:~w	asp: / 艺术字:~b / 基本完成:~d / 艺术家:~e / 基本案情:~n / 卧榻之侧:~w
moc_wubi86_simp_plus	asw	菘: / 鹊桥会:~f / 艺术作品:~k / 基本人权:~s / 茂林修竹:~t / 荡检逾闲:~u	菘: / 鹊桥会:~f / 艺术作品:~k / 基本人权:~s / 茂林修竹:~t / 艺术创作:~w
moc_wubi86_simp_plus	aug	August: / 医疗事故:~d / 燕瘦环肥:~e / 东半球:~f / 苦差事:~k / 英美两国:~l	August: / 医疗事故:~d / 东半球:~f / 苦差事:~k / 英美两国:~l / 欧美玩家:~p
moc_wubi86_simp_plus	aup	蒂: / 蔽塞:~f / 芝兰之室:~p / 工资福利:~t / 莫逆之交:~u / 燕窝:~w	蒂: / 蔽塞:~f / 工资福利:~t / 莫逆之交:~u / 燕窝:~w / 蒡:~y
moc_wubi86_simp_plus	aur	AUR: / Arch User Repository: / 医疗护理:~g / 菩提:~j / 苍颜白发:~n / 茭白:~r	AUR: / Arch User Repository: / 医疗护理:~g / 菩提:~j / 苍颜白发:~n / 茭白:~r
moc_wubi86_simp_plus	auy	蒂诺:~a / 欧美市场:~f / 东道主:~g / 燕京:~i / 工商户:~n / 欧普康视:~p	蒂诺:~a / 欧美市场:~f / 东道主:~g / 燕京:~i / 工商户:~n / 获益良多:~q
moc_wubi86_simp_plus	avy	芄: / 欺君误国:~l / 切记:~n / 切变:~o / 荨麻:~s / 切诊:~w	芄: / 切记:~n / 切变:~o / 荨麻:~s / 切诊:~w
moc_wubi86_simp_plus	awp	AWP: / Arctic Warfare Police: / 切合实际:~b / 茶寮:~d / 革命家:~e / 花冠:~f	AWP: / Arctic Warfare Police: / 切合实际:~b / 革命家:~e / 花冠:~f / 工作室:~g
moc_wubi86_simp_plus	aws	茶: / AWS: / Amazon Web Services: / 工作模式:~a / 著作权:~c / 花枝:~f	茶: / AWS: / Amazon Web Services: / 工作模式:~a / 著作权:~c / 花枝:~f
moc_wubi86_simp_plus	awx	花: / 花红:~a / 工作经验:~c / 工作经历:~d / 工作组:~e / 工作结束:~g	花: / 花红:~a / 工作经验:~c / 工作经历:~d / 工作组:~e / 工作结束:~g
moc_wubi86_simp_plus	awy	蕉: / 工作方式:~a / 共享:~b / 苓:~c / 其他方面:~d / 花衣:~e	蕉: / 工作方式:~a / 共享:~b / 苓:~c / 其他方面:~d / 花衣:~e
moc_wubi86_simp_plus	ayf	荒地:~b / 芳魂:~c / 荒坡:~h / 英语老师:~j / 菜市场:~n / 东京地铁:~q	荒地:~b / 荒坡:~h / 英语老师:~j / 菜市场:~n / 东京地铁:~q / 荒诞无稽:~t
moc_wubi86_simp_plus	ayq	英语句子:~b / 蔼然:~d / 英语角:~e / 芳名:~k / 英文名字:~p / 英文名称:~t	英语句子:~b / 英语角:~e / 芳名:~k / 英文名字:~p / 英文名称:~t / 邪魔外道:~u
moc_wubi86_simp_plus	ayw	萃: / 艺高人胆大:~d / 茶话会:~f / 草率从事:~g / 花旗集团:~l / 英文合同:~m	萃: / 艺高人胆大:~d / 茶话会:~f / 草率从事:~g / 花旗集团:~l / 英文合同:~m
moc_wubi86_simp_plus	bar	bar: / 陈兵:~g / 陈年:~h / 隔靴搔痒:~u / 阿其所好:~v / 堕落的人:~w	bar: / 陈兵:~g / 陈年:~h / 隔靴搔痒:~u / 堕落的人:~w / 防范措施:~y
moc_wubi86_simp_plus	bdd	阳春三月:~e / 承压:~f / 随感:~g / 阳春面:~m / 也不确定:~p / 也不在乎:~t	阳春三月:~e / 承压:~f / 随感:~g / 阳春面:~m / 也不确定:~p / 也不在乎:~t
moc_wubi86_simp_plus	bdf	承载:~a / 随地:~b / 承运:~c / 阿奇霉素:~g / 隋朝:~j / 了不起啊:~k	承载:~a / 随地:~b / 承运:~c / 阿奇霉素:~g / 隋朝:~j / 了不起啊:~k
moc_wubi86_simp_plus	bdt	承租:~e / 随行:~f / 承重:~g / 随处:~h / 随和:~k / 联邦德国:~l	承租:~e / 随行:~f / 承重:~g / 随处:~h / 随和:~k / 联邦德国:~l
moc_wubi86_simp_plus	bfd	孺: / 阴魂不散:~a / 承载不了:~b / 陆丰:~h / 了无牵挂:~r / 降志辱身:~t	孺: / 阴魂不散:~a / 承载不了:~b / 陆丰:~h / 了无牵挂:~r / 联考成绩:~x
moc_wubi86_simp_plus	bgu	陕: / 耳闻:~b / 隔着:~d / 阮囊羞涩:~i / 出现问题:~j / 耳部:~k	陕: / 耳闻:~b / 隔着:~d / 出现问题:~j / 耳部:~k / 出现疫情:~n
moc_wubi86_simp_plus	bjd	卫冕成功:~a / 聚蚊成雷:~f / 联盟成员:~k / 阳历:~l / 阳面:~m / 随遇而安:~p	卫冕成功:~a / 联盟成员:~k / 阳历:~l / 阳面:~m / 随遇而安:~p / 阿里不哥:~s
moc_wubi86_simp_plus	bkh	聩: / 亟盼:~w	聩:
moc_wubi86_simp_plus	bkx	职级:~e / 降贵纡尊:~u	职级:~e
moc_wubi86_simp_plus	bln	耳软心活:~i / 阵发:~t / 孟买:~u	阵发:~t / 孟买:~u
moc_wubi86_simp_plus	bnp	孔家:~e / 聊以塞责:~g / 了之:~p / 子丑寅卯:~q / 也被:~u / 了案:~v	孔家:~e / 了之:~p / 子丑寅卯:~q / 也被:~u / 了案:~v / 孙悟空:~w
moc_wubi86_simp_plus	boe	取精用弘:~x	
moc_wubi86_simp_plus	bsw	孤标傲世:~a / 阿公:~c / 随机信号:~k / 联想集团:~l / 阿爸:~q / 阿伯:~r	阿公:~c / 随机信号:~k / 联想集团:~l / 阿爸:~q / 阿伯:~r / 阿伦:~w
moc_wubi86_simp_plus	buv	陪她:~b / 防意如城:~f / 联姻:~l / 陪嫁:~p	陪她:~b / 联姻:~l / 陪嫁:~p
moc_wubi86_simp_plus	bwf	附: / 附载:~a / 坠地:~b / 除去:~c / 坠:~f / 联合起来:~g	附: / 附载:~a / 坠地:~b / 除去:~c / 坠:~f / 联合起来:~g
moc_wubi86_simp_plus	byk	阿育吠陀:~b / 防患:~k / 孔方兄:~q / 防噪:~k	阿育吠陀:~b / 防患:~k / 防噪:~k
moc_wubi86_simp_plus	byx	防线:~g / 隔离级别:~k / 防缩:~p / 防弹:~u / 聚讼纷纭:~x	防线:~g / 隔离级别:~k / 防缩:~p / 防弹:~u
moc_wubi86_simp_plus	cac	骁骑:~d / 骁勇:~e / 戏台:~k / 又苦又累:~l / 骐骥:~u / cache:~he	骁骑:~d / 骁勇:~e / 戏台:~k / 又苦又累:~l / cache:~he / cached:~hed
moc_wubi86_simp_plus	cbd	预: / 矜夸:~f / 预感:~g / 预存:~h / 预防感冒:~j	预: / 预感:~g / 预存:~h / 预防感冒:~j
moc_wubi86_simp_plus	cca	桑葚:~a / 双节:~b / 参观工厂:~d / 骀荡:~i / 双黄:~m / 双薪:~u	桑葚:~a / 双节:~b / 参观工厂:~d / 双黄:~m / 双薪:~u / 双工:~a
moc_wubi86_simp_plus	ccg	双开:~a / 桑蚕:~d / 垒球:~f / 又一:~g / 又不:~i / 又再:~m	双开:~a / 桑蚕:~d / 垒球:~f / 又一:~g / 又不:~i / 又再:~m
moc_wubi86_simp_plus	ccp	骆驼祥子:~b / 骚客:~t / 叠字:~b	骆驼祥子:~b / 叠字:~b
moc_wubi86_simp_plus	cdq	参错:~a / 巴厘岛:~y	巴厘岛:~y
moc_wubi86_simp_plus	cdu	骑着:~d / 参半:~f / 参商:~m / 参阅:~u / 马太效应:~y / 参差:~d	骑着:~d / 参半:~f / 参阅:~u / 马太效应:~y / 参差:~d
moc_wubi86_simp_plus	cep	通: / 通家:~e / 勇冠:~f / 通宝:~g / 通宵:~i / 通窍:~w	通: / 勇冠:~f / 通宝:~g / 通宵:~i / 通窍:~w / 通神:~y
moc_wubi86_simp_plus	ckd	鸡鸣而起:~f / 驴鸣犬吠:~k / 台历:~l / 台面:~m	鸡鸣而起:~f / 台历:~l / 台面:~m
moc_wubi86_simp_plus	ckg	驶到:~c / 台甫:~e / 台球:~f / 台下:~h / 怠速:~k / 柔中带刚:~m	驶到:~c / 台球:~f / 台下:~h / 怠速:~k / 柔中带刚:~m / 驶来:~o
moc_wubi86_simp_plus	ckj	台盟:~e / 台电:~n / 台鉴:~t	台盟:~e / 台电:~n
moc_wubi86_simp_plus	ckl	台架:~k / 台驾:~k	台架:~k
moc_wubi86_simp_plus	cmn	骋怀:~g	
moc_wubi86_simp_plus	crb	牟取:~c / 能打出来:~g / 能近取譬:~n	牟取:~c / 能打出来:~g
moc_wubi86_simp_plus	csd	CSDN:~n / 巴格达:~p / 通权达变:~y	CSDN:~n / 巴格达:~p
moc_wubi86_simp_plus	cuw	骈俪:~g / 骈体:~s	骈体:~s
moc_wubi86_simp_plus	cwh	难卜:~h / 难点:~k / 难眠:~n	难点:~k / 难眠:~n
moc_wubi86_simp_plus	cxj	圣经贤传:~w	
moc_wubi86_simp_plus	dap	有功之臣:~a / 不切实际:~b / 厮守:~f / 大雅之堂:~i / 奉若神明:~j / 成功之路:~k	有功之臣:~a / 不切实际:~b / 厮守:~f / 大雅之堂:~i / 奉若神明:~j / 成功之路:~k
moc_wubi86_simp_plus	dcb	码子:~b / 不能承受:~e / 奇马耶夫:~f / 不能取消:~i / 太难了吧:~k / 友联:~u	码子:~b / 不能承受:~e / 不能取消:~i / 太难了吧:~k / 友联:~u
moc_wubi86_simp_plus	dch	龙骧虎步:~h / 不能上网:~m	不能上网:~m
moc_wubi86_simp_plus	dck	太难听了:~b / 雄踞:~h / 大通中心:~n / 大马哈鱼:~q	太难听了:~b / 雄踞:~h / 大马哈鱼:~q
moc_wubi86_simp_plus	dcp	犬马之劳:~a / 码字:~b / 不能实现:~g / 友军:~l / 不能容忍:~v / 不能完全:~w	码字:~b / 不能实现:~g / 友军:~l / 不能容忍:~v / 不能完全:~w / 雄视:~y
moc_wubi86_simp_plus	ddg	碱: / 大型:~a / 大致:~c / 不太正确:~d / 压而不服:~e / 大于:~f	碱: / 大型:~a / 大致:~c / 不太正确:~d / 压而不服:~e / 大于:~f
moc_wubi86_simp_plus	ddy	大度:~a / 大亨:~b / 左右为难:~c / 大庆:~d / 大衣:~e / 大计:~f	大度:~a / 大亨:~b / 左右为难:~c / 大庆:~d / 大衣:~e / 大计:~f
moc_wubi86_simp_plus	dem	髯: / 胡同:~g / 龙肝凤髓:~m / 大腿内侧:~w / 有肉:~w / demo:~o	髯: / 胡同:~g / 大腿内侧:~w / 有肉:~w / demo:~o / demand:~and
moc_wubi86_simp_plus	dff	硅: / 大动干戈:~a / 太垃圾了:~b / 夺去:~c / 有志者事竟成:~d / 砖墙:~f	硅: / 大动干戈:~a / 太垃圾了:~b / 夺去:~c / 有志者事竟成:~d / 砖墙:~f
moc_wubi86_simp_plus	dfp	成都军区:~a / 太真实了:~b / 有过之而无不及:~e / 夺冠:~f / 夺宝:~g / 不真实的:~r	成都军区:~a / 太真实了:~b / 有过之而无不及:~e / 夺冠:~f / 夺宝:~g / 不真实的:~r
moc_wubi86_simp_plus	dgc	硬驱:~a / 威驰:~b / 三双:~c / 三通:~e / 三台:~k / 不再参加:~l	硬驱:~a / 威驰:~b / 三双:~c / 三通:~e / 三台:~k / 不再参加:~l
moc_wubi86_simp_plus	dgk	咸: / 感叹:~c / 犬吠:~d / 厨:~f / 威吓:~g / 三环路:~h	咸: / 感叹:~c / 犬吠:~d / 厨:~f / 威吓:~g / 三环路:~h
moc_wubi86_simp_plus	dhq	艳: / 三眼乌鸦:~a / 戛然:~d / 破解:~e / 存钱:~g / 在外:~h	艳: / 三眼乌鸦:~a / 戛然:~d / 破解:~e / 存钱:~g / 在外:~h
moc_wubi86_simp_plus	dhv	契: / 在即:~c / 在那:~f / 三贞九烈:~g / 挈:~r / 非此即彼:~t	契: / 在即:~c / 在那:~f / 挈:~r / 非此即彼:~t / 艳女:~v
moc_wubi86_simp_plus	dij	耦: / 大学时期:~a / 耗时:~f / 大法师:~g / 大清早:~h / 非常明显:~j	耦: / 大学时期:~a / 耗时:~f / 大法师:~g / 大清早:~h / 非常明显:~j
moc_wubi86_simp_plus	djd	非: / 翡: / 布里奇斯:~a / 不是万能:~c / 裴:~e / 韭:~g	非: / 翡: / 布里奇斯:~a / 不是万能:~c / 裴:~e / 韭:~g
moc_wubi86_simp_plus	dmf	碉: / 不同地区:~a / 而去:~c / 不同需求:~f / 耐干:~g / 而起:~h	碉: / 不同地区:~a / 而去:~c / 不同需求:~f / 耐干:~g / 而起:~h
moc_wubi86_simp_plus	dmm	页岩:~d / 面巾:~h / 不同凡响:~k / 面见:~q / 不同风格:~s / 春风风人:~w	页岩:~d / 面巾:~h / 不同凡响:~k / 面见:~q / 不同风格:~s / 古典风格:~s
moc_wubi86_simp_plus	dmt	而知:~d / 感同身受:~e / 而行:~f / 而生:~g / 不同程度上:~h / 面积:~k	而知:~d / 感同身受:~e / 而行:~f / 而生:~g / 不同程度上:~h / 面积:~k
moc_wubi86_simp_plus	dmy	矾: / 面试:~a / 面熟:~b / 不同方面:~d / 布衣:~e / 大幅调整:~g	矾: / 面试:~a / 面熟:~b / 不同方面:~d / 布衣:~e / 大幅调整:~g
moc_wubi86_simp_plus	dnd	臧: / DnD: / D&D: / Dungeons & Dragons: / 尤尼克斯:~a / 克尽厥职:~b	臧: / DnD: / D&D: / Dungeons & Dragons: / 尤尼克斯:~a / 克尽厥职:~b
moc_wubi86_simp_plus	dnj	万里:~f / 成虫:~h / 成日:~j / 尴:~l / 成果:~s / 不愧是我:~t	万里:~f / 成虫:~h / 成日:~j / 尴:~l / 成果:~s / 不愧是我:~t
moc_wubi86_simp_plus	dnt	成长:~a / 盛季:~b / 万般:~e / 万千:~f / 有性生殖:~g / 成片:~h	成长:~a / 盛季:~b / 万般:~e / 万千:~f / 有性生殖:~g / 成片:~h
moc_wubi86_simp_plus	doj	磷虾:~g / 石火电光:~i / 灰暗:~u	磷虾:~g / 灰暗:~u
moc_wubi86_simp_plus	dpd	碗碟:~a / 奋袂而起:~f / 不宣而战:~h / 研究成果:~j / 大富大贵:~k / 碗面:~m	碗碟:~a / 不宣而战:~h / 研究成果:~j / 大富大贵:~k / 碗面:~m / 达成:~n
moc_wubi86_simp_plus	dpe	太实用了:~b / 有容乃大:~d / 破家县令:~w	太实用了:~b / 有容乃大:~d
moc_wubi86_simp_plus	dqs	砍树:~c / 有危机感:~d / 万象森罗:~l / 三角板:~r / 克林:~s / 砥柱:~y	砍树:~c / 有危机感:~d / 三角板:~r / 克林:~s / 砥柱:~y
moc_wubi86_simp_plus	dqy	布鲁诺:~a / 秦镜高悬:~e / 确证:~g / 大饭店:~h / 确应:~i / 有错就改:~n	布鲁诺:~a / 确证:~g / 大饭店:~h / 确应:~i / 有错就改:~n / 三角恋:~o
moc_wubi86_simp_plus	drp	不看字幕:~a / 有所突破:~d / 原定:~g / 原审:~j / 不白之冤:~p / 三年之后:~r	不看字幕:~a / 有所突破:~d / 原定:~g / 原审:~j / 不白之冤:~p / 三年之后:~r
moc_wubi86_simp_plus	dru	有年头了:~b / 原状:~d / 原装:~f / 愿意:~j / 三年疫情:~n / 有所冲突:~p	有年头了:~b / 原状:~d / 原装:~f / 愿意:~j / 三年疫情:~n / 有所冲突:~p
moc_wubi86_simp_plus	dsq	不要错过:~f / 厅外:~h / 雁杳鱼沉:~i / 碳酸饮料:~o / 不可忽视:~p / 大权独揽:~r	不要错过:~f / 厅外:~h / 碳酸饮料:~o / 不可忽视:~p / 大权独揽:~r / 不可多得:~t
moc_wubi86_simp_plus	dsw	太相似了:~b / 有机合成:~d / 不可企及:~e / 不可逾越:~f / 奇侠:~g / 不要焦虑:~h	太相似了:~b / 有机合成:~d / 不可企及:~e / 不可逾越:~f / 奇侠:~g / 不要焦虑:~h
moc_wubi86_simp_plus	dsy	奇谋:~a / 不要忘了:~b / 奇谲:~c / 不要放在:~d / 奇计:~f / 不可磨灭:~g	奇谋:~a / 不要忘了:~b / 不要放在:~d / 奇计:~f / 不可磨灭:~g / 不可言喻:~k
moc_wubi86_simp_plus	dta	达特茅斯:~a / 万向节:~b / 不知其二:~f / 不得其法:~i / 大智若愚:~j / 大千世界:~l	达特茅斯:~a / 万向节:~b / 不知其二:~f / 不得其法:~i / 大智若愚:~j / 大千世界:~l
moc_wubi86_simp_plus	dti	大街小巷:~a / 大禹治水:~i / 不自觉中:~k / 寿堂:~p / 寿光:~q / 帮派:~r	大街小巷:~a / 大禹治水:~i / 不自觉中:~k / 寿堂:~p / 寿光:~q / 帮派:~r
moc_wubi86_simp_plus	dts	尤利西斯:~a / 太重要了:~b / 寿材:~f / 寿桃:~i / 有利可图:~l / 不重要的:~r	尤利西斯:~a / 太重要了:~b / 寿桃:~i / 有利可图:~l / 不重要的:~r / 不得要领:~w
moc_wubi86_simp_plus	dtt	万物复苏:~a / 太自私了:~b / 故知:~d / 古筝行动:~f / 硬生生:~g / 在我身上:~h	万物复苏:~a / 太自私了:~b / 故知:~d / 古筝行动:~f / 硬生生:~g / 在我身上:~h
moc_wubi86_simp_plus	dtu	三街六巷:~a / 太简单了:~b / 帮着:~d / 大处着眼:~h / 故意:~j / 不知道呢:~k	太简单了:~b / 帮着:~d / 大处着眼:~h / 故意:~j / 不知道呢:~k / 奋笔疾书:~n
moc_wubi86_simp_plus	dtv	太复杂了:~b / 非升即走:~f / 不得好死:~g / 不复杂的:~r / 大笔如椽:~s / 不管如何:~w	太复杂了:~b / 非升即走:~f / 不得好死:~g / 不复杂的:~r / 不管如何:~w / 不知好歹:~g
moc_wubi86_simp_plus	dua	太痛苦了:~b / 有效期:~d / 碰巧:~g / 碰落:~i / 有效期是:~j / 雄姿英发:~n	太痛苦了:~b / 有效期:~d / 碰巧:~g / 碰落:~i / 有效期是:~j / 雄姿英发:~n
moc_wubi86_simp_plus	dug	有关事项:~a / 碰到:~c / 大半天:~d / 大病一场:~f / 磁环:~g / 大道理:~j	有关事项:~a / 碰到:~c / 大半天:~d / 大病一场:~f / 磁环:~g / 大道理:~j
moc_wubi86_simp_plus	dut	春兰秋菊:~a / 磁矩:~d / 磁盘:~e / 牵着鼻子走:~f / 破产重整:~g / 百端待举:~i	春兰秋菊:~a / 磁矩:~d / 磁盘:~e / 牵着鼻子走:~f / 破产重整:~g / 有关系吧:~k
moc_wubi86_simp_plus	dvw	在群众中:~k / 面如傅粉:~o / 不如人意:~u / 大好人:~w / 原始凭证:~y / 友好合作:~w	在群众中:~k / 不如人意:~u / 大好人:~w / 原始凭证:~y / 友好合作:~w / 不好伺候:~w
moc_wubi86_simp_plus	dwk	有何贵干:~f / 悲从中来:~g / 大合唱:~j / 存储器:~k / 古今中外:~q / 不会跳舞:~r	有何贵干:~f / 悲从中来:~g / 大合唱:~j / 存储器:~k / 古今中外:~q / 不会跳舞:~r
moc_wubi86_simp_plus	dwn	感今怀昔:~a / 太任性了:~b / 不会导致:~g / 蠢蛋:~h / 在他怀里:~j / 在你心中:~k	太任性了:~b / 不会导致:~g / 蠢蛋:~h / 在他怀里:~j / 在你心中:~k / 压倒性:~t
moc_wubi86_simp_plus	dyd	大唐盛世:~a / 太庞大了:~b / 太大:~d / 太有:~e / 大放悲声:~f / 矿石:~g	大唐盛世:~a / 太庞大了:~b / 太大:~d / 太有:~e / 大放悲声:~f / 矿石:~g
moc_wubi86_simp_plus	dyo	太麻烦了:~b / 矿业:~g / 破衣烂衫:~p / 万方数据:~r / 矿灯:~s / 碎料:~u	太麻烦了:~b / 矿业:~g / 破衣烂衫:~p / 万方数据:~r / 矿灯:~s / 碎料:~u
moc_wubi86_simp_plus	dyp	太宽:~a / 存亡之际:~b / 太守:~f / 百度视频:~h / 古文字学:~i / 不义之财:~m	太宽:~a / 存亡之际:~b / 太守:~f / 百度视频:~h / 古文字学:~i / 不义之财:~m
moc_wubi86_simp_plus	dyy	态度:~a / 太离谱了:~b / 在这方面:~d / 不识庐山真面目:~h / 成为主流:~i / 在讨论中:~k	态度:~a / 太离谱了:~b / 在这方面:~d / 不识庐山真面目:~h / 成为主流:~i / 在讨论中:~k
moc_wubi86_simp_plus	eaj	腊: / 膜:~d / 月落星沉:~i / 腊日:~j / 受其影响:~k	腊: / 膜:~d / 受其影响:~k
moc_wubi86_simp_plus	edv	胜友如云:~f / 胆大如斗:~u / 须臾:~w	胆大如斗:~u / 须臾:~w
moc_wubi86_simp_plus	eee	月: / 月盈:~c / 胳膊肘:~f / 肠肥脑满:~i / 豹胆:~j / 爱爱爱:~p	月: / 月盈:~c / 胳膊肘:~f / 豹胆:~j / 爱爱爱:~p / 朦朦胧胧:~e
moc_wubi86_simp_plus	efr	脚爪:~h / 貂裘换酒:~i / 脚扣:~k / 脚气:~n / 脚手:~t / 脚垫:~v	脚爪:~h / 脚扣:~k / 脚气:~n / 脚手:~t / 脚垫:~v / 爱过的人:~w
moc_wubi86_simp_plus	efv	爱才如渴:~i / 爱才如命:~w	爱才如渴:~i
moc_wubi86_simp_plus	eim	月光曲:~a / 月满则亏:~f	月光曲:~a
moc_wubi86_simp_plus	elv	爵: / 爱国如家:~p / elvis:~is	爵: / elvis:~is
moc_wubi86_simp_plus	emb	彩凤随鸦:~a / 股子:~b / 觅取:~c / embassy:~assy / embedded:~edded	股子:~b / 觅取:~c / embassy:~assy / embedded:~edded
moc_wubi86_simp_plus	emq	觅: / 觅句:~k / 股金:~q	觅: / 股金:~q
moc_wubi86_simp_plus	enp	腹心之疾:~u / 胸怀宽广:~y	胸怀宽广:~y
moc_wubi86_simp_plus	ept	受敌:~d / 逐行:~f / 受惩:~g / 逐臭:~h / 逐利:~j / 脓血:~l	受敌:~d / 逐行:~f / 受惩:~g / 逐利:~j / 脓血:~l / 爱称:~q
moc_wubi86_simp_plus	eqy	胸衣:~e / 助桀为虐:~h / 脆亮:~p / 胸廓:~y	胸衣:~e / 脆亮:~p / 胸廓:~y
moc_wubi86_simp_plus	etl	盈千累万:~d / 腹黑:~f / 用车:~g / 用力:~t	腹黑:~f / 用车:~g / 用力:~t
moc_wubi86_simp_plus	etw	乃翁:~c / 胜仗:~d / 用命:~g / 服务人员:~k / 服务合同:~m / 胜似:~n	胜仗:~d / 用命:~g / 服务人员:~k / 服务合同:~m / 胜似:~n / 服务企业:~o
moc_wubi86_simp_plus	eum	采兰赠药:~a / 脱帽:~h / 脱岗:~m / 臆见:~q	脱帽:~h / 脱岗:~m
moc_wubi86_simp_plus	eur	EUR: / 胶质:~f / 脱掉:~h / 脱氧:~n / 脱手:~t / 膝痒搔背:~u	EUR: / 胶质:~f / 脱掉:~h / 脱氧:~n / 脱手:~t / 腾挪:~v
moc_wubi86_simp_plus	euu	服部半藏:~a / 胶卷:~d / 臆病:~g / 服装道具:~h / 腾冲:~k / 脱产:~t	服部半藏:~a / 胶卷:~d / 服装道具:~h / 腾冲:~k / 脱产:~t / 肠道疾病:~u
moc_wubi86_simp_plus	evg	腿形:~a / 妥否:~i / 腿带:~k	腿形:~a / 腿带:~k
moc_wubi86_simp_plus	ewn	脸蛋:~h / 爱人以德:~t / 貌合心离:~y	脸蛋:~h / 貌合心离:~y
moc_wubi86_simp_plus	ewt	用舍行藏:~a / 脸盘:~e	脸盘:~e
moc_wubi86_simp_plus	eyp	脱离实际:~b / 及冠:~f / 脑室:~g / 月亮之上:~h / 脑补:~u / 脉案:~v	脱离实际:~b / 及冠:~f / 脑室:~g / 月亮之上:~h / 脑补:~u / 腋窝:~w
moc_wubi86_simp_plus	eyv	月亮女神:~p / 用户群:~t / 彩衣娱亲:~u / 脱离群众:~w	月亮女神:~p / 用户群:~t / 脱离群众:~w
moc_wubi86_simp_plus	fad	堪: / 去芜存菁:~a / 都落在了:~b / 载有:~e / 裁夺:~f / 雨花石:~g	堪: / 去芜存菁:~a / 都落在了:~b / 载有:~e / 雨花石:~g / 截面:~m
moc_wubi86_simp_plus	fag	截至:~c / 霸天:~d / 考勤表:~e / 霸王:~g / 栽下:~h / 专项整治:~i	截至:~c / 霸天:~d / 考勤表:~e / 霸王:~g / 栽下:~h / 专项整治:~i
moc_wubi86_simp_plus	fcx	支绌:~b / 支线:~g / 运费:~j / 二叠纪:~n / 喜欢编程:~t / 动弹:~u	支线:~g / 运费:~j / 二叠纪:~n / 喜欢编程:~t / 动弹:~u / 运维:~w
moc_wubi86_simp_plus	fda	FDA: / 雷克萨斯:~a / 霍布斯:~d / 震荡:~i / 都在其中:~k / 动态范围:~l	FDA: / 雷克萨斯:~a / 霍布斯:~d / 震荡:~i / 都在其中:~k / 动态范围:~l
moc_wubi86_simp_plus	fdg	零存整取:~b / 都有一套:~d / 二百五十:~f / 二百五:~g / 城下:~h / 南太平洋:~i	零存整取:~b / 都有一套:~d / 二百五十:~f / 二百五:~g / 城下:~h / 南太平洋:~i
moc_wubi86_simp_plus	fff	圭: / 堵截:~a / 土地:~b / 走过去:~c / 土城:~d / 专款专用:~e	圭: / 堵截:~a / 土地:~b / 走过去:~c / 土城:~d / 专款专用:~e
moc_wubi86_simp_plus	ffh	填: / 封皮:~c / 城南旧事:~g / 墙上:~h / 款步:~i / 运动战:~k	填: / 封皮:~c / 城南旧事:~g / 墙上:~h / 款步:~i / 运动战:~k
moc_wubi86_simp_plus	ffn	圬: / 土地改革:~a / 雩:~b / 土层:~f / 土司:~g / 垃圾发电:~j	圬: / 土地改革:~a / 雩:~b / 土层:~f / 土司:~g / 垃圾发电:~j
moc_wubi86_simp_plus	ffp	赫赫之功:~a / 土家:~e / 堵塞:~f / 填写:~g / 真才实学:~i / 坎井之蛙:~j	赫赫之功:~a / 土家:~e / 堵塞:~f / 填写:~g / 真才实学:~i / 二进宫:~k
moc_wubi86_simp_plus	ffv	填好:~b / 老干妈:~c / 款姐:~e / 封建:~f / 二十好几:~m / 进寸退尺:~n	填好:~b / 老干妈:~c / 款姐:~e / 封建:~f / 二十好几:~m / 进寸退尺:~n
moc_wubi86_simp_plus	fgf	圩: / 十载:~a / 过不去:~c / 越来越大:~d / 地形地貌:~e / 越来越远:~f	圩: / 十载:~a / 过不去:~c / 越来越大:~d / 地形地貌:~e / 越来越远:~f
moc_wubi86_simp_plus	fgh	十: / 寸: / 二虎:~a / 士:~g / 赶不上:~h / 进一步:~i	十: / 寸: / 二虎:~a / 士:~g / 赶不上:~h / 进一步:~i
moc_wubi86_simp_plus	fgi	坏: / 去麦当劳:~a / 起来没有:~d / 坯:~g / 干涉:~h / 雨水:~i	坏: / 去麦当劳:~a / 起来没有:~d / 坯:~g / 干涉:~h / 雨水:~i
moc_wubi86_simp_plus	fgy	二度:~a / 雨衣:~e / 博主:~g / 地球文明:~j / 博识:~k / 博库:~l	二度:~a / 雨衣:~e / 博主:~g / 地球文明:~j / 博识:~k / 博库:~l
moc_wubi86_simp_plus	fhd	起码:~c / 越大:~d / 越有:~e / 直奔:~f / 直感:~g / 走在:~h	起码:~c / 越大:~d / 越有:~e / 直奔:~f / 直感:~g / 走在:~h
moc_wubi86_simp_plus	fif	都江堰:~a / 违法违规:~f / 无法无天:~g / 求真:~h / 救救:~i / 救场:~n	都江堰:~a / 违法违规:~f / 无法无天:~g / 求真:~h / 救救:~i / 救场:~n
moc_wubi86_simp_plus	fiv	示好:~b / 未始:~c / 无法忍耐:~d / 无法忍受:~e / 垱:~g / 未婚:~q	示好:~b / 未始:~c / 无法忍耐:~d / 无法忍受:~e / 垱:~g / 未婚:~q
moc_wubi86_simp_plus	fjp	进: / 韩寒:~f / 无冕之王:~g / 进军:~l / 井蛙之见:~m / 进补:~u	进: / 韩寒:~f / 无冕之王:~g / 进军:~l / 进补:~u / 越野赛:~f
moc_wubi86_simp_plus	fjt	无师自通:~c / 进行:~f / 老蚌生珠:~g / 韩版:~h / 进香:~j / 进程:~k	无师自通:~c / 进行:~f / 韩版:~h / 进香:~j / 进程:~k / 朝向:~m
moc_wubi86_simp_plus	fkf	吉: / 都哪去了:~b / 鼓动:~c / 彭城:~d / 喜雨:~g / 鼓起:~h	吉: / 都哪去了:~b / 鼓动:~c / 彭城:~d / 喜雨:~g / 鼓起:~h
moc_wubi86_simp_plus	fkj	壶中日月:~e / 吉时:~f / 吉日:~j / 喜果:~s / 吉星:~t / 雷鸣电闪:~u	吉时:~f / 吉日:~j / 喜果:~s / 吉星:~t / 雷鸣电闪:~u
moc_wubi86_simp_plus	flf	雷: / 卖国求荣:~a / 无边无际:~b / 雷动:~c / 专辑封面:~d / 志贺直哉:~f	雷: / 卖国求荣:~a / 无边无际:~b / 雷动:~c / 专辑封面:~d / 志贺直哉:~f
moc_wubi86_simp_plus	flm	卖国贼:~a / 无边风月:~e / 协同:~g / 地图册:~m / 协力同心:~n / 韩国财阀:~u	卖国贼:~a / 协同:~g / 地图册:~m / 协力同心:~n / 韩国财阀:~u / 十四周岁:~m
moc_wubi86_simp_plus	fmm	南曲:~a / 南邮:~b / 南岸:~d / 南山:~m / 南风:~q / 地崩山摧:~r	南曲:~a / 南邮:~b / 南岸:~d / 南山:~m / 南风:~q / 击败:~t
moc_wubi86_simp_plus	fna	块茎:~c / 专项:~d / 才尽其用:~e / 专著:~f / 卖萌:~j / 卖艺:~n	块茎:~c / 专项:~d / 专著:~f / 卖萌:~j / 卖艺:~n / 专营:~p
moc_wubi86_simp_plus	fnr	声: / 魂飞魄散:~a / 卖报:~b / 违反:~c / 声援:~e / 卖掉:~h	声: / 魂飞魄散:~a / 卖报:~b / 违反:~c / 声援:~e / 卖掉:~h
moc_wubi86_simp_plus	fpp	过宽:~a / 丧家之犬:~d / 过家家:~e / 过完:~f / 未定之天:~g / 真实写照:~j	过宽:~a / 丧家之犬:~d / 过家家:~e / 过完:~f / 真实写照:~j / 十字军:~l
moc_wubi86_simp_plus	fps	煮鹤焚琴:~g / 无家可归:~j / 过桥:~t / 封神榜:~u / 索要:~v / 规定标准:~u	无家可归:~j / 过桥:~t / 封神榜:~u / 索要:~v / 规定标准:~u
moc_wubi86_simp_plus	fqx	无级:~e / 无疆:~f / 无线:~g / 顽强:~k / 志留纪:~n / 无疑:~t	无级:~e / 无疆:~f / 无线:~g / 顽强:~k / 志留纪:~n / 无疑:~t
moc_wubi86_simp_plus	frd	支撑不了:~b / 无所不能:~c / 无所不在:~d / 雷打不动:~f / 却找不到:~g / 都看不清:~i	支撑不了:~b / 无所不能:~c / 无所不在:~d / 雷打不动:~f / 却找不到:~g / 都看不清:~i
moc_wubi86_simp_plus	fsf	堙: / 无可救药:~a / 无机盐:~h / 二本专业:~o / 载歌载舞:~r / 无可无不可:~s	堙: / 无可救药:~a / 无机盐:~h / 二本专业:~o / 载歌载舞:~r / 规模增长:~t
moc_wubi86_simp_plus	fsg	霜天:~d / 考核表:~e / 规格型号:~k / 南柯一梦:~s / 地覆天翻:~t / 需要一个:~w	霜天:~d / 考核表:~e / 规格型号:~k / 南柯一梦:~s / 需要一个:~w / 无可否认:~y
moc_wubi86_simp_plus	fsi	霍格沃茨:~a / 翰林学士:~f / 堙没:~m / 二本学校:~s / 吉林省:~t / 需要注意:~u	霍格沃茨:~a / 翰林学士:~f / 二本学校:~s / 吉林省:~t / 需要注意:~u / 南极洲:~y
moc_wubi86_simp_plus	fsk	坷: / 霜叶:~f / 击楫中流:~i / 违禁品:~k / 专横跋扈:~y	坷: / 霜叶:~f / 违禁品:~k / 专横跋扈:~y
moc_wubi86_simp_plus	ftd	老友:~c / 老大:~d / 都有:~e / 无私奉献:~f / 考古:~g / 都在:~h	老友:~c / 老大:~d / 都有:~e / 无私奉献:~f / 考古:~g / 都在:~h
moc_wubi86_simp_plus	fti	走向没落:~a / 专科学院:~b / 进入游戏:~c / 教法:~f / 增长水平:~g / 老婆:~h	走向没落:~a / 专科学院:~b / 进入游戏:~c / 教法:~f / 增长水平:~g / 老婆:~h
moc_wubi86_simp_plus	ftp	FTP: / File Transfer Protocol: / 填街塞巷:~a / 进身之阶:~b / 动物实验:~c / 老家:~e	FTP: / File Transfer Protocol: / 动物实验:~c / 老家:~e / 考完:~f / 教室:~g
moc_wubi86_simp_plus	ftv	老妪:~a / 都好:~b / 老妈:~c / 老姐:~e / 老妹:~f / 老姨:~g	老妪:~a / 都好:~b / 老妈:~c / 老姐:~e / 老妹:~f / 老姨:~g
moc_wubi86_simp_plus	fuw	增创:~b / 二次使用:~e / 幸会:~f / 丧命:~g / 封资修:~h / 无痛人流:~i	增创:~b / 二次使用:~e / 幸会:~f / 丧命:~g / 无痛人流:~i / 丧偶:~j
moc_wubi86_simp_plus	fwp	老人家:~e / 无人之境:~f / 规定:~g / 十分容易:~j / 十分宝贵:~k / 救命之恩:~l	老人家:~e / 无人之境:~f / 规定:~g / 十分容易:~j / 十分宝贵:~k / 救命之恩:~l
moc_wubi86_simp_plus	fwt	十八般武艺:~a / 干什么:~c / 规矩:~d / 霍华德:~f / 载人航天:~g / 动作片:~h	十八般武艺:~a / 干什么:~c / 规矩:~d / 霍华德:~f / 载人航天:~g / 动作片:~h
moc_wubi86_simp_plus	fxt	塔纳利斯:~a / 超级智能:~c / 运维管理:~g / 都给我滚:~i / 增强身体:~w / 增强系统:~x	塔纳利斯:~a / 超级智能:~c / 运维管理:~g / 增强身体:~w / 增强系统:~x / 违约行为:~y
moc_wubi86_simp_plus	fyd	都放在了:~b / 支离破碎:~d / 都离不开:~g / 真谈不上:~h / 南京大学:~i / 墩布:~m	都放在了:~b / 支离破碎:~d / 都离不开:~g / 南京大学:~i / 墩布:~m / 进度太慢:~n
moc_wubi86_simp_plus	fyr	都市报:~b / 考试指南:~f / 坟丘:~g / 地方势力:~l / 起床气:~n / 考试报名:~q	都市报:~b / 考试指南:~f / 坟丘:~g / 地方势力:~l / 起床气:~n / 考试报名:~q
moc_wubi86_simp_plus	gad	琪: / 玩世不恭:~a / 亚欧大陆:~b / 形码:~c / 武大:~d / 天若有情天亦老:~f	琪: / 玩世不恭:~a / 亚欧大陆:~b / 形码:~c / 武大:~d / 天若有情天亦老:~f
moc_wubi86_simp_plus	gag	玩世不恭:~a / 弄到:~c / 开球:~f / 一匡天下:~g / 一切正常:~i / 下落不明:~j	玩世不恭:~a / 弄到:~c / 开球:~f / 一匡天下:~g / 一切正常:~i / 下落不明:~j
moc_wubi86_simp_plus	gaj	弄: / 开工日期:~a / 开明:~e / 型:~f / 武师:~g / 刑:~h	弄: / 开工日期:~a / 开明:~e / 型:~f / 武师:~g / 刑:~h
moc_wubi86_simp_plus	gau	开瓶:~a / 武警部队:~b / 开关:~d / 五黄六月:~e / 武装:~f / 天花病毒:~g	开瓶:~a / 武警部队:~b / 开关:~d / 武装:~f / 天花病毒:~g / 开阔:~i
moc_wubi86_simp_plus	gbr	到了后期:~a / 到了后面:~d / 屯兵:~g / 五陵年少:~i / 两院制:~m / 屯扎:~n	到了后期:~a / 到了后面:~d / 屯兵:~g / 两院制:~m / 屯扎:~n / 不出所料:~o
moc_wubi86_simp_plus	gee	刺股悬梁:~i / 一股脑儿:~q / 敷脸:~w / 静脉:~y / geek:~k / GeekNote:~knote	geek:~k / 一股脑儿:~q / 敷脸:~w / 静脉:~y / Geekbench:~kbench
moc_wubi86_simp_plus	gef	青: / 天悬地隔:~b / 青云:~c / 青城:~d / 表土:~f / 正月十五:~g	青: / 青云:~c / 青城:~d / 表土:~f / 正月十五:~g / 表示:~i
moc_wubi86_simp_plus	gfd	下载不了:~b / 玩友:~c / 一起感受:~e / 一动不动:~f / 一二三:~g / 一直在:~h	下载不了:~b / 玩友:~c / 一起感受:~e / 一动不动:~f / 一二三:~g / 一直在:~h
moc_wubi86_simp_plus	gfp	迂: / 下载字幕:~a / 一墙之隔:~b / 一场灾难:~c / 还未完成:~d / 玩家:~e	迂: / 下载字幕:~a / 一墙之隔:~b / 一场灾难:~c / 还未完成:~d / 玩家:~e
moc_wubi86_simp_plus	gfs	王朝模式:~a / 一无可取:~b / 球棒:~d / 天真可爱:~e / 玩票:~f / 王朝覆灭:~g	王朝模式:~a / 一无可取:~b / 球棒:~d / 天真可爱:~e / 玩票:~f / 王朝覆灭:~g
moc_wubi86_simp_plus	gfw	GFW: / Great Firewall: / 裂土分茅:~a / 一直传承:~b / 一直使用:~e / 平均值:~f	GFW: / Great Firewall: / 一直传承:~b / 一直使用:~e / 平均值:~f / 玩命:~g
moc_wubi86_simp_plus	gga	一式:~a / 环节:~b / 一项:~d / 五菱:~f / 豌豆荚:~g / 王东:~i	一式:~a / 环节:~b / 一项:~d / 五菱:~f / 豌豆荚:~g / 王东:~i
moc_wubi86_simp_plus	ggj	事不师古:~d / 王明:~e / 一时:~f / 一旦:~g / 一早:~h / 一晃:~i	王明:~e / 一时:~f / 一旦:~g / 一早:~h / 一晃:~i / 一日:~j
moc_wubi86_simp_plus	ggm	一曲:~a / 一周:~f / 一同:~g / 一幅:~h / 严刑峻法:~i / 一则:~j	一曲:~a / 一周:~f / 一同:~g / 一幅:~h / 严刑峻法:~i / 一则:~j
moc_wubi86_simp_plus	ggq	还不错:~a / 五两银子:~b / 五色:~c / 珍珠钻石:~d / 一角:~e / 天下独步:~h	还不错:~a / 五两银子:~b / 五色:~c / 珍珠钻石:~d / 一角:~e / 五旬:~j
moc_wubi86_simp_plus	ghg	焉: / 下屯:~b / 静止画面:~d / 死皮赖脸:~e / 平步青云:~f / 不上不下:~g	焉: / 下屯:~b / 静止画面:~d / 死皮赖脸:~e / 平步青云:~f / 不上不下:~g
moc_wubi86_simp_plus	ghh	一步步:~i / 一点点:~k / 正餐:~q / 不虚此行:~t / 一眨眼:~v / 正眼:~v	一步步:~i / 一点点:~k / 正餐:~q / 不虚此行:~t / 一眨眼:~v / 正眼:~v
moc_wubi86_simp_plus	ghp	正字:~b / 正割:~d / 下家:~e / 正宗:~f / 下定:~g / 不虞之誉:~i	正字:~b / 正割:~d / 下家:~e / 正宗:~f / 下定:~g / 政审:~j
moc_wubi86_simp_plus	ghv	正好:~b / 一点好感:~d / 下奶:~e / 正如:~k / 下刀:~n / 下嫁:~p	正好:~b / 一点好感:~d / 下奶:~e / 正如:~k / 下刀:~n / 下嫁:~p
moc_wubi86_simp_plus	gig	歪: / 不开:~a / 邳:~b / 不到:~c / 珠沉玉碎:~d / 不敷:~e	歪: / 不开:~a / 邳:~b / 不到:~c / 不敷:~e / 一举一动:~f
moc_wubi86_simp_plus	giq	珧: / 不错:~a / 不怨:~b / 玉堂金马:~c / 不然:~d / 不解:~e	珧: / 不错:~a / 不怨:~b / 不然:~d / 不解:~e / 还钱:~g
moc_wubi86_simp_plus	gjp	理家:~e / 不时之需:~f / 更定:~g / 一时之间:~u / 惠安:~v / 不易之论:~y	理家:~e / 不时之需:~f / 更定:~g / 一时之间:~u / 惠安:~v / 末日审判:~u
moc_wubi86_simp_plus	gln	画展:~a / 画眉:~h / 画屏:~u / 珠围翠绕:~x / 画心:~y	画展:~a / 画眉:~h / 画屏:~u / 画心:~y
moc_wubi86_simp_plus	glr	画报:~b / 素车白马:~c / 画质:~f / 画押:~l / 严加看管:~t / 下图所示:~f	画报:~b / 画质:~f / 画押:~l / 严加看管:~t / 下图所示:~f
moc_wubi86_simp_plus	glw	画供:~a / 一边倒:~g / 两国人民:~n / 画像:~q / 画作:~t / 下车伊始:~v	一边倒:~g / 两国人民:~n / 画像:~q / 画作:~t / 下车伊始:~v / 画集:~y
moc_wubi86_simp_plus	gmk	吞风吻雨:~f / 两路:~h / 责骂:~k / 刺史:~q / 再听:~r / 两只:~w	两路:~h / 责骂:~k / 刺史:~q / 再听:~r / 两只:~w
moc_wubi86_simp_plus	gmn	玑: / 政由己出:~b / 责怪:~c / 现居:~d / 两层:~f / 两臂:~k	玑: / 责怪:~c / 现居:~d / 两层:~f / 两臂:~k / 两翼:~l
moc_wubi86_simp_plus	gmt	GMT: / Greenwich Mean Time: / 遭逢:~d / 刺透:~e / 现行:~f / 再生:~g	GMT: / Greenwich Mean Time: / 遭逢:~d / 刺透:~e / 现行:~f / 再生:~g
moc_wubi86_simp_plus	gmv	再好:~b / 一见如故:~d / 再建:~f / 一败如水:~i / 再如:~k / 刺刀:~n	再好:~b / 一见如故:~d / 再建:~f / 再如:~k / 刺刀:~n / 再嫁:~p
moc_wubi86_simp_plus	gna	珉: / 瓦工:~a / 瓦萨:~b / 与其:~d / 下必甚焉:~g / 开发项目:~h	珉: / 瓦工:~a / 瓦萨:~b / 与其:~d / 开发项目:~h / 不敢苟同:~m
moc_wubi86_simp_plus	gnm	开发周期:~a / 政以贿成:~d / 与民同乐:~q / 一心同体:~w	开发周期:~a / 与民同乐:~q / 一心同体:~w
moc_wubi86_simp_plus	god	严: / god: / 严厉:~d / 恶感:~g / 亚非:~j / 来历:~l	严: / god: / 严厉:~d / 恶感:~g / 亚非:~j / 来历:~l
moc_wubi86_simp_plus	gpf	琮: / 环宇城:~d / 静安寺:~f / 平安无事:~g / 一家老小:~i / 平安幸福:~p	琮: / 静安寺:~f / 平安无事:~g / 一家老小:~i / 平安幸福:~p / 平安喜乐:~q
moc_wubi86_simp_plus	gpg	一字不苟:~a / 死神来了:~b / 一窍不通:~c / 珠宝玉石:~d / 瑄:~g / 一字不漏:~i	一字不苟:~a / 死神来了:~b / 一窍不通:~c / 珠宝玉石:~d / 瑄:~g / 一字不漏:~i
moc_wubi86_simp_plus	gpk	不宁唯是:~j / 现实中的:~r	现实中的:~r
moc_wubi86_simp_plus	gpp	一家家:~e / 天空之城:~f / 不祥之兆:~i / 一字之师:~j / 天灾军团:~l / 吾之蜜糖:~o	一家家:~e / 天空之城:~f / 不祥之兆:~i / 天灾军团:~l / 吾之蜜糖:~o / 一字之差:~u
moc_wubi86_simp_plus	gpv	事实如此:~h / 囊空如洗:~i / 正宫娘娘:~v	事实如此:~h / 正宫娘娘:~v
moc_wubi86_simp_plus	gqv	兀: / 一刹那:~f / 琤:~h / 不外如是:~j / 一触即发:~n / 死灵:~o	兀: / 一刹那:~f / 琤:~h / 不外如是:~j / 一触即发:~n / 死灵:~o
moc_wubi86_simp_plus	grg	珀: / 一拍两散:~a / 玛拉顿:~b / 再接再厉:~d / 束手束脚:~e / 一年下来:~g	珀: / 一拍两散:~a / 再接再厉:~d / 束手束脚:~e / 一年下来:~g / 再看一眼:~h
moc_wubi86_simp_plus	grj	青年时期:~a / 珠蚌:~d / 平反昭雪:~f / 不揣冒昧:~j / 天气影响:~k / 不失时机:~s	青年时期:~a / 珠蚌:~d / 平反昭雪:~f / 天气影响:~k / 不失时机:~s / 天气暖和:~t
moc_wubi86_simp_plus	grt	一手策划:~a / 珠算:~h / 珠箔:~i / 来打我啊:~k / 碧血:~l / 一掷千金:~q	一手策划:~a / 珠算:~h / 来打我啊:~k / 碧血:~l / 一掷千金:~q / 不打自招:~r
moc_wubi86_simp_plus	gsf	不可救药:~a / 天覆地载:~f / 不相干:~g / 残酷无情:~n / 互相埋怨:~q / 一模二模:~s	不可救药:~a / 不相干:~g / 残酷无情:~n / 互相埋怨:~q / 一模二模:~s / 两栖动物:~t
moc_wubi86_simp_plus	gsu	末端:~m / 一根头发:~n / 严格遵守:~p / 残杯冷炙:~q / 互相尊重:~t / 互相冲突:~p	末端:~m / 一根头发:~n / 严格遵守:~p / 互相尊重:~t / 互相关心:~n / 互相冲突:~p
moc_wubi86_simp_plus	gtf	珩: / 麦霸:~a / 到处都有:~d / 一片云彩:~e / 玩物丧志:~f / 来自地球:~g	珩: / 麦霸:~a / 到处都有:~d / 一片云彩:~e / 玩物丧志:~f / 来自地球:~g
moc_wubi86_simp_plus	gtp	一得之功:~a / 天选之子:~b / 一箭之遥:~e / 不毛之地:~f / 不稳定:~g / 不智之举:~i	天选之子:~b / 一箭之遥:~e / 不毛之地:~f / 不稳定:~g / 不智之举:~i / 再造之恩:~l
moc_wubi86_simp_plus	gtt	副处长:~a / 麦季:~b / 五行生克:~d / 天生我材必有用:~e / 一条街:~f / 麦穗:~g	副处长:~a / 麦季:~b / 五行生克:~d / 天生我材必有用:~e / 一条街:~f / 麦穗:~g
moc_wubi86_simp_plus	gua	一站式:~a / 融资功能:~c / 夹菜:~e / 恶意攻击:~f / 不辨菽麦:~g / 平卧:~h	一站式:~a / 融资功能:~c / 夹菜:~e / 恶意攻击:~f / 平卧:~h / 一亲芳泽:~i
moc_wubi86_simp_plus	gul	不着边际:~b / 平畴:~d / 带着思考:~f / 平车:~g / 武装力量:~j / 恶意软件:~w	不着边际:~b / 带着思考:~f / 平车:~g / 武装力量:~j / 恶意软件:~w / gulf:~f
moc_wubi86_simp_plus	gur	还将推出:~b / 平反:~c / 五斗折腰:~e / 再次打开:~g / 下半年:~h / 恶意揣测:~i	还将推出:~b / 平反:~c / 再次打开:~g / 下半年:~h / 恶意揣测:~i / 恶意抹黑:~l
moc_wubi86_simp_plus	gus	天道酬勤:~a / 表决权:~c / 平顶:~d / 整首歌都:~f / 夹棍:~j / 一首歌:~k	天道酬勤:~a / 表决权:~c / 平顶:~d / 夹棍:~j / 一首歌:~k / 豆浆机:~m
moc_wubi86_simp_plus	gut	副部长:~a / 事关重大:~d / 平盘:~e / 平等:~f / 平生:~g / 平息:~h	副部长:~a / 事关重大:~d / 平盘:~e / 平等:~f / 平生:~g / 平息:~h
moc_wubi86_simp_plus	gvc	珍妮巴斯:~a / 恶灵骑士:~f	恶灵骑士:~f
moc_wubi86_simp_plus	gvk	吞刀吐火:~o / 开始吐槽:~s	开始吐槽:~s
moc_wubi86_simp_plus	gwc	一个劲:~a / 一个骗子:~b / 事件驱动:~f / 一件难事:~g / 一个难题:~j / 一个巴掌拍不响:~k	一个劲:~a / 一个骗子:~b / 事件驱动:~f / 一件难事:~g / 一个难题:~j / 一个巴掌拍不响:~k
moc_wubi86_simp_plus	gwf	整体规划:~a / 责任越大:~d / 一位老者:~f / 整个地球:~g / 一个都没:~i / 一个场景:~j	整体规划:~a / 责任越大:~d / 一位老者:~f / 整个地球:~g / 一个都没:~i / 一个场景:~j
moc_wubi86_simp_plus	gwg	瑜: / 现任妻子:~b / 不值一驳:~c / 玲珑:~d / 不低于:~f / 一个班上:~h	瑜: / 现任妻子:~b / 不值一驳:~c / 玲珑:~d / 不低于:~f / 一个班上:~h
moc_wubi86_simp_plus	gwu	两个部落:~a / 王八羔子:~b / 一个普通:~c / 一个亲戚:~d / 一个美丽:~g / 天人交战:~h	两个部落:~a / 王八羔子:~b / 一个普通:~c / 一个亲戚:~d / 一个美丽:~g / 天人交战:~h
moc_wubi86_simp_plus	gxo	死缠烂打:~r / 残编断简:~t / 素数:~v / 一维数组:~x	死缠烂打:~r / 素数:~v / 一维数组:~x
moc_wubi86_simp_plus	gyg	斑: / 正方形:~a / 速度下降:~b / 死亡事故:~d / 琼瑶:~e / 琉球:~f	斑: / 正方形:~a / 速度下降:~b / 死亡事故:~d / 琼瑶:~e / 琉球:~f
moc_wubi86_simp_plus	gyp	更为突出:~b / 平庸之辈:~d / 理论家:~e / 一席之地:~f / 更衣室:~g / 政府官员:~k	更为突出:~b / 平庸之辈:~d / 理论家:~e / 一席之地:~f / 更衣室:~g / 政府官员:~k
moc_wubi86_simp_plus	gyt	班: / 班长:~a / 琢磨透了:~b / 玉盘:~e / 开户行:~f / 璇:~h	班: / 班长:~a / 琢磨透了:~b / 玉盘:~e / 开户行:~f / 璇:~h
moc_wubi86_simp_plus	hag	眶: / 虎落平阳被犬欺:~a / 虎落平阳:~b / 上蒸下煮:~f / 虐政:~h / 虎落平川:~k	眶: / 虎落平阳被犬欺:~a / 虎落平阳:~b / 虎落平川:~k / 瞒:~w
moc_wubi86_simp_plus	hei	heil:~l / 皮肤温度:~y / height:~ght / heights:~ghts / Heisenberg:~senberg	皮肤温度:~y / height:~ght / heights:~ghts
moc_wubi86_simp_plus	hep	瞬: / 虚盈实亏:~f / 肯定:~g	瞬: / 肯定:~g
moc_wubi86_simp_plus	hey	hey: / 皮肤衰老:~f / 肯綮:~n / 占用率:~x	hey: / 皮肤衰老:~f / 占用率:~x
moc_wubi86_simp_plus	hfw	睦: / 目无余子:~b / 卡培他滨:~i / 目无全牛:~r / 歧途:~t / 歧化:~x	睦: / 卡培他滨:~i / 目无全牛:~r / 歧途:~t / 歧化:~x / 睦邻:~y
moc_wubi86_simp_plus	hgu	睡不着:~d / 战天斗地:~f / 上不着天:~g / 目不交睫:~h / 上一次:~q	睡不着:~d / 战天斗地:~f / 上不着天:~g / 上一次:~q
moc_wubi86_simp_plus	hha	卡式:~a / 上期:~d / 上菜:~e / 卡勒:~f / 瞒上欺下:~g / 瞋目切齿:~h	卡式:~a / 上期:~d / 上菜:~e / 卡勒:~f / 瞒上欺下:~g / 上划:~j
moc_wubi86_simp_plus	hid	频: / 颦:~f / 上梁不正下梁歪:~g / 颦蹙:~h / 上海大学:~i / 步态:~y	频: / 颦:~f / 上梁不正下梁歪:~g / 上海大学:~i / 步态:~y / hide:~e
moc_wubi86_simp_plus	hig	上海开埠:~f / 上梁不正:~g / 上漏下湿:~i / 频带:~k / high:~h / highs:~hs	上海开埠:~f / 上梁不正:~g / 频带:~k / high:~h / highs:~hs / higher:~her
moc_wubi86_simp_plus	hjb	桌子:~b / 皮里阳秋:~t	桌子:~b
moc_wubi86_simp_plus	hjf	旧地:~b / 旧城:~d / 旧款:~f / 旧雨:~g / 卓越:~h / 旧教:~t	旧地:~b / 旧城:~d / 旧款:~f / 卓越:~h / 旧教:~t / 旧址:~h
moc_wubi86_simp_plus	hkt	战乱:~d / 战舰:~e / 点选:~f / 点算:~h / 战备:~l / 战役:~m	战乱:~d / 战舰:~e / 点选:~f / 点算:~h / 战备:~l / 战役:~m
moc_wubi86_simp_plus	hnj	瞒心昧己:~n	
moc_wubi86_simp_plus	hnq	鸬: / 鼎铛:~i	鸬:
moc_wubi86_simp_plus	hog	点灯熬油:~i / 目迷五色:~q	点灯熬油:~i
moc_wubi86_simp_plus	hta	肯德基:~d / 睡卧:~h / 睡莲:~l / 瞠乎其后:~r / 频繁项集:~w	肯德基:~d / 睡卧:~h / 睡莲:~l / 频繁项集:~w
moc_wubi86_simp_plus	htg	睡: / 上升下降:~b / 睡到:~c / 睡下:~h / 上智下愚:~j / 步入正轨:~l	睡: / 上升下降:~b / 睡到:~c / 睡下:~h / 步入正轨:~l / 上行带宽:~p
moc_wubi86_simp_plus	hua	鼎新革故:~d / 上善若水:~i / 占着茅坑不拉屎:~n / 虎头燕颔:~w / 止痛药:~x	鼎新革故:~d / 上善若水:~i / 占着茅坑不拉屎:~n / 止痛药:~x
moc_wubi86_simp_plus	hvg	上好下甚:~a / 目录下面:~d / 眼球:~f / 眼下:~h / 眼珠:~r	目录下面:~d / 眼球:~f / 眼下:~h / 眼珠:~r
moc_wubi86_simp_plus	hwr	步人后尘:~i / 具体指导:~n / 具体操作:~w / 具体措施:~y	具体指导:~n / 具体操作:~w / 具体措施:~y
moc_wubi86_simp_plus	hwu	具: / 瞪着:~d / 具体问题:~j / 上传产品:~k / 具体意见:~m / 齿冷:~w	具: / 瞪着:~d / 具体问题:~j / 上传产品:~k / 具体意见:~m / 盼头:~d
moc_wubi86_simp_plus	hxb	紫陌:~d / 紫阳:~j	紫阳:~j
moc_wubi86_simp_plus	hxw	雌: / 雌伏:~d / 些个:~h / 上级领导:~n / 此人:~w	雌: / 些个:~h / 上级领导:~n / 此人:~w
moc_wubi86_simp_plus	iaa	港式:~a / 湘雅医院:~b / 鸿基:~d / 浇菜:~e / 学期期末:~g / 深藏若虚:~h	港式:~a / 湘雅医院:~b / 鸿基:~d / 浇菜:~e / 学期期末:~g / 江东:~i
moc_wubi86_simp_plus	iap	涝: / 涝害:~d / 济世之才:~f / 泄密:~n / 洪灾:~o / 满额:~t	涝: / 涝害:~d / 泄密:~n / 洪灾:~o / 满额:~t / 江安:~v
moc_wubi86_simp_plus	iar	汇报:~b / 汇拢:~d / 法匹拉韦:~f / 满后:~g / 鸿爪:~h / 灌制:~m	汇报:~b / 汇拢:~d / 法匹拉韦:~f / 满后:~g / 灌制:~m / 泄气:~n
moc_wubi86_simp_plus	iaw	洪: / 活期储蓄:~a / 满仓:~b / 鸿儒:~f / 汇合:~g / 浅斟低唱:~k	洪: / 活期储蓄:~a / 满仓:~b / 鸿儒:~f / 汇合:~g / 港:~n
moc_wubi86_simp_plus	ibf	渔阳鼙鼓:~f / 池盐:~h / 法院裁定:~p / 学院教授:~r / 法院裁决:~u / 池塘:~y	池盐:~h / 法院裁定:~p / 学院教授:~r / 法院裁决:~u / 池塘:~y / 涉险过关:~u
moc_wubi86_simp_plus	idm	湎: / 没有见过:~f / 源由:~h / 没有内置:~l / 尖山:~m / 小大由之:~p	湎: / 没有见过:~f / 源由:~h / 没有内置:~l / 尖山:~m / 浮夸风:~q
moc_wubi86_simp_plus	ify	法度:~a / 法语:~g / 兴趣广泛:~i / 活动主题:~j / 少走弯路:~k / 深圳市:~m	法度:~a / 法语:~g / 兴趣广泛:~i / 活动主题:~j / 少走弯路:~k / 深圳市:~m
moc_wubi86_simp_plus	igq	洌: / 没事儿了:~b / 浅色:~c / 沛然:~d / 没事儿干:~f / 滞销:~i	洌: / 没事儿了:~b / 浅色:~c / 沛然:~d / 没事儿干:~f / 滞销:~i
moc_wubi86_simp_plus	iii	水: / 沙漠:~a / 水池:~b / 沙滩:~c / 水源:~d / 活学活用:~e	水: / 沙漠:~a / 水池:~b / 沙滩:~c / 水源:~d / 活学活用:~e
moc_wubi86_simp_plus	iiw	沙袋:~a / 润滑作用:~e / 水浒传:~f / 泥沙俱下:~g / 淞沪会战:~h / 泾渭分明:~j	沙袋:~a / 润滑作用:~e / 水浒传:~f / 泥沙俱下:~g / 淞沪会战:~h / 泾渭分明:~j
moc_wubi86_simp_plus	ilp	涟: / 治国安邦:~d / 小国寡民:~n / 涸辙之鲋:~q / 汽车安全:~w / 沉默寡言:~y	涟: / 治国安邦:~d / 小国寡民:~n / 汽车安全:~w / 沉默寡言:~y / 治国安民:~n
moc_wubi86_simp_plus	imq	没错:~a / 油然:~d / 没钱:~g / 海内外:~h / 油锅:~k / 油饼:~n	没错:~a / 油然:~d / 没钱:~g / 海内外:~h / 油锅:~k / 油饼:~n
moc_wubi86_simp_plus	imw	涔: / 没做:~d / 滑倒:~g / 兴风作浪:~i / 注册会计师:~j / 党同伐异:~n	涔: / 没做:~d / 滑倒:~g / 兴风作浪:~i / 注册会计师:~j / 党同伐异:~n
moc_wubi86_simp_plus	inp	江心补漏:~i / 浓情蜜意:~u / 清心寡欲:~w / input:~ut / inputs:~uts	浓情蜜意:~u / 清心寡欲:~w / input:~ut / inputs:~uts
moc_wubi86_simp_plus	ipw	深: / 法定假期:~a / 没安全感:~d / 学会:~f / 溶合:~g / 法定假日:~j	深: / 法定假期:~a / 没安全感:~d / 学会:~f / 溶合:~g / 法定假日:~j
moc_wubi86_simp_plus	iqm	涣: / 小兔崽子:~b / 流金岁月:~e / 兆周:~f / 水色山光:~i / 渔网:~q	涣: / 小兔崽子:~b / 流金岁月:~e / 兆周:~f / 渔网:~q / 酒色财气:~r
moc_wubi86_simp_plus	iqo	渔业:~g / 光火:~o / 光焰:~q / 辉煌:~r / 水银灯:~s / 淘米:~y	渔业:~g / 光火:~o / 光焰:~q / 辉煌:~r / 水银灯:~s / 淘米:~y
moc_wubi86_simp_plus	irf	泊地:~b / 激动:~c / 少年老成:~d / 小护士:~g / 激起:~h / 激进:~j	泊地:~b / 激动:~c / 少年老成:~d / 小护士:~g / 激起:~h / 激进:~j
moc_wubi86_simp_plus	isq	酒色:~c / 潸然:~d / 河蟹:~e / 酒钱:~g / 学校饭堂:~i / 酒馆:~n	酒色:~c / 潸然:~d / 河蟹:~e / 酒钱:~g / 学校饭堂:~i / 酒馆:~n
moc_wubi86_simp_plus	itd	活: / 觉得太难:~c / 浩大:~d / 少有:~e / 法律硕士:~f / 浴血奋战:~h	活: / 觉得太难:~c / 浩大:~d / 少有:~e / 法律硕士:~f / 浴血奋战:~h
moc_wubi86_simp_plus	iuf	泮: / 澳门地区:~a / 滚地:~b / 滚动:~c / 温差过大:~d / 混凝土:~f	泮: / 澳门地区:~a / 滚地:~b / 滚动:~c / 温差过大:~d / 混凝土:~f
moc_wubi86_simp_plus	iul	洋罪:~d / 洋车:~g / 澳门回归:~j / 滚回:~k / 滚轴:~m / 小意思:~n	洋罪:~d / 洋车:~g / 澳门回归:~j / 滚回:~k / 滚轴:~m / 小意思:~n
moc_wubi86_simp_plus	iuw	溢: / 酒阑人散:~a / 治疗作用:~e / 波音公司:~n / 河北保定:~p / 当前任务:~t	溢: / 治疗作用:~e / 波音公司:~n / 河北保定:~p / 当前任务:~t / 洋伞:~u
moc_wubi86_simp_plus	ivw	梁: / 当代:~a / 当做:~d / 当个:~h / 兴妖作怪:~n / 粱:~o	梁: / 当代:~a / 当做:~d / 当个:~h / 粱:~o / 当你:~q
moc_wubi86_simp_plus	iya	渡: / 流式:~a / 流散:~e / 游弋:~g / 测试工具:~h / 游荡:~i	渡: / 流式:~a / 流散:~e / 游弋:~g / 测试工具:~h / 游荡:~i
moc_wubi86_simp_plus	iyi	注满:~a / 滨州学院:~b / 浪涌:~c / 浪涛:~d / 流溪:~e / 浪潮:~f	注满:~a / 浪涌:~c / 浪涛:~d / 流溪:~e / 浪潮:~f / 小康水平:~g
moc_wubi86_simp_plus	jaw	暴: / 蠖:~c / 电荷分布:~d / 暴敛:~g / 早期作品:~k / 显著位置:~l	暴: / 蠖:~c / 电荷分布:~d / 早期作品:~k / 显著位置:~l / 蛊惑人心:~n
moc_wubi86_simp_plus	jbn	最慢:~j / 最快:~n / 最怕:~r / 星际飞船:~t / 电子快门:~u / 最迟:~y	最慢:~j / 最快:~n / 最怕:~r / 星际飞船:~t / 电子快门:~u / 最迟:~y
moc_wubi86_simp_plus	jcy	紧裹:~j / 归马放牛:~r / 贤良:~v / 贤文:~y	紧裹:~j / 贤良:~v / 贤文:~y
moc_wubi86_simp_plus	jdd	蛎: / 里面有写:~p / 是古非今:~w / 电磁感应:~y	蛎: / 里面有写:~p / 电磁感应:~y
moc_wubi86_simp_plus	jet	jet: / 明智:~d / 明秀:~e / 明德:~f / 明处:~h / 日月重光:~i	jet: / 明智:~d / 明秀:~e / 明德:~f / 明处:~h / 暖和:~k
moc_wubi86_simp_plus	jfk	明朝中期:~a / 蟛:~e / 野味:~f / 旱路:~h / 野无遗贤:~j / 显示器:~k	明朝中期:~a / 蟛:~e / 野味:~f / 旱路:~h / 显示器:~k / 野史:~q
moc_wubi86_simp_plus	jga	师范:~i / 旦暮:~j / 果不其然:~q / 题花:~w	师范:~i / 果不其然:~q / 题花:~w
moc_wubi86_simp_plus	jgd	昊: / 师友:~c / 是否存在:~d / 星球大战:~h / 是非:~j / 晤面:~m	昊: / 师友:~c / 是否存在:~d / 星球大战:~h / 是非:~j / 旺盛:~n
moc_wubi86_simp_plus	jgm	师: / 旺财:~f / 明正典刑:~g / 螬:~j / 晤见:~q / 量贩:~r	师: / 旺财:~f / 明正典刑:~g / 螬:~j / 量贩:~r / 是由:~h
moc_wubi86_simp_plus	jhd	明目达聪:~b / 早有:~e / 早在:~h / 坚贞不屈:~n / 畅达:~p / 日上三竿:~t	早有:~e / 早在:~h / 坚贞不屈:~n / 畅达:~p / 日上三竿:~t / 早春:~w
moc_wubi86_simp_plus	jie	蛸: / 日常用品:~k / 日削月割:~p / 日清月结:~x / 日常用语:~y	蛸: / 日常用品:~k / 日清月结:~x / 日常用语:~y
moc_wubi86_simp_plus	jii	暗流涌动:~f / 暗潮汹涌:~i / 临池学书:~n / 暗沉沉:~p / 暖洋洋:~u / 日光浴:~w	暗流涌动:~f / 暗潮汹涌:~i / 暗沉沉:~p / 暖洋洋:~u / 日光浴:~w / 明清小说:~y
moc_wubi86_simp_plus	jin	临深履薄:~a / Jinja:~ja	Jinja:~ja
moc_wubi86_simp_plus	jir	临渴掘井:~f / 电源接口:~k / 遇水搭桥:~s / 电源插头:~u / 冒泡排序:~y	电源接口:~k / 遇水搭桥:~s / 电源插头:~u / 冒泡排序:~y
moc_wubi86_simp_plus	jja	曝: / 明日黄花:~a / 电影节:~b / 日期:~d / 日落:~i / 日暮:~j	曝: / 明日黄花:~a / 电影节:~b / 日期:~d / 日落:~i / 日暮:~j
moc_wubi86_simp_plus	jlt	电力行业:~o / 坚甲利兵:~r / 电力系统:~x	电力行业:~o / 电力系统:~x
moc_wubi86_simp_plus	jmd	映: / 遇有:~e / 映在:~h / 明见万里:~j / 愚蠢:~w / 遇袭:~x	映: / 遇有:~e / 映在:~h / 愚蠢:~w / 遇袭:~x
moc_wubi86_simp_plus	jnj	电暖:~e / 电量:~g / 暇日:~j / 时快时慢:~n / 电晕:~p / 早已明白:~r	电暖:~e / 电量:~g / 时快时慢:~n / 电晕:~p / 早已明白:~r / 电影:~y
moc_wubi86_simp_plus	jnk	电喷:~f / 电路:~h / 电器:~k / 电唁:~y	电喷:~f / 电路:~h / 电器:~k
moc_wubi86_simp_plus	jnl	电车:~g / 电贺:~k / 电力:~t	电车:~g / 电力:~t
moc_wubi86_simp_plus	jop	显宦:~a / 显豁:~d / Joplin:~lin	显豁:~d / Joplin:~lin
moc_wubi86_simp_plus	jpu	蛇头:~d / 坚定意志:~f / 电视产品:~k / 明窗净几:~m / 时空关系:~t / 电视新闻:~u	蛇头:~d / 坚定意志:~f / 电视产品:~k / 时空关系:~t / 电视新闻:~u / 坚定立场:~f
moc_wubi86_simp_plus	jte	蜂乳:~b / 星月:~e / 日往月来:~g / 日积月累:~l / 日升月恒:~n / 临朐:~q	蜂乳:~b / 星月:~e / 日积月累:~l / 日升月恒:~n / 临朐:~q / 蜂腰:~s
moc_wubi86_simp_plus	jtp	监守:~f / 鉴定:~g / 明智之举:~i / 晦冥:~j / 监军:~l / 蜂蜜:~n	监守:~f / 鉴定:~g / 明智之举:~i / 监军:~l / 蜂蜜:~n / 量身定制:~r
moc_wubi86_simp_plus	jtr	蛾: / 时和年丰:~d / 蜂拥:~e / 暗物质:~f / 蜗行牛步:~h / 监押:~l	蛾: / 蜂拥:~e / 暗物质:~f / 蜗行牛步:~h / 监押:~l / 监制:~m
moc_wubi86_simp_plus	jts	鉴权:~c / 显得可爱:~e / 监票:~f / 最重要的事:~g / 星相:~h / 蟠桃:~i	鉴权:~c / 显得可爱:~e / 监票:~f / 最重要的事:~g / 星相:~h / 蟠桃:~i
moc_wubi86_simp_plus	jty	临: / 览: / 监管方式:~a / 量入为出:~b / 紧身衣:~e / 暗自庆幸:~f	临: / 览: / 监管方式:~a / 量入为出:~b / 紧身衣:~e / 暗自庆幸:~f
moc_wubi86_simp_plus	jun	June: / 最新发布:~d / 暗忖:~f / 蝉翼:~l / 日益发展:~n / 时效性:~t	June: / 最新发布:~d / 蝉翼:~l / 日益发展:~n / 时效性:~t / 最新情况:~u
moc_wubi86_simp_plus	jvd	照顾:~b / 最好不过:~f / 照在:~h / 照面:~m / 归雁:~w / 最好成绩:~x	照顾:~b / 最好不过:~f / 照在:~h / 照面:~m / 最好成绩:~x
moc_wubi86_simp_plus	jyf	星离雨散:~a / 影城:~d / 野调无腔:~e / 影坛:~f / 晾干:~g / 最高境界:~l	影城:~d / 野调无腔:~e / 影坛:~f / 晾干:~g / 最高境界:~l / 明文规定:~p
moc_wubi86_simp_plus	jyw	旷代:~a / 最高人民法院:~b / 申请贷款:~f / 是这个吗:~k / 最高位置:~l / 申请企业:~o	最高人民法院:~b / 申请贷款:~f / 是这个吗:~k / 最高位置:~l / 申请企业:~o / 影像:~q
moc_wubi86_simp_plus	kbg	叩开:~a / 口出不逊:~b / 嗯了一声:~f / 吃了两天:~g / 跨出一步:~h / 吓了一跳:~k	叩开:~a / 口出不逊:~b / 嗯了一声:~f / 吃了两天:~g / 跨出一步:~h / 吓了一跳:~k
moc_wubi86_simp_plus	kbk	啊呀:~a / 吼吼:~b / 嗫嚅:~f / 喝了口水:~i / 咧了咧嘴:~k / 吼叫:~n	啊呀:~a / 吼吼:~b / 嗫嚅:~f / 喝了口水:~i / 咧了咧嘴:~k / 吼叫:~n
moc_wubi86_simp_plus	kbs	啊: / 叶子板:~r / 别出机杼:~s / 口耳相传:~w	啊: / 叶子板:~r / 口耳相传:~w
moc_wubi86_simp_plus	kdm	顺: / 别有风味:~k / 顺风:~q / 啃硬骨头:~u / 贵古贱今:~w	顺: / 别有风味:~k / 顺风:~q / 啃硬骨头:~u
moc_wubi86_simp_plus	kdr	遗大投艰:~c / 跟在后面:~d / 路不拾遗:~k / 另有所图:~l / 顺气:~n / 另有所指:~r	跟在后面:~d / 路不拾遗:~k / 另有所图:~l / 顺气:~n / 另有所指:~r / 喊打:~s
moc_wubi86_simp_plus	kdu	噘: / 兄友弟恭:~a / 呃逆:~b / 顺着:~d / 顺遂:~e / 味达美:~g	噘: / 兄友弟恭:~a / 呃逆:~b / 顺着:~d / 顺遂:~e / 嘹:~i
moc_wubi86_simp_plus	kfm	喃: / 鄙见:~q / 贵远贱近:~r / 吴越同舟:~t / 叶肉:~w	喃: / 鄙见:~q / 吴越同舟:~t / 叶肉:~w
moc_wubi86_simp_plus	kfw	呋: / 别无他求:~f / 味全:~g / 别无他法:~i / 鄙俚:~j / 中考分数:~o	呋: / 别无他求:~f / 味全:~g / 别无他法:~i / 中考分数:~o / 别无他物:~t
moc_wubi86_simp_plus	kfy	鄙弃:~c / 跷二郎腿:~e / 中考高考:~f / 嘲谑:~h / 喷雾剂:~j / 鄙吝:~k	鄙弃:~c / 跷二郎腿:~e / 中考高考:~f / 嘲谑:~h / 喷雾剂:~j / 嘲讽:~m
moc_wubi86_simp_plus	kgp	逞: / 足球赛:~f / 足球赛事:~g / 中型客车:~l / 饕餮之徒:~t / 嗟来之食:~w	逞: / 足球赛:~f / 足球赛事:~g / 中型客车:~l / 嗟来之食:~w / 呈祥:~y
moc_wubi86_simp_plus	khx	嘴: / 蹿红:~a / 路经:~c / 中级:~e / 跸:~f / 路线:~g	嘴: / 蹿红:~a / 路经:~c / 中级:~e / 跸:~f / 路线:~g
moc_wubi86_simp_plus	kif	哨塔:~a / 哨声:~n / 中小规模:~s / 中学教育:~y / 中小城市:~y / 中流击楫:~s	哨塔:~a / 哨声:~n / 中小规模:~s / 中学教育:~y / 中小城市:~y
moc_wubi86_simp_plus	kij	唾沫星子:~b / 器小易盈:~e / 中学时代:~w / kijiji:~iji	唾沫星子:~b / 中学时代:~w / kijiji:~iji
moc_wubi86_simp_plus	kjk	唱喏:~a / 吠影吠声:~f / 喝足:~h / 喁喁:~j / 噼里啪啦:~k / 唱响:~t	唱喏:~a / 喝足:~h / 噼里啪啦:~k / 唱响:~t / 嘴里叼着:~u / 呻吟:~w
moc_wubi86_simp_plus	kkj	口紧:~c / 口里:~f / 品题:~g / 品鉴:~t	口紧:~c / 口里:~f / 品鉴:~t
moc_wubi86_simp_plus	kky	口试:~a / 口译:~c / 呜呼哀哉:~f / 口语:~g / 口误:~k / 口调:~m	口试:~a / 口译:~c / 呜呼哀哉:~f / 口语:~g / 口误:~k / 口调:~m
moc_wubi86_simp_plus	klx	别绪:~f / 中国经济:~i / 吸墨纸:~q	中国经济:~i / 吸墨纸:~q
moc_wubi86_simp_plus	kma	嗣: / 员工:~a / 吐刚茹柔:~c / 勋劳:~p	嗣: / 员工:~a / 勋劳:~p
moc_wubi86_simp_plus	kqa	吃错药了:~b / 吹散:~e / 吹落:~i / 噜苏:~l / 只欠东风:~m / 吃错药:~x	吃错药了:~b / 吹散:~e / 吹落:~i / 只欠东风:~m / 吃错药:~x
moc_wubi86_simp_plus	kqi	史: / 中铁汇苑:~a / 虽然没有:~d / 哈尔滨工业大学:~i / 哈尔滨:~p / 哈尔滨市:~y	史: / 虽然没有:~d / 哈尔滨工业大学:~i / 哈尔滨:~p / 哈尔滨市:~y / 吹水:~i
moc_wubi86_simp_plus	ktw	中生代:~a / 咱俩:~g / 中等偏上:~h / 唱片公司:~n / 品牌传播:~r / 唾余:~t	中生代:~a / 咱俩:~g / 中等偏上:~h / 唱片公司:~n / 品牌传播:~r / 咱们:~u
moc_wubi86_simp_plus	ktx	川红:~a / 啼笑皆非:~d / 品牌经理:~g / 路德维希:~q / 品竹弹丝:~x	川红:~a / 啼笑皆非:~d / 品牌经理:~g / 路德维希:~q
moc_wubi86_simp_plus	kvi	啸: / 叨光:~q	啸:
moc_wubi86_simp_plus	kvw	哪会:~f / 啸傲:~g / 哪个:~h / 哪位:~u / 叨念:~y	哪会:~f / 哪个:~h / 哪位:~u / 叨念:~y
moc_wubi86_simp_plus	kwg	哈: / 咱俩一起:~f / 唯一:~g / 喻:~j / 中途下车:~l / 口含天宪:~p	哈: / 咱俩一起:~f / 唯一:~g / 喻:~j / 中途下车:~l / 哪个班的:~r
moc_wubi86_simp_plus	kwk	咿呀:~a / 喉咙:~d / 哈喇:~g / 吟唱:~j / 咱们中国:~l / 哈喽:~o	咿呀:~a / 喉咙:~d / 哈喇:~g / 吟唱:~j / 咱们中国:~l / 哈喽:~o
moc_wubi86_simp_plus	kxt	吹弹得破:~d / 中纪委:~v / 吐丝自缚:~x	吹弹得破:~d / 中纪委:~v
moc_wubi86_simp_plus	kyb	哼: / 唁函:~i	哼:
moc_wubi86_simp_plus	kyw	啐: / 吃这个苦:~a / 听证会:~f / 嗾使:~g / 别谈什么:~t / 吃斋念佛:~w	啐: / 吃这个苦:~a / 听证会:~f / 别谈什么:~t / 吃斋念佛:~w
moc_wubi86_simp_plus	laa	轼: / 加工工艺:~a / 羁勒:~f / 黑茫茫:~i / 四项基本原则:~m / 黑蒙蒙:~p	轼: / 加工工艺:~a / 黑茫茫:~i / 四项基本原则:~m / 黑蒙蒙:~p
moc_wubi86_simp_plus	lag	连蒙带骗:~c / 国共两党:~i / 畏葸不前:~u / 四菜一汤:~i	连蒙带骗:~c / 国共两党:~i / 四菜一汤:~i
moc_wubi86_simp_plus	lal	转基因:~d / 转基因食品:~k / 回黄转绿:~x	转基因:~d / 转基因食品:~k
moc_wubi86_simp_plus	lcm	因难见巧:~a / 轻财:~f / 轻贱:~g / 轻则:~j / 轻风:~q	轻财:~f / 轻贱:~g / 轻则:~j / 轻风:~q
moc_wubi86_simp_plus	lda	因式:~a / 因其:~d / 畴昔:~j / 四大世家:~p / 四顾茫然:~q / 界面切换:~r	因式:~a / 因其:~d / 四大世家:~p / 四顾茫然:~q / 界面切换:~r / 四大菜系:~t
moc_wubi86_simp_plus	ldi	因: / 黑龙江:~a / 恩泽:~c / 黑龙江省:~i / 困而学之:~p / 罗布泊:~r	因: / 黑龙江:~a / 恩泽:~c / 黑龙江省:~i / 罗布泊:~r / 黑不溜秋:~t
moc_wubi86_simp_plus	lev	回肠九转:~l / level:~el / levels:~els / levitra:~itra	level:~el / levels:~els / levitra:~itra
moc_wubi86_simp_plus	lfe	轻裘肥马:~c / 黑豹:~e / 围脖:~f / 墨彩:~s / 转用:~t / 黑胶:~u	黑豹:~e / 围脖:~f / 墨彩:~s / 转用:~t / 黑胶:~u / 黑脸:~w
moc_wubi86_simp_plus	lfs	围棋:~a / 置顶:~d / 围标:~f / 园丁:~g / 默想:~h / 黑桃:~i	围棋:~a / 置顶:~d / 围标:~f / 园丁:~g / 默想:~h / 黑桃:~i
moc_wubi86_simp_plus	lgd	车友:~c / 国大:~d / 国有:~e / 罗敷有夫:~f / 车厂:~g / 办不成:~n	车友:~c / 国大:~d / 国有:~e / 车厂:~g / 办不成:~n / 累死三军:~p
moc_wubi86_simp_plus	lgj	畀: / 车里:~f / 国师:~g / 国电:~n / 加速时间:~u / 辐照:~v	畀: / 车里:~f / 国师:~g / 国电:~n / 加速时间:~u / 辐照:~v
moc_wubi86_simp_plus	lgv	国帑:~c / 车刀:~n / 国君:~t	车刀:~n / 国君:~t
moc_wubi86_simp_plus	ljp	黑暗之魂:~f / 回归祖国:~l / 黑暗之书:~n / 黑暗之门:~u / 回归社会:~w	黑暗之魂:~f / 回归祖国:~l / 黑暗之门:~u / 回归社会:~w
moc_wubi86_simp_plus	ljw	四时八节:~a / 黑暗侵袭:~d / 加盟代理:~g / 暂时停止:~h / 回归分析:~s / 回归价值:~w	四时八节:~a / 加盟代理:~g / 暂时停止:~h / 回归分析:~s / 回归价值:~w / 轻量化:~x
moc_wubi86_simp_plus	lla	男式:~a / 男鞋:~f / 田七:~g / 轩辕黄帝:~u / 男巫:~w / 车力巨人:~w	男式:~a / 男鞋:~f / 田七:~g / 轩辕黄帝:~u / 男巫:~w / 男工:~a
moc_wubi86_simp_plus	lld	男友:~c / 默默耕耘:~d / 默默奉献:~f / 田契:~h / 男厕:~m / 回转寿司:~n	男友:~c / 默默耕耘:~d / 默默奉献:~f / 男厕:~m / 回转寿司:~n / 罢黜百家:~p
moc_wubi86_simp_plus	lls	男模:~a / 男权:~c / 男丁:~g / 车辆检测:~i / 轻轻松松:~s / 辅车相依:~w	男模:~a / 男权:~c / 男丁:~g / 车辆检测:~i / 轻轻松松:~s
moc_wubi86_simp_plus	lmf	国内需求:~f / 男同志:~n / 四则运算:~t / 黑山老妖:~v / 贺岁喜剧:~n	国内需求:~f / 男同志:~n / 四则运算:~t / 贺岁喜剧:~n
moc_wubi86_simp_plus	lmk	轴距:~h / 因风吹火:~o / 国内品牌:~t	轴距:~h / 国内品牌:~t
moc_wubi86_simp_plus	lnp	田忌赛马:~c / 罹祸:~y	田忌赛马:~c
moc_wubi86_simp_plus	luf	畔: / 圈地:~b / 团总支:~c / 囚首垢面:~d / 国产动画:~g / 较真:~h	畔: / 圈地:~b / 团总支:~c / 国产动画:~g / 较真:~h / 罗翔老师:~j
moc_wubi86_simp_plus	lup	蜀道之难:~c / 圈定:~g / 国产之光:~i / 较之:~p / 回头客:~t / 辅音字母:~x	蜀道之难:~c / 圈定:~g / 国产之光:~i / 较之:~p / 回头客:~t / 辅音字母:~x
moc_wubi86_simp_plus	lvi	思如涌泉:~r / 轻如鸿毛:~t / 男女混住:~w	轻如鸿毛:~t / 男女混住:~w
moc_wubi86_simp_plus	lyk	罚跪:~h / 詈骂:~k	罚跪:~h
moc_wubi86_simp_plus	lyp	累计完成:~d / 略识之无:~f / 较为容易:~j / 因为寂寞:~p / 转义字符:~t / 连衣裙:~u	累计完成:~d / 较为容易:~j / 因为寂寞:~p / 转义字符:~t / 连衣裙:~u / 轻诺寡信:~w
moc_wubi86_simp_plus	mdf	岩: / 风鬟雾鬓:~d / 赈:~e / 崖:~f / 崖坡:~h / 央求:~i	岩: / 赈:~e / 崖:~f / 崖坡:~h / 央求:~i / 岸:~j
moc_wubi86_simp_plus	mfa	周期:~d / 财东:~i / 贝塔斯曼:~j / 岐黄:~m / 贝雷蒂尼:~n / 周董:~t	周期:~d / 贝塔斯曼:~j / 岐黄:~m / 贝雷蒂尼:~n / 周董:~t / 周薪:~u
moc_wubi86_simp_plus	mfr	周报:~b / 几十年来:~g / 周年:~h / 几十年如一日:~j / 财帛:~m / 赌气:~n	周报:~b / 几十年来:~g / 周年:~h / 几十年如一日:~j / 财帛:~m / 赌气:~n
moc_wubi86_simp_plus	mgm	同班同学:~i / 同岁:~q / 贱内:~w / 几天几夜:~y	同班同学:~i / 同岁:~q / 几天几夜:~y
moc_wubi86_simp_plus	mgy	同谋:~a / 同享:~b / 同庆:~d / 赋诗:~f / 曲不离口:~k / 同为:~l	同谋:~a / 同享:~b / 同庆:~d / 赋诗:~f / 曲不离口:~k / 同为:~l
moc_wubi86_simp_plus	mhn	幄:~f / 由:~g / 见此情景:~j / 同步发展:~n / 贝:~y / 贴心:~y	幄:~f / 由:~g / 见此情景:~j / 同步发展:~n / 贝:~y / 贴心:~y
moc_wubi86_simp_plus	mhs	贴权:~c / 贴标:~f / 由此可见:~m / 帽檐:~q / 帆板:~r / 由此可知:~t	贴权:~c / 贴标:~f / 由此可见:~m / 帽檐:~q / 帆板:~r / 由此可知:~t
moc_wubi86_simp_plus	mif	风流云散:~a / 风光无限:~b / 峭直:~h / 风流才子:~b	风光无限:~b / 风流才子:~b
moc_wubi86_simp_plus	mig	由小到大:~d / 山水画:~l / 见光死:~q / 雕梁画栋:~s / 网漏吞舟:~t / 嵊泗列岛:~q	由小到大:~d / 山水画:~l / 见光死:~q / 雕梁画栋:~s / 周游列国:~l / 嵊泗列岛:~q
moc_wubi86_simp_plus	mkf	凤鸣朝阳:~b / 风吹雨打:~r / 网吧老板:~s	风吹雨打:~r / 网吧老板:~s
moc_wubi86_simp_plus	mlq	崭然:~d / 岬角:~e / 贝加尔湖:~i / 崽儿:~t	岬角:~e / 贝加尔湖:~i / 崽儿:~t
moc_wubi86_simp_plus	mme	山脚:~f / 巾帼须眉:~n / 山腰:~s / 山腹:~t / 山脉:~y	山脚:~f / 山腰:~s / 山腹:~t / 山脉:~y
moc_wubi86_simp_plus	mmg	岫: / 鹦鹉:~a / 凹:~d / 山青:~e / 山王:~g / 山下:~h	岫: / 鹦鹉:~a / 凹:~d / 山青:~e / 山王:~g / 山下:~h
moc_wubi86_simp_plus	mne	购买股票:~s / 风情月债:~w	购买股票:~s
moc_wubi86_simp_plus	mok	Moke:~e	
moc_wubi86_simp_plus	mpr	同室操戈:~a / 崇拜:~d / 内视反听:~k / 内容提要:~s / 内容描述:~s / 迪拜:~d	同室操戈:~a / 崇拜:~d / 内容提要:~s / 内容描述:~s / 迪拜:~d / 内容摘要:~s
moc_wubi86_simp_plus	mql	见轻:~c / 见罪:~d / 购置:~f / 风车:~g / 网罩:~h / 购回:~k	见轻:~c / 购置:~f / 风车:~g / 网罩:~h / 购回:~k / 网罗:~q
moc_wubi86_simp_plus	mqu	岁: / 购并:~a / 见闻:~b / 风瘫:~c / 风头:~d / 刚毅:~e	岁: / 购并:~a / 见闻:~b / 风瘫:~c / 风头:~d / 刚毅:~e
moc_wubi86_simp_plus	mqy	风度:~a / 岁序:~c / 风衣:~e / 见诸:~f / 见证:~g / 网店:~h	风度:~a / 风衣:~e / 见诸:~f / 见证:~g / 网店:~h / 见识:~k
moc_wubi86_simp_plus	msb	风樯阵马:~c	
moc_wubi86_simp_plus	mti	几乎没有:~d / 风生水起:~f / 风行水上:~h / 山重水复疑无路:~k / 嵊泗:~l / 几乎没人:~w	几乎没有:~d / 风生水起:~f / 山重水复疑无路:~k / 嵊泗:~l / 几乎没人:~w / 败兴:~w
moc_wubi86_simp_plus	muf	网站运营:~a / 赔款:~f / 网站地图:~l / 罔替:~w / 内部培训:~y / 岗前培训:~y	网站运营:~a / 赔款:~f / 网站地图:~l / 内部培训:~y / 岗前培训:~y / 网站地址:~f
moc_wubi86_simp_plus	mut	网站策划:~a / 凯立德:~f / 内部管理:~g / 赚得:~j / 网站备案:~p / 曲意逢迎:~q	网站策划:~a / 内部管理:~g / 赚得:~j / 网站备案:~p / 曲意逢迎:~q / 赠物:~r
moc_wubi86_simp_plus	mxd	曲终奏雅:~a / 网络故障:~b / 网络原理:~g / 网络硬盘:~t / 网络存储:~w	网络故障:~b / 网络原理:~g / 网络硬盘:~t / 网络存储:~w
moc_wubi86_simp_plus	naj	异: / 羿: / 民盟:~e / 惜时:~f / 惜:~g / 履薄临深:~i	异: / 羿: / 民盟:~e / 惜时:~f / 惜:~g / 异日:~j
moc_wubi86_simp_plus	nap	展宽:~a / 心荡神驰:~c / 民家:~e / 展室:~g / 殿军:~l / 心荡神迷:~o	展宽:~a / 民家:~e / 展室:~g / 殿军:~l / 以工补农:~p / 迟暮之年:~r
moc_wubi86_simp_plus	naq	怄: / 屈臣氏:~a / 民怨:~b / 屏幕色彩:~e / 臀鳍:~g / 民乐:~i	怄: / 屈臣氏:~a / 民怨:~b / 屏幕色彩:~e / 臀鳍:~g / 民乐:~i
moc_wubi86_simp_plus	nba	NBA: / National Basketball Association: / 屈节:~b / 发出警告:~t / 必承其重:~t / NBA 2K:~2k	NBA: / National Basketball Association: / 发出警告:~t / 必承其重:~t / NBA 2K:~2k
moc_wubi86_simp_plus	nbc	慑: / 怯防勇战:~h / 改了又改:~n / 发出通知:~t	慑: / 改了又改:~n / 发出通知:~t
moc_wubi86_simp_plus	nbl	屈驾:~k	
moc_wubi86_simp_plus	nbw	买了保险:~b / 敢做:~d / 以耳代目:~h / 屈伸:~j / 敢保:~k / 飞也似的:~r	买了保险:~b / 敢做:~d / 屈伸:~j / 敢保:~k / 飞也似的:~r / 买了什么:~t
moc_wubi86_simp_plus	ncg	快马一鞭:~a / 性能表现:~g / 怪事:~k / 惨遭:~m / 惨烈:~q / 怀柔政策:~t	性能表现:~g / 怪事:~k / 惨遭:~m / 惨烈:~q / 怀柔政策:~t / 惨毒:~x
moc_wubi86_simp_plus	ncu	惨痛:~c / 惨状:~d / 怪病:~g / 性能问题:~j / 惨况:~k / 怪兽:~l	惨痛:~c / 惨状:~d / 怪病:~g / 性能问题:~j / 惨况:~k / 怪兽:~l
moc_wubi86_simp_plus	ndn	忧: / 居民:~a / 恢恢:~d / 忧愤:~f / 剧情:~g / 忧惧:~h	忧: / 居民:~a / 恢恢:~d / 忧愤:~f / 剧情:~g / 忧惧:~h
moc_wubi86_simp_plus	ndr	尼古拉斯:~a / 发聋振聩:~b / 以石投水:~i / 慌不择路:~k / 居所:~n / 必有后福:~p	尼古拉斯:~a / 发聋振聩:~b / 慌不择路:~k / 居所:~n / 必有后福:~p / 发布报告:~t
moc_wubi86_simp_plus	nds	情有可原:~d / 剧本:~g / 必不可少:~i / 书面材料:~o / 必不可免:~q / 必不可缺:~r	情有可原:~d / 剧本:~g / 必不可少:~i / 书面材料:~o / 必不可免:~q / 必不可缺:~r
moc_wubi86_simp_plus	nfk	必需品:~k / 导员:~m / 心直口快:~n / 发声器官:~p / 慰唁:~y / 避雷器:~k	必需品:~k / 导员:~m / 心直口快:~n / 发声器官:~p / 避雷器:~k
moc_wubi86_simp_plus	nfr	导报:~b / 发动技能:~c / 心无挂碍:~d / 避坑指南:~f / 迅捷:~g / 飞云掣电:~j	导报:~b / 发动技能:~c / 避坑指南:~f / 迅捷:~g / 飞云掣电:~j / 以直报怨:~q
moc_wubi86_simp_plus	nft	屠: / NFT: / Non-Fungible Token: / 导航:~e / 慎选:~f / 慎重:~g	屠: / NFT: / Non-Fungible Token: / 导航:~e / 慎选:~f / 慎重:~g
moc_wubi86_simp_plus	ngd	刁: / 悟天克斯:~a / 已形成了:~b / 发现不对:~c / 以一奉百:~d / 怀有:~e	刁: / 悟天克斯:~a / 已形成了:~b / 发现不对:~c / 怀有:~e / 情感:~g
moc_wubi86_simp_plus	ngn	刁民:~a / 敢不敢:~b / 懒惰:~d / 飞来飞去:~f / 情怀:~g / 悚惧:~h	刁民:~a / 敢不敢:~b / 懒惰:~d / 飞来飞去:~f / 情怀:~g / 悚惧:~h
moc_wubi86_simp_plus	ngr	情报:~b / 以一持万:~d / 迅速摆脱:~e / 飞天遁地:~f / 屋后:~g / 敢于挑战:~h	情报:~b / 迅速摆脱:~e / 飞天遁地:~f / 屋后:~g / 敢于挑战:~h / 发表看法:~i
moc_wubi86_simp_plus	nhh	疏虞:~a / 眉睫:~g / 眉目:~h / 怪叔叔:~i / 眉眼:~v / 遐龄:~w	眉睫:~g / 眉目:~h / 怪叔叔:~i / 眉眼:~v / 遐龄:~w
moc_wubi86_simp_plus	nhm	戕贼:~a / 收贿:~d / 眉山:~m / 收购:~q / 收账:~t / 惧内:~w	收贿:~d / 眉山:~m / 收购:~q / 收账:~t / 惧内:~w / 收网:~q
moc_wubi86_simp_plus	nhy	疏: / 以此为荣:~a / 疏离:~b / 快餐店:~h / 收齐:~j / 收市:~m	疏: / 以此为荣:~a / 疏离:~b / 快餐店:~h / 收齐:~j / 收市:~m
moc_wubi86_simp_plus	njy	憬: / 悭吝:~k / 心里话:~t / 发电设备:~t	憬: / 心里话:~t / 发电设备:~t
moc_wubi86_simp_plus	nkg	避开:~a / 壁球:~f / 心口不一:~g / 璧还:~i / 壁画:~l / 劈刺:~m	避开:~a / 壁球:~f / 心口不一:~g / 壁画:~l / 劈刺:~m / 璧玉:~y
moc_wubi86_simp_plus	nlj	民国时期:~a / 愣是:~g / 改辕易辙:~l / 发车时间:~u	民国时期:~a / 愣是:~g / 发车时间:~u
moc_wubi86_simp_plus	nln	翼展:~a / 愣怔:~g / 愣愣:~l / 忧国忧民:~n / 惭愧:~r / 惭怍:~t	翼展:~a / 愣怔:~g / 愣愣:~l / 忧国忧民:~n / 惭愧:~r / 心连心:~y
moc_wubi86_simp_plus	nmc	层见叠出:~b	
moc_wubi86_simp_plus	nmr	恺撒:~a / 刷掉:~h / 情同手足:~k / 情见势屈:~n / 刷白:~r / 刷拉:~u	恺撒:~a / 刷掉:~h / 情同手足:~k / 刷白:~r / 刷拉:~u
moc_wubi86_simp_plus	nmt	刷版:~h / 尸山血海:~i / 尺幅千里:~j / 情见乎辞:~t	刷版:~h / 尸山血海:~i
moc_wubi86_simp_plus	nnn	忆: / 书展:~a / 习惯性地:~f / 发展迅速:~g / 书眉:~h / 快慢:~j	忆: / 书展:~a / 习惯性地:~f / 发展迅速:~g / 快慢:~j / 羽翼:~l
moc_wubi86_simp_plus	nns	书柜:~a / 书橱:~d / 发展要求:~f / 书本:~g / 忆想:~h / 发展机遇:~j	书柜:~a / 书橱:~d / 发展要求:~f / 书本:~g / 发展机遇:~j / 快歌:~k
moc_wubi86_simp_plus	nnt	局长:~a / 书籍:~d / 快艇:~e / 羽毛:~f / 书生:~g / 书牍:~h	局长:~a / 书籍:~d / 快艇:~e / 羽毛:~f / 书生:~g / 书香:~j
moc_wubi86_simp_plus	nnu	忌: / 慢性疲劳:~a / 发展壮大:~d / 慢性病:~g / 发展前景:~j / 局部:~k	忌: / 慢性疲劳:~a / 发展壮大:~d / 慢性病:~g / 发展前景:~j / 局部:~k
moc_wubi86_simp_plus	nnv	乜: / 已退:~e / 忏悔录:~i / 快如:~k / 快婿:~n / 已婚:~q	乜: / 已退:~e / 忏悔录:~i / 快如:~k / 快婿:~n / 已婚:~q
moc_wubi86_simp_plus	nof	以火救火:~o / 导火索:~p	导火索:~p
moc_wubi86_simp_plus	npg	民宿平台:~c / 悔之不及:~e / 发家致富:~p / 心安理得:~t / 居之不疑:~x / 心神不宁:~p	民宿平台:~c / 悔之不及:~e / 发家致富:~p / 心安理得:~t / 心神不宁:~p / 心神不定:~p
moc_wubi86_simp_plus	npj	悔之晚矣:~c / 改容易貌:~e	悔之晚矣:~c
moc_wubi86_simp_plus	nqg	怫然不悦:~n / 以色列:~q / 虱多不痒:~u / 以色列人:~w	以色列:~q / 虱多不痒:~u / 以色列人:~w
moc_wubi86_simp_plus	nqw	展销会:~f / 怫然作色:~q / 局外人:~w	展销会:~f / 局外人:~w
moc_wubi86_simp_plus	nrf	愧赧:~o	
moc_wubi86_simp_plus	nrh	忻: / 惶遽:~a / 发指眦裂:~g	忻:
moc_wubi86_simp_plus	nrl	以手加额:~p / 怕累:~x	怕累:~x
moc_wubi86_simp_plus	nrn	忾: / 慌手慌脚:~e / 惶悚:~g / 惶惶:~r / 愧怍:~t / 愧恨:~v	忾: / 慌手慌脚:~e / 惶悚:~g / 惶惶:~r / 愧恨:~v / 收拾收拾:~r
moc_wubi86_simp_plus	nrs	以后可能:~c / 屈指可数:~o / 情报机构:~s / 蛋白酶体:~w / 心手相应:~y / 怀揣梦想:~s	以后可能:~c / 屈指可数:~o / 情报机构:~s / 蛋白酶体:~w / 怀揣梦想:~s
moc_wubi86_simp_plus	nry	快捷方式:~a / 犀牛望月:~e / 愧为:~l / 忻州:~t / 怕谁:~w	快捷方式:~a / 愧为:~l / 忻州:~t / 怕谁:~w
moc_wubi86_simp_plus	nsn	层林尽染:~i / 怵惕:~j / 怪模怪样:~s / 必要性:~t / 飞机飞行:~t	层林尽染:~i / 怪模怪样:~s / 必要性:~t / 飞机飞行:~t
moc_wubi86_simp_plus	ntj	虱: / 发行日期:~a / 恒生电子:~b / 发紧:~c / 以升量石:~d / 发明:~e	虱: / 发行日期:~a / 恒生电子:~b / 发紧:~c / 发明:~e / 发行量:~g
moc_wubi86_simp_plus	ntm	懊: / 尾骨:~e / 发财:~f / 发帖:~h / 恨入骨髓:~m / 发自内心:~n	懊: / 尾骨:~e / 发财:~f / 发帖:~h / 恨入骨髓:~m / 发自内心:~n
moc_wubi86_simp_plus	ntn	发展:~a / 悖入悖出:~b / 飞行性能:~c / 发愤:~f / 性情:~g / 尾翼:~l	发展:~a / 飞行性能:~c / 发愤:~f / 性情:~g / 尾翼:~l / 怅惘:~m
moc_wubi86_simp_plus	ntu	忤逆:~b / 发痛:~c / 发送:~d / 改装:~f / 发病:~g / 发音:~j	忤逆:~b / 发痛:~c / 发送:~d / 改装:~f / 发病:~g / 发音:~j
moc_wubi86_simp_plus	nuu	民间疾苦:~a / 飞翔:~d / 劈头盖脸:~e / 以意逆志:~f / 买单:~j / 民间资本:~s	民间疾苦:~a / 飞翔:~d / 劈头盖脸:~e / 买单:~j / 民间资本:~s / 层次关系:~t
moc_wubi86_simp_plus	nuy	悯: / 飞度:~a / 飞离:~b / 买新衣服:~e / 发送请求:~f / 买主:~g	悯: / 飞度:~a / 飞离:~b / 买新衣服:~e / 发送请求:~f / 买主:~g
moc_wubi86_simp_plus	nwa	情人节:~b / 惟其:~d / 恰巧:~g / 惟恐:~m / 以售其奸:~v	情人节:~b / 惟其:~d / 恰巧:~g / 惟恐:~m
moc_wubi86_simp_plus	nxi	已经没有:~d / 情绪激动:~f / 以蠡测海:~i / 以经济建设为中心:~n / 惯常:~p	已经没有:~d / 情绪激动:~f / 以经济建设为中心:~n / 惯常:~p
moc_wubi86_simp_plus	nxt	收缩毛孔:~b / 心织笔耕:~d / 尼奥:~m / 情绪稳定:~p / 惯称:~q / 已经知道:~u	收缩毛孔:~b / 尼奥:~m / 情绪稳定:~p / 惯称:~q / 已经知道:~u
moc_wubi86_simp_plus	nyu	尽: / 情文并茂:~a / 惊闻:~b / 心痛:~c / 心头:~d / 以前:~e	尽: / 惊闻:~b / 心痛:~c / 心头:~d / 以前:~e / 改变立场:~f
moc_wubi86_simp_plus	nyw	以: / 悴: / 以供:~a / 以文会友:~d / 心广体胖:~e / 翠:~f	以: / 悴: / 以供:~a / 以文会友:~d / 翠:~f / 以便:~g
moc_wubi86_simp_plus	oft	烤: / 烤盘:~e / 断井颓垣:~f / 烤得:~j / 烤箱:~s / often:~en	烤: / 烤盘:~e / 烤得:~j / 烤箱:~s / often:~en
moc_wubi86_simp_plus	ogu	凿: / 黻:~c / 精减:~d / 精装:~f / 精美:~g / 粉末冶金:~q	凿: / 精减:~d / 精装:~f / 精美:~g / 粉末冶金:~q / 精瘦:~v
moc_wubi86_simp_plus	ohg	火上弄冰:~u	
moc_wubi86_simp_plus	oiq	炒锅:~k / 炒饭:~n / 烟波钓徒:~t / 炒勺:~y / 炒饼:~n	炒锅:~k / 炒饭:~n / 炒勺:~y / 炒饼:~n
moc_wubi86_simp_plus	oly	数黑论黄:~a / 精力充沛:~i / Olympic:~mpic / Olympus:~mpus / Olympics:~mpics	精力充沛:~i / Olympic:~mpic / Olympus:~mpus / Olympics:~mpics
moc_wubi86_simp_plus	ont	精心策划:~a / 断航:~e / 断壁颓垣:~f / 断片:~h / 断种:~k / 断乎:~u	精心策划:~a / 断航:~e / 断片:~h / 断种:~k / 数以千计:~y / onto:~o
moc_wubi86_simp_plus	ood	火大:~d / 火砖:~f / 火石:~g / 炎夏:~h / 火硝:~i / 数米而炊:~o	火大:~d / 火砖:~f / 火石:~g / 炎夏:~h / 火硝:~i / 炯炯有神:~p
moc_wubi86_simp_plus	opx	迷幻:~n / 断鹤续凫:~q	迷幻:~n
moc_wubi86_simp_plus	orw	数据分布:~d / 粉白黛黑:~l / 燃气公司:~n / 数据分类:~o / 数据保护:~r / 数据分析:~s	数据分布:~d / 燃气公司:~n / 数据分类:~o / 数据保护:~r / 数据分析:~s / 数据集:~y
moc_wubi86_simp_plus	ory	数白论黄:~a / 数据读取:~b / 数据库表:~g / 数据库中:~k / 数据库:~l / 数据库名:~q	数据读取:~b / 数据库表:~g / 数据库中:~k / 数据库:~l / 数据库名:~q / 迷失方向:~t
moc_wubi86_simp_plus	oss	OSS: / Object Storage Service: / 断梗飘蓬:~a / 灯标:~f / 灯柱:~y	OSS: / Object Storage Service: / 灯标:~f / 灯柱:~y
moc_wubi86_simp_plus	otg	炸开:~a / 烙下:~h / 糗事:~k / 熄灭:~o / 炸死:~q / 业务素质:~r	炸开:~a / 烙下:~h / 糗事:~k / 熄灭:~o / 炸死:~q / 业务素质:~r
moc_wubi86_simp_plus	oum	熵: / 料峭:~i / 断背山:~m / 烂账:~t / 烤羊肉串:~k	熵: / 断背山:~m / 烂账:~t / 烤羊肉串:~k
moc_wubi86_simp_plus	oxr	类比推理:~g / 精贯白日:~j	类比推理:~g
moc_wubi86_simp_plus	pat	pat: / 宽待:~f / 社区矫正:~g / 宽和:~k / 实获我心:~n / 福斯特:~r	pat: / 宽待:~f / 社区矫正:~g / 宽和:~k / 福斯特:~r / path:~h
moc_wubi86_simp_plus	pdg	割开:~a / 寄到:~c / 寄于:~f / 安盛天平:~g / 割下:~h / 视而不见:~m	割开:~a / 寄到:~c / 寄于:~f / 安盛天平:~g / 割下:~h / 视而不见:~m
moc_wubi86_simp_plus	pdx	宠: / 割线:~g / 宏旨:~j / 富有弹性:~n / 完成比赛:~p / 寄给:~w	宠: / 割线:~g / 宏旨:~j / 富有弹性:~n / 完成比赛:~p / 寄给:~w
moc_wubi86_simp_plus	peg	宜: / 家蚕:~d / 窥豹一斑:~g / 家政:~h / 家事:~k / 家严:~o	宜: / 家蚕:~d / 窥豹一斑:~g / 家政:~h / 家事:~k / 家珍:~w
moc_wubi86_simp_plus	pel	家园:~f / 农用车:~g / 农田:~l / 家累:~x	家园:~f / 农用车:~g / 农田:~l
moc_wubi86_simp_plus	peu	家: / 家眷:~d / 家装:~f / 实用新型:~g / 穷且益坚:~j / 客服部:~k	家: / 家眷:~d / 家装:~f / 实用新型:~g / 穷且益坚:~j / 客服部:~k
moc_wubi86_simp_plus	pex	家母:~g / 家乡:~t / 家给:~w / 家纺:~y	家母:~g / 家乡:~t / 家纺:~y
moc_wubi86_simp_plus	pfd	寒碜:~c / 穿云破雾:~f / 守土有责:~g / 守在:~h / 神志不清:~i / 完成:~n	寒碜:~c / 穿云破雾:~f / 守土有责:~g / 守在:~h / 神志不清:~i / 完成:~n
moc_wubi86_simp_plus	pfg	完形:~a / 宽进严出:~b / 塞到:~c / 穿云裂石:~d / 密云不雨:~f / 神志不清:~i	完形:~a / 宽进严出:~b / 塞到:~c / 穿云裂石:~d / 神志不清:~i / 完整:~k
moc_wubi86_simp_plus	pfq	完: / 初露锋芒:~a / 寇:~c / 冠:~f / 塞外:~h / 赛尔:~i	完: / 初露锋芒:~a / 寇:~c / 冠:~f / 塞外:~h / 赛尔:~i
moc_wubi86_simp_plus	pgk	富: / 富顺:~d / 宝号:~g / 宝贵:~h / 写到哪里:~j / 宝器:~k	富: / 富顺:~d / 宝贵:~h / 写到哪里:~j / 宝器:~k / 定员:~m
moc_wubi86_simp_plus	pgp	裙下之臣:~a / 写字:~b / 军事家:~e / 写完:~f / 宝宝:~g / 完整视频:~h	写字:~b / 军事家:~e / 写完:~f / 宝宝:~g / 完整视频:~h / 冠亚军:~l
moc_wubi86_simp_plus	pgq	写错:~a / 宝钗:~c / 定然:~d / 定钱:~g / 室外:~h / 定销:~i	写错:~a / 宝钗:~c / 定然:~d / 定钱:~g / 室外:~h / 定销:~i
moc_wubi86_simp_plus	pgy	宝: / 实现方式:~a / 宣读:~f / 定语:~g / 写就:~i / 祸不旋踵:~k	宝: / 实现方式:~a / 宣读:~f / 定语:~g / 写就:~i / 定为:~l
moc_wubi86_simp_plus	pit	pit: / 礼尚往来:~g / 视觉算法:~i / 安常处顺:~k / pitch:~ch / Pittsburgh:~tsburgh	pit: / 礼尚往来:~g / 视觉算法:~i / pitch:~ch / Pittsburgh:~tsburgh
moc_wubi86_simp_plus	pjh	审: / 寓目:~h	审:
moc_wubi86_simp_plus	pkr	空口白牙:~a / 空中打击:~f / 神号鬼哭:~k / 空中接力:~l / 空口白话:~y	空口白牙:~a / 空中打击:~f / 空中接力:~l / 空口白话:~y
moc_wubi86_simp_plus	pks	冢中枯骨:~m / 空中楼阁:~u / 宝贵机会:~w	空中楼阁:~u / 宝贵机会:~w
moc_wubi86_simp_plus	pma	宙斯:~d / 宝山区:~q / 剜肉医疮:~u / 宫崎英高:~y	宙斯:~d / 宝山区:~q / 宫崎英高:~y
moc_wubi86_simp_plus	pmg	室内环境:~f / 穷山恶水:~i / 寒风刺骨:~m / 冗赘:~q	室内环境:~f / 穷山恶水:~i / 寒风刺骨:~m
moc_wubi86_simp_plus	pmi	室内活动:~f / 室内污染:~i / 寡见少闻:~u / 室内温度:~y	室内活动:~f / 室内污染:~i / 室内温度:~y
moc_wubi86_simp_plus	pmp	它山之石:~d / 宝山空回:~l / 室内空气:~r / 室内空间:~u / 室内定位:~w / 室内空调:~y	它山之石:~d / 室内空气:~r / 室内空间:~u / 室内定位:~w / 室内空调:~y / 补贴额度:~y
moc_wubi86_simp_plus	pmw	室内使用:~e / 冗余:~t / 神雕侠侣:~w / 家败人亡:~y	室内使用:~e / 冗余:~t / 神雕侠侣:~w
moc_wubi86_simp_plus	pnb	密函:~i / 官职:~k / 官了:~n / 官阶:~w / 农民阶级:~x	密函:~i / 官职:~k / 官阶:~w / 农民阶级:~x
moc_wubi86_simp_plus	pnv	密召:~k / 视民如伤:~w / 定心丸:~y	密召:~k / 定心丸:~y
moc_wubi86_simp_plus	pnx	密级:~e / 穿壁引光:~i / 密旨:~j / 密约:~q	密级:~e / 密旨:~j / 密约:~q
moc_wubi86_simp_plus	ppu	安富尊荣:~a / 之痛:~c / 之差:~d / 之前:~e / 之美:~g / 之间:~j	之痛:~c / 之差:~d / 之前:~e / 之美:~g / 之间:~j / 安家立业:~o
moc_wubi86_simp_plus	pqf	冤魂:~c / 安然无事:~g / 穿金戴银:~q / 安然无恙:~u / 窃钩者诛:~y	冤魂:~c / 安然无事:~g / 穿金戴银:~q / 安然无恙:~u
moc_wubi86_simp_plus	pqs	冠名权:~c / 安乐椅:~d / 突然想起:~f / 冤枉:~g / 宽猛相济:~i / 安危相易:~j	冠名权:~c / 安乐椅:~d / 突然想起:~f / 冤枉:~g / 宽猛相济:~i / 突然想到:~g
moc_wubi86_simp_plus	prb	官卑职小:~i / 空气阻力:~l	空气阻力:~l
moc_wubi86_simp_plus	prp	祈祷:~d / 宽打窄用:~e / 空气之中:~k / 实报实销:~q / 牢牢:~r / 宾客:~t	祈祷:~d / 空气之中:~k / 实报实销:~q / 牢牢:~r / 宾客:~t / 牢实:~u
moc_wubi86_simp_plus	psy	宋诗:~f / 宝相庄严:~g / 农村户口:~k / 宁为:~l / 宋词:~n / 官样文章:~u	宋诗:~f / 农村户口:~k / 宁为:~l / 宋词:~n / 官样文章:~u / psychology:~chology
moc_wubi86_simp_plus	ptl	神秘男子:~b / 客车:~g / 宅男:~l / 家徒四壁:~n / 福利国家:~p / 密特罗德:~t	神秘男子:~b / 客车:~g / 宅男:~l / 家徒四壁:~n / 福利国家:~p / 密特罗德:~t
moc_wubi86_simp_plus	ptn	农牧民:~a / 客居:~d / 额发:~t / 宅心:~y	农牧民:~a / 客居:~d / 额发:~t
moc_wubi86_simp_plus	pun	袂: / 初民:~a / 裾:~d / 审美情趣:~f / 实情:~g / 实收:~h	袂: / 裾:~d / 审美情趣:~f / 实情:~g / 实收:~h / 襟翼:~l
moc_wubi86_simp_plus	pur	裨: / 被拒:~a / 补报:~b / 神头鬼面:~d / 实质:~f / 被捕:~g	裨: / 被拒:~a / 补报:~b / 实质:~f / 被捕:~g / 初年:~h
moc_wubi86_simp_plus	pwp	礼仪之邦:~d / 窝家:~e / 宿伞之魂:~f / 案件审理:~g / 空寂:~h / 容人之量:~j	礼仪之邦:~d / 窝家:~e / 案件审理:~g / 空寂:~h / 容人之量:~j / 社会实践:~k
moc_wubi86_simp_plus	pxr	神经质:~f / 祸结兵连:~l / 它所:~n / 它的:~q / 字母排序:~y	神经质:~f / 它所:~n / 它的:~q / 字母排序:~y
moc_wubi86_simp_plus	pxy	它就:~i / 神经衰弱:~x / 家弦户诵:~y	它就:~i / 神经衰弱:~x
moc_wubi86_simp_plus	pyh	祉: / 额度上限:~b / 祖上:~h / 视频:~i / 视点:~k / 祯:~m	祉: / 额度上限:~b / 祖上:~h / 视频:~i / 视点:~k / 祯:~m
moc_wubi86_simp_plus	qaf	钳: / 象牙塔:~a / 锚地:~b / 错动:~c / 象牙塔里:~j / 负薪救火:~o	钳: / 象牙塔:~a / 锚地:~b / 错动:~c / 象牙塔里:~j / 错过:~p
moc_wubi86_simp_plus	qag	错开:~a / 色若死灰:~d / 错事:~k / 桀骜:~q	错开:~a / 错事:~k / 桀骜:~q
moc_wubi86_simp_plus	qbh	钌: / 凶虐:~a / 迎上:~h / 迎战:~k	钌: / 迎上:~h / 迎战:~k
moc_wubi86_simp_plus	qbo	凶焰:~q	
moc_wubi86_simp_plus	qbs	锕: / 凶横:~a / 夕阳西下:~g / 凶相:~h / 多孔材料:~o / 独出机杼:~s	锕: / 凶横:~a / 夕阳西下:~g / 凶相:~h / 多孔材料:~o
moc_wubi86_simp_plus	qcr	勾搭:~a / 色鬼:~q / 勾魄:~r / 勾手:~t / 色拉:~u / 乐观的人:~w	勾搭:~a / 色鬼:~q / 勾手:~t / 色拉:~u / 乐观的人:~w
moc_wubi86_simp_plus	qdd	危厄:~b / 留在成都:~f / 铁矿石:~g / 鲜艳夺目:~h / 乐而不淫:~i / 然而:~m	留在成都:~f / 铁矿石:~g / 鲜艳夺目:~h / 乐而不淫:~i / 然而:~m / 铸成:~n
moc_wubi86_simp_plus	qde	肴: / 希腊:~a / 猝不及防:~b / 多不胜数:~o / 狼奔豕突:~p / 卵磷脂:~x	肴: / 希腊:~a / 猝不及防:~b / 多不胜数:~o / 卵磷脂:~x / 危及:~y
moc_wubi86_simp_plus	qdg	钴: / 铸型:~a / 乌龙球:~f / 乌克丽丽:~g / 铸下:~h / 然否:~i	钴: / 铸型:~a / 乌龙球:~f / 乌克丽丽:~g / 铸下:~h / 狠不下心:~n
moc_wubi86_simp_plus	qdi	饶有兴趣:~f / 饶有兴致:~g / 铄石流金:~q / 负面消息:~t / 负面清单:~u / 鱼龙混杂:~v	饶有兴趣:~f / 饶有兴致:~g / 负面消息:~t / 负面清单:~u / 鱼龙混杂:~v
moc_wubi86_simp_plus	qdk	桀犬吠尧:~a / 金三顺:~d / 狂犬吠日:~j / 解码器:~k	金三顺:~d / 解码器:~k
moc_wubi86_simp_plus	qdq	银灰色:~c / 忽左忽右:~d / 金三角:~e / 镣铐:~f / 鱿鱼:~g / 鲍威尔:~i	银灰色:~c / 忽左忽右:~d / 金三角:~e / 镣铐:~f / 鱿鱼:~g / 鲍威尔:~i
moc_wubi86_simp_plus	qdt	铸: / 危笃:~c / 危重:~g / 铸币:~m / 然而我们:~w / 外在条件:~w	铸: / 危重:~g / 铸币:~m / 然而我们:~w / 外在条件:~w / 铸造:~f
moc_wubi86_simp_plus	qdy	钛: / 然诺:~a / 金石为开:~g / 铸就:~i / 留在这里:~j / 希望:~n	钛: / 金石为开:~g / 铸就:~i / 留在这里:~j / 希望:~n / 乐而忘返:~r
moc_wubi86_simp_plus	qea	解散:~e / 解颐:~h / 角落:~i / 锄草:~j / 解惑:~k / 蟹黄:~m	解散:~e / 角落:~i / 锄草:~j / 解惑:~k / 蟹黄:~m / 名朋工业:~o
moc_wubi86_simp_plus	qfm	兔起鹘落:~a / 名士风流:~i / 多考几次:~u	名士风流:~i / 多考几次:~u
moc_wubi86_simp_plus	qfn	独夫民贼:~m / 皱起眉头:~u	皱起眉头:~u
moc_wubi86_simp_plus	qfy	镇店:~h / 针剂:~j / 金鼓齐鸣:~k / 象声词:~n / 多元论:~w	镇店:~h / 针剂:~j / 象声词:~n / 多元论:~w
moc_wubi86_simp_plus	qhb	外子:~b / 外阴:~e / 外耳:~g / 外孙:~i / 外出:~m / 钻孔:~n	外阴:~e / 外耳:~g / 外孙:~i / 外出:~m / 钻孔:~n / 外院:~p
moc_wubi86_simp_plus	qhv	外媒:~a / 外舅:~l / 外嫁:~p / 外姓:~t	外媒:~a / 外嫁:~p / 外姓:~t
moc_wubi86_simp_plus	qib	乐子:~b / 尔耳:~g / 锁孔:~n / 乐队:~w	乐子:~b / 锁孔:~n / 乐队:~w
moc_wubi86_simp_plus	qig	玺: / 销到:~c / 乐天:~d / 乐于:~f / 名满天下:~g / 乐理:~j	玺: / 销到:~c / 乐天:~d / 乐于:~f / 名满天下:~g / 乐理:~j
moc_wubi86_simp_plus	qiw	乐段:~d / 馋涎欲滴:~i / 留学人员:~k / 销假:~n / 外汇储备:~t / 销价:~w	乐段:~d / 馋涎欲滴:~i / 留学人员:~k / 销假:~n / 外汇储备:~t / 销价:~w
moc_wubi86_simp_plus	qja	象牙:~h / 刈草:~j	象牙:~h
moc_wubi86_simp_plus	qka	句式:~a / 名节:~b / 名菜:~e / 名著:~f / 名臣:~h / 鱼跃鸢飞:~n	句式:~a / 名节:~b / 名菜:~e / 名著:~f / 名臣:~h / 鱼跃鸢飞:~n
moc_wubi86_simp_plus	qkp	名字:~b / 名家:~e / 铁路客运:~f / 免官:~n / 名之:~p / 名额:~t	名字:~b / 名家:~e / 铁路客运:~f / 免官:~n / 名额:~t / 名实:~u
moc_wubi86_simp_plus	qma	乐见其成:~d / 负荆:~g / 钢牙:~h / 狂风巨浪:~i / 铜芯:~n / 铜匠:~r	乐见其成:~d / 负荆:~g / 钢牙:~h / 狂风巨浪:~i / 铜芯:~n / 铜匠:~r
moc_wubi86_simp_plus	qme	镚:~e / 名山胜川:~k	镚:~e
moc_wubi86_simp_plus	qmu	负: / 钢瓶:~a / 金风送爽:~d / 负疚:~q / 多财善贾:~s	负: / 钢瓶:~a / 金风送爽:~d / 负疚:~q
moc_wubi86_simp_plus	qnp	馆: / 久惯牢成:~d / 饥寒:~f / 饮宴:~j / 包袱:~u / 包容:~w	馆: / 饥寒:~f / 饮宴:~j / 包袱:~u / 包容:~w / 外层空间:~u
moc_wubi86_simp_plus	qnx	铌: / 鸟尽弓藏:~a / 饱经:~c / 狗尾续貂:~e / 馈线:~g / 乌纱:~i	铌: / 鸟尽弓藏:~a / 饱经:~c / 狗尾续貂:~e / 馈线:~g / 乌纱:~i
moc_wubi86_simp_plus	qpa	鲁宾斯坦:~f / 铠之巨人:~w	鲁宾斯坦:~f
moc_wubi86_simp_plus	qps	名实相副:~g / 名实相符:~t	名实相符:~t
moc_wubi86_simp_plus	qqy	钓: / 犯错误了:~b / 角色方面:~d / 多读:~f / 金店:~h / 犯错误:~k	钓: / 犯错误了:~b / 角色方面:~d / 多读:~f / 金店:~h / 犯错误:~k
moc_wubi86_simp_plus	qrc	钣: / 刎颈:~a / 兜鍪:~b / 铁骑:~d / 铁通:~e / 铁马:~n	钣: / 兜鍪:~b / 铁骑:~d / 铁通:~e / 铁马:~n / 猴年马月:~e
moc_wubi86_simp_plus	qrf	铁塔:~a / 忽地:~b / 勿动:~c / 锦城:~d / 乌拉圭:~f / 色授魂与:~g	铁塔:~a / 忽地:~b / 勿动:~c / 锦城:~d / 乌拉圭:~f / 然后才是:~j
moc_wubi86_simp_plus	qrh	匆遽:~a / 铁皮:~c / 多挣点钱:~q	铁皮:~c / 多挣点钱:~q
moc_wubi86_simp_plus	qsc	独木难支:~f / 钱可通神:~p / 杀鸡:~q	独木难支:~f / 杀鸡:~q
moc_wubi86_simp_plus	qsg	钵: / 铁树开花:~a / 杀到:~c / 杀青:~e / 铁板一块:~f / 金枝玉叶:~k	钵: / 铁树开花:~a / 杀到:~c / 杀青:~e / 铁板一块:~f / 金枝玉叶:~k
moc_wubi86_simp_plus	qst	杀敌:~d / 独木舟:~e / 杀生:~g / 杀得:~j / 杀身:~m / 危机重重:~t	杀敌:~d / 独木舟:~e / 杀生:~g / 杀得:~j / 杀身:~m / 危机重重:~t
moc_wubi86_simp_plus	qtf	钎: / 独裁:~a / 猛地:~b / 狮城:~d / 猿:~e / 猛士:~g	钎: / 独裁:~a / 猛地:~b / 狮城:~d / 猿:~e / 猛士:~g
moc_wubi86_simp_plus	qtt	猁: / 狭长:~a / 狂乱:~d / 猜透:~e / 逛街:~f / 独生:~g	猁: / 狭长:~a / 狂乱:~d / 猜透:~e / 逛街:~f / 独生:~g
moc_wubi86_simp_plus	que	饿着肚子:~b / 儿童用品:~k / 独立悬架:~l / 猎头服务:~t / 钻头觅缝:~x / queen:~en	饿着肚子:~b / 儿童用品:~k / 独立悬架:~l / 猎头服务:~t / queen:~en / query:~ry
moc_wubi86_simp_plus	quq	铰: / 多姿多彩:~e / 锵:~f / 鲜鱼:~g / 镁铝:~k / 铰链:~l	铰: / 多姿多彩:~e / 锵:~f / 鲜鱼:~g / 镁铝:~k / 铰链:~l
moc_wubi86_simp_plus	qux	锑: / 解决疑难:~c / 免疫细胞:~e / 独门绝技:~r / 针头线脑:~e	锑: / 解决疑难:~c / 免疫细胞:~e / 独门绝技:~r
moc_wubi86_simp_plus	qvj	皱紧:~c / 怨女旷夫:~f / 煞是:~g / 急电:~n / 急如星火:~o / 色即是空:~p	皱紧:~c / 煞是:~g / 急电:~n / 急如星火:~o / 色即是空:~p / 煞星:~t
moc_wubi86_simp_plus	qvm	猫鼠同眠:~h / 银山:~m / 争购:~q / 键帽:~h	键帽:~h / 银山:~m / 争购:~q
moc_wubi86_simp_plus	qwn	狄俄尼索斯:~a / 鱼传尺素:~g / 留个心眼:~h / 饮食习惯:~n / 销售发票:~s / 销售收入:~t	狄俄尼索斯:~a / 留个心眼:~h / 饮食习惯:~n / 销售发票:~s / 销售收入:~t / 锥心:~y
moc_wubi86_simp_plus	qxr	铺张扬厉:~d / 勉强接受:~e / 外线投篮:~t / 猩红热:~v / 免费提供:~w / 锄强扶弱:~x	勉强接受:~e / 外线投篮:~t / 猩红热:~v / 免费提供:~w / 锄强扶弱:~x
moc_wubi86_simp_plus	qxt	解疑答惑:~a / 免费入场:~f / 免费得到:~g / 免费版:~h / 多线程:~k / 留给自己:~n	解疑答惑:~a / 免费入场:~f / 免费得到:~g / 免费版:~h / 多线程:~k / 留给自己:~n
moc_wubi86_simp_plus	ran	拒: / ran: / 拒收:~h / 撒尿:~i / 打草惊蛇:~j / 拱璧:~k	拒: / ran: / 拒收:~h / 撒尿:~i / 打草惊蛇:~j / 拣:~w
moc_wubi86_simp_plus	rav	撕毁:~a / 搭好:~b / 搭建:~f / 皂隶:~i / 拨草寻蛇:~j / 撒娇:~t	撕毁:~a / 搭好:~b / 搭建:~f / 皂隶:~i / 撒娇:~t / 找寻:~f
moc_wubi86_simp_plus	rba	拙著:~f / 拙荆:~g / 看了节目:~h / 报幕:~j / 报功:~l / 报警:~q	看了节目:~h / 报幕:~j / 报功:~l / 报警:~q / 捡了芝麻:~y
moc_wubi86_simp_plus	rbk	招聘员工:~a / 报呈:~g	招聘员工:~a
moc_wubi86_simp_plus	rcy	瓜: / 反诬:~a / 反序:~c / 把斋:~d / 反诘:~f / 反证:~g	瓜: / 反诬:~a / 反序:~c / 反诘:~f / 反证:~g / 反应:~i
moc_wubi86_simp_plus	rde	拜服:~b / 拜月:~e / 拔脚:~f / 撕破脸皮:~h / 拜爵:~l / 扼腕:~p	拜服:~b / 拜月:~e / 拔脚:~f / 撕破脸皮:~h / 扼腕:~p / 抛在脑后:~r
moc_wubi86_simp_plus	rdf	振: / 翱: / 所在地:~b / 振动:~c / 看不过去:~f / 年三十:~g	振: / 翱: / 所在地:~b / 振动:~c / 看不过去:~f / 年三十:~g
moc_wubi86_simp_plus	rdi	排泄:~a / 扑克游戏:~c / 拔尖:~d / 排污:~f / 排水:~i / 掩没:~m	排泄:~a / 扑克游戏:~c / 拔尖:~d / 排污:~f / 排水:~i / 掩没:~m
moc_wubi86_simp_plus	rdj	排: / 拜盟:~e / 持有量:~g / 拍成电影:~j / 掩映:~m / 掩:~n	排: / 持有量:~g / 拍成电影:~j / 掩映:~m / 掩:~n / 看不明白:~r
moc_wubi86_simp_plus	rdr	拜把:~c / 拜拜:~d / 气不打一处来:~g / 拜年:~h / 排挡:~i / 握在手里:~j	拜把:~c / 拜拜:~d / 气不打一处来:~g / 拜年:~h / 排挡:~i / 握在手里:~j
moc_wubi86_simp_plus	rdu	撩: / 摆龙门阵:~b / 翱翔:~d / 摸不着头脑:~e / 掩盖:~g / 所有产品:~k	撩: / 摆龙门阵:~b / 翱翔:~d / 摸不着头脑:~e / 掩盖:~g / 所有产品:~k
moc_wubi86_simp_plus	rdy	按原计划:~a / 排序:~c / 拜读:~f / 拜请:~g / 所有这些:~h / 抓大放小:~i	按原计划:~a / 排序:~c / 拜读:~f / 拜请:~g / 所有这些:~h / 抓大放小:~i
moc_wubi86_simp_plus	rer	摇: / 摇把:~c / 摇撼:~d / 摇摇:~e / 援兵:~g / 扔掉:~h	摇: / 摇把:~c / 摇撼:~d / 摇摇:~e / 援兵:~g / 扔掉:~h
moc_wubi86_simp_plus	ret	援敌:~d / 搜肠刮肚:~e / 授徒:~f / 热爱和平:~g / 授牌:~h / 热爱生活:~i	援敌:~d / 搜肠刮肚:~e / 授徒:~f / 热爱和平:~g / 授牌:~h / 热爱生活:~i
moc_wubi86_simp_plus	rew	持盈保泰:~d / 挪用公款:~f / 授命:~g / 摆脱贫困:~l / 授信:~y / reward:~ard	挪用公款:~f / 授命:~g / 摆脱贫困:~l / 授信:~y / reward:~ard / rewards:~ards
moc_wubi86_simp_plus	rfa	技工:~a / 搜索功能:~c / 挂靴:~f / 技巧:~g / 搜索工具:~h / 扶苏:~l	技工:~a / 搜索功能:~c / 挂靴:~f / 技巧:~g / 搜索工具:~h / 扶苏:~l
moc_wubi86_simp_plus	rgr	捕捞:~a / 控球后卫:~b / 后排:~d / 后摇:~e / 后盾:~f / 皇后:~g	捕捞:~a / 控球后卫:~b / 后排:~d / 后摇:~e / 后盾:~f / 皇后:~g
moc_wubi86_simp_plus	rhi	年满:~a / 掉眼泪了:~b / 披沥:~d / 看法:~f / 看清:~g / 掉泪:~h	年满:~a / 掉眼泪了:~b / 看法:~f / 看清:~g / 掉泪:~h / 牛油:~m
moc_wubi86_simp_plus	rhk	牛: / 扑哧:~f / 年号:~g / 年中:~h / 指战员:~m / 年兄:~q	牛: / 扑哧:~f / 年号:~g / 年中:~h / 指战员:~m / 找点吃的:~r
moc_wubi86_simp_plus	rhu	看着:~d / 年前:~e / 年半:~f / 看病:~g / 年间:~j / 牛皮癣:~q	看着:~d / 年前:~e / 年半:~f / 看病:~g / 年间:~j / 牛皮癣:~q
moc_wubi86_simp_plus	rig	撑开:~a / 抄表:~e / 执法不严:~g / 泉下:~h / 拖泥带水:~i / 挑逗:~k	撑开:~a / 抄表:~e / 执法不严:~g / 泉下:~h / 拖泥带水:~i / 挑逗:~k
moc_wubi86_simp_plus	rio	RION:~n / 挑灯:~s / 抽油烟机:~s / 近光灯:~s	挑灯:~s / 抽油烟机:~s / 近光灯:~s
moc_wubi86_simp_plus	ris	反法西斯:~a / 看清楚了:~b / 近水楼台:~c / 朱顶:~d / 近水楼台先得月:~e / 撑杆:~f	反法西斯:~a / 看清楚了:~b / 近水楼台:~c / 朱顶:~d / 近水楼台先得月:~e / 撑杆:~f
moc_wubi86_simp_plus	rit	抄: / 搅乱:~d / 撑船:~e / 挑选:~f / 搅海翻江:~i / 反清复明:~j	抄: / 搅乱:~d / 撑船:~e / 挑选:~f / 反清复明:~j / 搅和:~k
moc_wubi86_simp_plus	riu	泉: / 热水瓶:~a / 撑着:~d / 撒酒疯:~m / 摇滚音乐:~q / 挡道:~t	泉: / 热水瓶:~a / 撑着:~d / 撒酒疯:~m / 摇滚音乐:~q / 挡道:~t
moc_wubi86_simp_plus	rjd	殷鉴不远:~f / 热电厂:~g / 提挈:~h / 抻面:~m / 提成:~n / 手里有粮:~o	殷鉴不远:~f / 热电厂:~g / 抻面:~m / 提成:~n / 手里有粮:~o / 摄影大赛:~p
moc_wubi86_simp_plus	rjw	提供:~a / 白蛇传:~f / 撮合:~g / 提个:~h / 提倡:~j / 担保:~k	提供:~a / 白蛇传:~f / 撮合:~g / 提个:~h / 提倡:~j / 担保:~k
moc_wubi86_simp_plus	rka	扣划:~j / 操劳:~p / 拉响警报:~r / 操切:~v	扣划:~j / 操劳:~p / 拉响警报:~r
moc_wubi86_simp_plus	rkd	损友:~c / 扣压:~f / 接踵而来:~g / 抵足而眠:~h / 损耗:~i / 接踵而至:~g	损友:~c / 扣压:~f / 接踵而来:~g / 损耗:~i / 接踵而至:~g
moc_wubi86_simp_plus	rke	捐: / 手足胼胝:~e / 捐助:~g	捐: / 捐助:~g
moc_wubi86_simp_plus	rkk	操: / 气吁吁:~g / 气喘吁吁:~k / 揖别:~l / 打呼噜:~q / 气呼呼:~t	操: / 气吁吁:~g / 气喘吁吁:~k / 打呼噜:~q / 气呼呼:~t / 手足口病:~u
moc_wubi86_simp_plus	rkp	损害:~d / 舞蹈家:~e / 操守:~f / 兵贵神速:~g / 手足之情:~n / 拾遗补缺:~r	损害:~d / 舞蹈家:~e / 操守:~f / 兵贵神速:~g / 手足之情:~n / 拾遗补缺:~r
moc_wubi86_simp_plus	rlp	接力赛:~f / 押宝:~g / 舞客:~t / 措置裕如:~v / 兵连祸结:~x	接力赛:~f / 押宝:~g / 舞客:~t / 兵连祸结:~x
moc_wubi86_simp_plus	rmf	制裁:~a / 制动:~c / 抽走:~h / 掀风鼓浪:~i / 投井:~j / 缸内直喷:~k	制裁:~a / 制动:~c / 抽走:~h / 投井:~j / 缸内直喷:~k / 招财进宝:~p
moc_wubi86_simp_plus	rmr	揣摸:~a / 挫骨扬灰:~d / 扬幡招魂:~f / 近几年来:~g / 近几年:~h / 捕风捉影:~j	揣摸:~a / 挫骨扬灰:~d / 近几年来:~g / 近几年:~h / 捕风捉影:~j / 缺损:~k
moc_wubi86_simp_plus	rmx	抽绎:~c / 抽纱:~i / 投缳:~l / 抽缩:~p / 制约:~q / 投弹:~u	抽纱:~i / 抽缩:~p / 制约:~q / 投弹:~u / 投缘:~x / 缺编:~y
moc_wubi86_simp_plus	rnr	扬: / 据报:~b / 抉择:~c / 掏心掏肺:~e / 气质:~f / 担心的事:~g	扬: / 据报:~b / 抉择:~c / 掏心掏肺:~e / 气质:~f / 担心的事:~g
moc_wubi86_simp_plus	rnu	氧: / 摒:~a / 所闻:~b / 握拳:~d / 看情况再:~g / 气韵:~j	氧: / 摒:~a / 所闻:~b / 握拳:~d / 气韵:~j / 所部:~k
moc_wubi86_simp_plus	rpc	皇家马德里:~j / 近观:~m / 探马:~n / 损之又损:~r	皇家马德里:~j / 近观:~m / 探马:~n
moc_wubi86_simp_plus	rpd	迫: / 探友:~c / 持之有故:~d / 按压:~f / 近古:~g / 擦破:~h	迫: / 探友:~c / 按压:~f / 近古:~g / 擦破:~h / 近百:~j
moc_wubi86_simp_plus	rrh	折: / 白虎:~a / 披挂上阵:~b / 白皮:~c / 指指点点:~h / 折旧:~j	折: / 白虎:~a / 披挂上阵:~b / 白皮:~c / 指指点点:~h / 折旧:~j
moc_wubi86_simp_plus	rrs	白棋:~a / 折椅:~d / 折桂:~f / 白醋:~g / 白相:~h / 拍档:~i	白棋:~a / 折椅:~d / 折桂:~f / 白醋:~g / 白相:~h / 拍档:~i
moc_wubi86_simp_plus	rsf	技术规范:~a / 打动:~c / 打垮:~d / 打款:~f / 打坏:~g / 技术进步:~h	技术规范:~a / 打动:~c / 打垮:~d / 打款:~f / 打坏:~g / 技术进步:~h
moc_wubi86_simp_plus	rsg	打开:~a / 打到:~c / 返本还原:~d / 打表:~e / 打球:~f / 打下:~h	打开:~a / 打到:~c / 打表:~e / 打球:~f / 打下:~h / 打理:~j
moc_wubi86_simp_plus	rsp	打字:~b / 打完:~f / 手术室:~g / 手机视频:~h / 打穿:~w / 拉丁字母:~x	打字:~b / 打完:~f / 手术室:~g / 手机视频:~h / 打穿:~w / 拉丁字母:~x
moc_wubi86_simp_plus	rtn	卑躬屈节:~a / 看自己了:~b / 执行层面:~d / 卑躬屈膝:~e / 卑怯:~f / 搬屋:~g	看自己了:~b / 执行层面:~d / 卑躬屈膝:~e / 卑怯:~f / 搬屋:~g / 托收:~h
moc_wubi86_simp_plus	rtu	接种疫苗:~a / 投入产出:~b / 手头:~d / 执行总裁:~f / 白血病:~g / 播音:~j	接种疫苗:~a / 投入产出:~b / 手头:~d / 执行总裁:~f / 白血病:~g / 播音:~j
moc_wubi86_simp_plus	ruv	接: / 撞毁:~a / 提前录取:~b / 摘录:~i / 搛:~o / 抱头鼠窜:~p	接: / 撞毁:~a / 提前录取:~b / 摘录:~i / 搛:~o / 抱头鼠窜:~p
moc_wubi86_simp_plus	rxv	抽丝剥茧:~a / 看纪录片:~t / 拉维妮娅:~v	抽丝剥茧:~a / 看纪录片:~t
moc_wubi86_simp_plus	rxy	拂衣:~e / 操纵市场:~f / 批评:~g / 指纹识别:~k / 指为:~l / 指望:~n	操纵市场:~f / 批评:~g / 指纹识别:~k / 指为:~l / 指望:~n / 指说:~u
moc_wubi86_simp_plus	rya	摭: / 护工:~a / 播放功能:~c / 扩散:~e / 斥革:~f / 按计划:~j	摭: / 护工:~a / 播放功能:~c / 扩散:~e / 按计划:~j / 抗菌:~l
moc_wubi86_simp_plus	ryd	搞砸:~a / 邀请码:~c / 扩大:~d / 掠夺:~f / 择主而事:~g / 挤在:~h	搞砸:~a / 邀请码:~c / 扩大:~d / 掠夺:~f / 挤在:~h / 抗非:~j
moc_wubi86_simp_plus	ryf	撤去:~c / 搞垮:~d / 披麻戴孝:~f / 护士:~g / 撤走:~h / 挤进:~j	撤去:~c / 搞垮:~d / 披麻戴孝:~f / 护士:~g / 撤走:~h / 挤进:~j
moc_wubi86_simp_plus	ryq	搞错:~a / 卸磨杀驴:~c / 拒谏饰非:~d / 打高尔夫:~f / 扩印:~g / 攘外:~h	搞错:~a / 卸磨杀驴:~c / 打高尔夫:~f / 扩印:~g / 攘外:~h / 撤销:~i
moc_wubi86_simp_plus	ryr	抗拒:~a / 挤挨:~c / 护持:~f / 撤兵:~g / 撤掉:~h / 按摩手法:~i	抗拒:~a / 挤挨:~c / 护持:~f / 撤兵:~g / 撤掉:~h / 按摩手法:~i
moc_wubi86_simp_plus	ryx	摔: / 反应强烈:~g / 搐:~l / 邀约:~q / 扩张:~t / 拱肩缩背:~u	摔: / 反应强烈:~g / 搐:~l / 邀约:~q / 扩张:~t / 牛郎织女:~v
moc_wubi86_simp_plus	sak	槿: / 横戈跃马:~c / 横跨:~h / 柜员:~m	槿: / 横跨:~h / 柜员:~m
moc_wubi86_simp_plus	sbs	椰树:~c / 李楠:~f / 李哥:~k / 李杰:~o / 可防可控:~r / 椰林:~s	椰树:~c / 李楠:~f / 李哥:~k / 李杰:~o / 可防可控:~r / 椰林:~s
moc_wubi86_simp_plus	scr	树挂:~f / 歌台舞榭:~s / 检验报告:~t / 权势:~v / 可能的话:~y / screw:~ew	树挂:~f / 检验报告:~t / 权势:~v / 可能的话:~y / screw:~ew / screen:~een
moc_wubi86_simp_plus	ses	可爱极了:~b / 极权:~c / 极顶:~d / 杏脸桃腮:~e / 酥脆可口:~k / 相爱相杀:~q	可爱极了:~b / 极权:~c / 极顶:~d / 酥脆可口:~k / 相爱相杀:~q / 极板:~r
moc_wubi86_simp_plus	sfd	票友:~c / 标有:~e / 相去不远:~f / 杜威:~g / 格雷迈恩:~l / 票面:~m	票友:~c / 标有:~e / 相去不远:~f / 杜威:~g / 票面:~m / 杜克:~q
moc_wubi86_simp_plus	sgb	本子:~b / 梗阻:~e / 西陆:~f / 本职:~k / 酿出:~m / 本院:~p	本子:~b / 梗阻:~e / 本职:~k / 酿出:~m / 本院:~p / 相互了解:~q
moc_wubi86_simp_plus	sgf	酝: / 配戴:~a / 本地:~b / 西城:~d / 松下幸之助:~e / 本土:~f	酝: / 配戴:~a / 本地:~b / 西城:~d / 松下幸之助:~e / 本土:~f
moc_wubi86_simp_plus	sgy	醉: / 酸度:~a / 醇:~b / 酿:~e / 本主:~g / 本店:~h	醉: / 酸度:~a / 醇:~b / 酿:~e / 本主:~g / 本店:~h
moc_wubi86_simp_plus	siv	档: / 西汉姆联:~b / 西沙群岛:~q / 可没那么:~t / 醇酒妇人:~w / 格温妮丝:~x	档: / 西汉姆联:~b / 西沙群岛:~q / 可没那么:~t / 格温妮丝:~x
moc_wubi86_simp_plus	sky	sky: / 歌谣:~e / 可读:~f / 可就:~i / 杜口裹足:~k / 可谓:~l	sky: / 歌谣:~e / 可读:~f / 可就:~i / 可谓:~l / 可调:~m
moc_wubi86_simp_plus	sni	可惜没有:~d / 杨浦:~g / 樨:~h / 可以满足:~k / 杨光:~q / 可以清楚:~s	可惜没有:~d / 杨浦:~g / 樨:~h / 可以满足:~k / 杨光:~q / 可以清楚:~s
moc_wubi86_simp_plus	spv	桉: / 梦之女巫:~a	桉:
moc_wubi86_simp_plus	sqp	杨铭宇:~g	
moc_wubi86_simp_plus	suf	栏: / 西部地区:~a / 校址:~h / 校刊:~j / 相差无几:~m / 校场:~n	栏: / 西部地区:~a / 校址:~h / 校刊:~j / 相差无几:~m / 校场:~n
moc_wubi86_simp_plus	suh	梓: / 栏目:~h / 校点:~k / 顶头上司:~n / 可立餐:~q / 榜眼:~v	梓: / 栏目:~h / 校点:~k / 顶头上司:~n / 榜眼:~v
moc_wubi86_simp_plus	sum	sum: / 相关网页:~d / 样册:~m / 相关内容:~p / 校风:~q / 校内:~w	sum: / 相关网页:~d / 样册:~m / 相关内容:~p / 校风:~q / 校内:~w
moc_wubi86_simp_plus	sva	根式:~a / 根茎:~c / 根基:~d / 根苗:~l / 杳如黄鹤:~p	根式:~a / 根茎:~c / 根基:~d / 根苗:~l
moc_wubi86_simp_plus	swp	松宽:~a / 检字:~b / 栓塞:~f / 检定:~g / 醉翁之意不在酒:~i / 杞人之忧:~n	松宽:~a / 检字:~b / 栓塞:~f / 检定:~g / 醉翁之意不在酒:~i / 栓牢:~r
moc_wubi86_simp_plus	syx	查询缓存:~d / 西方经济学:~i / 查询结果:~j / 核弹:~u / 概率统计:~y / 核编:~y	查询缓存:~d / 西方经济学:~i / 查询结果:~j / 核弹:~u / 概率统计:~y / 核编:~y
moc_wubi86_simp_plus	tac	长驱:~a / 长矛:~b / 德艺双馨:~f / 长期预测:~i / 番茄鸡蛋:~n / 长期观察:~p	长驱:~a / 长矛:~b / 德艺双馨:~f / 长期预测:~i / 番茄鸡蛋:~n / 长期观察:~p
moc_wubi86_simp_plus	tan	tan: / 矫若惊龙:~d / 彻悟:~g / 长臂:~k / 繁荣发展:~n / 长发:~t	tan: / 彻悟:~g / 长臂:~k / 繁荣发展:~n / 长发:~t / 长期居住:~w
moc_wubi86_simp_plus	tap	tap: / 长宽:~a / 知荣守辱:~d / 稀世之珍:~g / 升幂:~j / 微薄之力:~l	tap: / 长宽:~a / 稀世之珍:~g / 升幂:~j / 微薄之力:~l / 长官:~n
moc_wubi86_simp_plus	tar	长排:~d / 得其所哉:~f / 长期护理:~g / 长年:~h / 番茄牛肉:~m / 长按:~p	长排:~d / 长期护理:~g / 长年:~h / 番茄牛肉:~m / 长按:~p / 长逝:~r
moc_wubi86_simp_plus	tbd	我也不太:~d / 很了不起:~f / 我也不玩:~g / 季夏:~h / 向隅而泣:~i / 我也不懂:~n	我也不太:~d / 很了不起:~f / 我也不玩:~g / 季夏:~h / 我也不懂:~n / 我也不想:~s
moc_wubi86_simp_plus	tcu	么: / 智能交通:~c / 私章:~j / 私弊:~m / 我能决定:~p / 私交:~q	么: / 智能交通:~c / 私章:~j / 我能决定:~p / 私交:~q / 私产:~t
moc_wubi86_simp_plus	tcy	私: / 智能调节:~a / 私塾:~b / 笃诚:~d / 私语:~g / 智能识别:~k	私: / 智能调节:~a / 私塾:~b / 私语:~g / 智能识别:~k / 私设:~m
moc_wubi86_simp_plus	tdg	短: / 矩形:~a / 入不敷出:~b / 逢到:~c / 第三天:~d / 知青:~e	短: / 矩形:~a / 入不敷出:~b / 逢到:~c / 第三天:~d / 知青:~e
moc_wubi86_simp_plus	tdj	乔: / 知晓:~a / 我感冒了:~b / 算在里面:~d / 适时:~f / 适量:~g	乔: / 知晓:~a / 我感冒了:~b / 算在里面:~d / 适时:~f / 适量:~g
moc_wubi86_simp_plus	tdn	乱: / 乱民:~a / 短剧:~d / 我不敢去:~f / 知情:~g / 稽:~j	乱: / 乱民:~a / 短剧:~d / 我不敢去:~f / 知情:~g / 稽:~j
moc_wubi86_simp_plus	tdp	适: / 重大灾难:~c / 适宜:~e / 敌寇:~f / 乱写:~g / 知雄守雌:~h	适: / 重大灾难:~c / 适宜:~e / 敌寇:~f / 乱写:~g / 我在家里:~j
moc_wubi86_simp_plus	tdq	鸹: / 舐:~a / 很不错了:~b / 很不乐观:~c / 我在外面:~d / 长三角:~e	鸹: / 舐:~a / 很不错了:~b / 很不乐观:~c / 我在外面:~d / 长三角:~e
moc_wubi86_simp_plus	tdt	敌: / 短长:~a / 我不行了:~b / 短短:~d / 筹:~f / 稽征:~g	敌: / 短长:~a / 我不行了:~b / 短短:~d / 筹:~f / 稽征:~g
moc_wubi86_simp_plus	tdv	笑靥如花:~a / 辞退:~e / 筹建:~f / 生不如死:~g / 短刀:~n / 辞灵:~o	笑靥如花:~a / 辞退:~e / 筹建:~f / 生不如死:~g / 短刀:~n / 适婚:~q
moc_wubi86_simp_plus	tfw	等他:~b / 赞颂:~c / 选段:~d / 等值:~f / 行使:~g / 等候:~h	等他:~b / 赞颂:~c / 选段:~d / 等值:~f / 行使:~g / 等候:~h
moc_wubi86_simp_plus	tgi	第一学期:~a / 管理学院:~b / 惩治:~c / 生涯:~d / 生肖:~e / 行政法:~f	第一学期:~a / 管理学院:~b / 惩治:~c / 生涯:~d / 生肖:~e / 行政法:~f
moc_wubi86_simp_plus	tgm	策: / 循环周期:~a / 重邮:~b / 物理内存:~d / 生财:~f / 秉赋:~g	策: / 循环周期:~a / 重邮:~b / 物理内存:~d / 生财:~f / 秉赋:~g
moc_wubi86_simp_plus	tgy	处理方式:~a / 生离:~b / 生育:~c / 重庆:~d / 冬天衣服:~e / 生计:~f	处理方式:~a / 生离:~b / 生育:~c / 重庆:~d / 冬天衣服:~e / 生计:~f
moc_wubi86_simp_plus	tit	秒: / tit: / 香港特别行政区:~a / 自觉自愿:~d / 稍等:~f / 衍生:~g	秒: / tit: / 香港特别行政区:~a / 自觉自愿:~d / 稍等:~f / 衍生:~g
moc_wubi86_simp_plus	tix	生活经验:~c / 稍顷:~d / 生活费用:~e / 香港经济:~i / 生活费:~j / 重温经典:~m	生活经验:~c / 生活费用:~e / 香港经济:~i / 生活费:~j / 重温经典:~m / 算法编程:~t
moc_wubi86_simp_plus	tiy	生活方式:~a / 乔治敦:~b / 科学文献:~f / 适当调整:~g / 科学方法:~i / 稍为:~l	生活方式:~a / 乔治敦:~b / 科学文献:~f / 适当调整:~g / 科学方法:~i / 稍为:~l
moc_wubi86_simp_plus	tjd	冬虫夏草:~a / 千里奔袭:~d / 馥郁:~e / 待时而动:~f / 复古:~g / 香艳:~h	冬虫夏草:~a / 千里奔袭:~d / 馥郁:~e / 复古:~g / 香艳:~h / 复旦大学:~i
moc_wubi86_simp_plus	tju	利差:~d / 千里冰封:~f / 得病:~g / 长时间:~j / 利弊:~m / 透明塑料:~o	利差:~d / 千里冰封:~f / 得病:~g / 长时间:~j / 利弊:~m / 透明塑料:~o
moc_wubi86_simp_plus	tkd	特别奇葩:~a / 稳中有降:~b / 各大:~d / 各有:~e / 积压:~f / 我听不到:~g	特别奇葩:~a / 稳中有降:~b / 各大:~d / 各有:~e / 积压:~f / 我听不到:~g
moc_wubi86_simp_plus	tkg	和: / 长叹一声:~f / 程:~g / 种下:~h / 笑中带泪:~i / 赞叹不已:~n	和: / 长叹一声:~f / 程:~g / 种下:~h / 笑中带泪:~i / 赞叹不已:~n
moc_wubi86_simp_plus	tkj	特别是在:~d / 和暖:~e / 特别是:~g / 和畅:~h / 各显:~o / 和煦:~q	特别是在:~d / 和暖:~e / 特别是:~g / 和畅:~h / 和煦:~q / 我只是个:~w
moc_wubi86_simp_plus	tkn	各异:~a / 积愤:~f / 种蛋:~h / 和局:~n / 特别快乐:~q / 积习:~u	各异:~a / 积愤:~f / 种蛋:~h / 和局:~n / 特别快乐:~q / 积习:~u
moc_wubi86_simp_plus	tkt	委员长:~a / 和盘:~e / 各行:~f / 很吃得开:~g / 各自:~h / 各得:~j	委员长:~a / 和盘:~e / 各行:~f / 很吃得开:~g / 各自:~h / 各得:~j
moc_wubi86_simp_plus	tlg	箅: / 血型:~a / 我回来了:~b / 备至:~c / 血球:~f / 务正:~h	箅: / 血型:~a / 我回来了:~b / 备至:~c / 血球:~f / 务正:~h
moc_wubi86_simp_plus	tng	笥: / 我迟到了:~b / 处以死刑:~g / 乞丐:~h / 知情不举:~i / 愁眉不展:~n	笥: / 我迟到了:~b / 处以死刑:~g / 乞丐:~h / 愁眉不展:~n / 知情不报:~r
moc_wubi86_simp_plus	tom	釉: / tom: / 释典:~a / 行业风口:~k / 秋山:~m / 秋风:~q	釉: / tom: / 行业风口:~k / 秋山:~m / 秋风:~q / 行业网站:~u
moc_wubi86_simp_plus	tpp	管家:~e / 乖宝宝:~g / 甜蜜蜜:~n / 彼之蜜糖:~o / 长安福特:~t / 待客之道:~u	管家:~e / 乖宝宝:~g / 甜蜜蜜:~n / 彼之蜜糖:~o / 长安福特:~t / 待客之道:~u
moc_wubi86_simp_plus	tpr	入室操戈:~a / 入室抢劫:~f / 千禧年:~h / 透视投影:~j / 管制:~m / 我之所以:~n	入室抢劫:~f / 千禧年:~h / 透视投影:~j / 管制:~m / 我之所以:~n / 管控:~p
moc_wubi86_simp_plus	tpy	徙宅忘妻:~g / 管训:~k / 称之为:~l / 长宽高:~m / 秘密访客:~p / 自定义:~q	管训:~k / 称之为:~l / 长宽高:~m / 秘密访客:~p / 自定义:~q / 行军床:~s
moc_wubi86_simp_plus	tqg	移开:~a / 我猜到了:~b / 移到:~c / 自然环境:~f / 称王:~g / 笔锋一转:~l	移开:~a / 我猜到了:~b / 移到:~c / 自然环境:~f / 称王:~g / 笔锋一转:~l
moc_wubi86_simp_plus	tql	奥尔加隆:~b / 很多困难:~c / 稳固:~d / 移置:~f / 称回:~k / 自然界:~w	很多困难:~c / 稳固:~d / 移置:~f / 称回:~k / 自然界:~w
moc_wubi86_simp_plus	tqn	移民:~a / 移居:~d / 移情:~g / 稀疏:~h / 翻然悔悟:~n / 很久以后:~r	移民:~a / 移居:~d / 移情:~g / 稀疏:~h / 翻然悔悟:~n / 很久以后:~r
moc_wubi86_simp_plus	tqs	盘锦校区:~a / 移植:~f / 自然醒:~g / 秀色可餐:~h / 签名档:~i / 复印机:~m	盘锦校区:~a / 移植:~f / 自然醒:~g / 秀色可餐:~h / 签名档:~i / 复印机:~m
moc_wubi86_simp_plus	tqw	自然保护区:~a / 称颂:~c / 千儿八百:~d / 知名人士:~f / 稳合:~g / 我猜你是:~j	自然保护区:~a / 称颂:~c / 千儿八百:~d / 知名人士:~f / 稳合:~g / 我猜你是:~j
moc_wubi86_simp_plus	tqy	知名度:~a / 称诵:~c / 很多方面:~d / 我猜就是:~j / 称为:~l / 知错就改:~n	知名度:~a / 称诵:~c / 很多方面:~d / 称为:~l / 知错就改:~n / 称许:~t
moc_wubi86_simp_plus	trr	物质:~f / 短斤缺两:~g / 牦牛:~h / 我的看法:~i / 奥拉朱旺:~j / 我操:~k	物质:~f / 短斤缺两:~g / 牦牛:~h / 我的看法:~i / 奥拉朱旺:~j / 我操:~k
moc_wubi86_simp_plus	tsw	积极分子:~b / 重要作用:~e / 条例:~g / 我醉欲眠:~h / 重要作品:~k / 积极倡导:~n	积极分子:~b / 重要作用:~e / 条例:~g / 重要作品:~k / 积极倡导:~n / 条件:~r
moc_wubi86_simp_plus	tta	生物医药:~a / 竹节:~b / 躬逢其盛:~d / 我很荣幸:~f / 生物医学:~i / 笔划:~j	生物医药:~a / 竹节:~b / 我很荣幸:~f / 生物医学:~i / 笔划:~j / 长征七号:~k
moc_wubi86_simp_plus	ttd	笑: / 积微成著:~a / 我管不了:~b / 笔友:~c / 千千万万:~d / 各种不服:~e	笑: / 我管不了:~b / 笔友:~c / 千千万万:~d / 各种不服:~e / 长生不老:~f
moc_wubi86_simp_plus	ttl	积德累功:~a / 各种困难:~c / 笔墨:~f / 自行车:~g / 鹅行鸭步:~h / 怎么办呢:~k	各种困难:~c / 笔墨:~f / 自行车:~g / 怎么办呢:~k / 自行车赛:~p / 简繁转换:~r
moc_wubi86_simp_plus	tug	毛将焉附:~b / 冬至:~c / 冬天:~d / 冬青:~e / 重新来过:~f / 科普一下:~g	毛将焉附:~b / 冬至:~c / 冬天:~d / 冬青:~e / 重新来过:~f / 科普一下:~g
moc_wubi86_simp_plus	tuo	身兼数职:~b / 乱头粗服:~e / 重新燃起:~f / 等差数列:~g / 躺着数钱:~q / 乘数:~v	身兼数职:~b / 重新燃起:~f / 等差数列:~g / 躺着数钱:~q / 乘数:~v
moc_wubi86_simp_plus	tut	科长:~a / 冬季:~b / 向前行驶:~c / 简短:~d / 乘船:~e / 向前移动:~f	科长:~a / 冬季:~b / 向前行驶:~c / 简短:~d / 乘船:~e / 向前移动:~f
moc_wubi86_simp_plus	tve	很: / 处女膜:~a / 我女朋友:~d / 簋:~l / 很受:~p / 很胖:~u	很: / 处女膜:~a / 我女朋友:~d / 很受:~p / 很胖:~u
moc_wubi86_simp_plus	tvg	委顿:~b / 各退一步:~h / 委琐:~i / 自寻死路:~k / 魏晋:~o / 很好玩的:~r	委顿:~b / 各退一步:~h / 自寻死路:~k / 魏晋:~o / 很好玩的:~r / 往那一坐:~w
moc_wubi86_simp_plus	tvu	很差:~d / 徐娘半老:~f / 很美:~g / 复杂问题:~j / 自毁前程:~t / 魏阙:~u	很差:~d / 徐娘半老:~f / 很美:~g / 复杂问题:~j / 自毁前程:~t / 很瘦:~v
moc_wubi86_simp_plus	twp	生僻字:~b / 千分之三:~d / 千分之二:~f / 千分之一:~g / 生命之水:~i / 知人之明:~j	生僻字:~b / 千分之三:~d / 千分之二:~f / 千分之一:~g / 生命之水:~i / 知人之明:~j
moc_wubi86_simp_plus	twr	得分后卫:~b / 得偿所愿:~d / 我们的爱:~e / 秉公执法:~i / 签押:~l / 稚气:~n	得分后卫:~b / 得偿所愿:~d / 我们的爱:~e / 秉公执法:~i / 稚气:~n / 物价指数:~o
moc_wubi86_simp_plus	twt	徐: / 微分算子:~b / 算什么:~c / 稔知:~d / 自作自受:~e / 复仇行动:~f	徐: / 微分算子:~b / 算什么:~c / 自作自受:~e / 复仇行动:~f / 每人每天:~g
moc_wubi86_simp_plus	twy	稚: / 黏度:~a / 稔熟:~b / 各个方面:~d / 租赁市场:~f / 身份证:~g	稚: / 黏度:~a / 各个方面:~d / 租赁市场:~f / 身份证:~g / 迄今为止:~h
moc_wubi86_simp_plus	tyb	篱: / 稿子:~b / 行为障碍:~d / 入耳:~g / 入职:~k / 复变函数:~o	篱: / 稿子:~b / 行为障碍:~d / 入耳:~g / 入职:~k / 复变函数:~o
moc_wubi86_simp_plus	tyx	特许经营:~a / 等高线:~g / 知识经济:~i / 稿费:~j / 物离乡贵:~k / 征文比赛:~p	特许经营:~a / 等高线:~g / 知识经济:~i / 稿费:~j / 征文比赛:~p / 稿纸:~q
moc_wubi86_simp_plus	uas	并可:~k / 半藏森林:~s / 兰薰桂馥:~t / 并要:~v / 羟基丁酸:~s	并可:~k / 半藏森林:~s / 并要:~v / 羟基丁酸:~s
moc_wubi86_simp_plus	ubk	疗: / 疖: / 逆取顺守:~p / 闻听:~r	疗: / 疖: / 闻听:~r
moc_wubi86_simp_plus	ucu	衮衮:~c / 闯关:~d / 疤瘌:~g / 交通部:~k / 瘫痪:~q / 背对着我:~t	闯关:~d / 疤瘌:~g / 交通部:~k / 瘫痪:~q / 背对着我:~t / 痛痒:~u
moc_wubi86_simp_plus	ucv	疤: / 冯妇:~v / 普通群众:~w / 普通女人:~w	疤: / 普通群众:~w / 普通女人:~w
moc_wubi86_simp_plus	uda	差: / 头式:~a / 关节:~b / 羟基:~d / 凑巧:~g / 着落:~i	差: / 头式:~a / 关节:~b / 羟基:~d / 凑巧:~g / 着落:~i
moc_wubi86_simp_plus	uea	前茅:~c / 前期:~d / 剖腹藏珠:~g / 前世:~n / 剪切:~v / 煎药:~x	前茅:~c / 前期:~d / 前世:~n / 剪切:~v / 煎药:~x / 前项:~d
moc_wubi86_simp_plus	uet	剪径:~c / 剪短:~d / 前舱:~e / 前行:~f / 前生:~g / 决胜千里:~j	剪短:~d / 前舱:~e / 前行:~f / 前生:~g / 决胜千里:~j / 前程:~k
moc_wubi86_simp_plus	ufe	半月:~e / 半悬:~g / 斗胆:~j / 装腔:~p / 半腰:~s / 斗胜:~t	半月:~e / 半悬:~g / 斗胆:~j / 装腔:~p / 半腰:~s / 尊老爱幼:~x
moc_wubi86_simp_plus	ufq	闺怨:~b / 半角:~e / 北坡镇:~f / 斗鱼:~g / 闭锁:~i / 半句:~k	闺怨:~b / 半角:~e / 斗鱼:~g / 闭锁:~i / 半句:~k / 装饰:~n
moc_wubi86_simp_plus	ugy	癍: / 交互方式:~a / 差不离:~b / 美育:~c / 美语:~g / 病毒库:~l	癍: / 交互方式:~a / 差不离:~b / 美育:~c / 美语:~g / 病毒库:~l
moc_wubi86_simp_plus	uhp	站定:~g / 音频视频:~h / 闭目塞听:~k / 阒寂:~h	站定:~g / 音频视频:~h / 闭目塞听:~k
moc_wubi86_simp_plus	uhq	阒然:~d / 站名:~k / 差点儿:~t / 送旧迎新:~u / 癞皮狗:~t	站名:~k / 差点儿:~t / 送旧迎新:~u / 癞皮狗:~t
moc_wubi86_simp_plus	uid	UID: / User ID: / 美洲大陆:~b / 阔大:~d / 冰砖:~f / 产学研:~g	UID: / User ID: / 美洲大陆:~b / 阔大:~d / 冰砖:~f / 产学研:~g
moc_wubi86_simp_plus	uir	冰挂:~f / 美少年:~h / 阔气:~n / 前清后欠:~q	冰挂:~f / 美少年:~h / 阔气:~n
moc_wubi86_simp_plus	uiy	冰: / 关注度:~a / 门当户对:~c / 新兴市场:~f / 交浅言深:~i / 冰床:~s	冰: / 关注度:~a / 门当户对:~c / 新兴市场:~f / 交浅言深:~i / 冰床:~s
moc_wubi86_simp_plus	ujd	间: / 单碟:~a / 总是不能:~c / 问题不大:~d / 竟有:~e / 普照大地:~f	间: / 单碟:~a / 总是不能:~c / 问题不大:~d / 竟有:~e / 普照大地:~f
moc_wubi86_simp_plus	ujj	章: / 效果显著:~a / 阊:~d / 彰明:~e / 竟是:~g / 单日:~j	章: / 效果显著:~a / 彰明:~e / 竟是:~g / 单日:~j / 癞蛤蟆想吃天鹅肉:~m
moc_wubi86_simp_plus	ujy	间谍:~a / 间离:~b / 音译:~c / 竭诚:~d / 童谣:~e / 交易市场:~f	间谍:~a / 间离:~b / 音译:~c / 竭诚:~d / 童谣:~e / 交易市场:~f
moc_wubi86_simp_plus	ulc	曾对:~f / 美团骑手:~r / 斗转参横:~s / 前轮驱动:~f	曾对:~f / 美团骑手:~r / 前轮驱动:~f
moc_wubi86_simp_plus	ulv	兰因絮果:~j / 闸刀:~n / 逆转录酶:~s / 兽群:~t / 美国媒体:~w	闸刀:~n / 逆转录酶:~s / 兽群:~t / 美国媒体:~w
moc_wubi86_simp_plus	umf	凋: / 商城:~d / 闻风丧胆:~e / 端起:~h / 商朝:~j / 商场:~n	凋: / 商城:~d / 闻风丧胆:~e / 端起:~h / 商朝:~j / 商场:~n
moc_wubi86_simp_plus	umn	商展:~a / 憋屈:~b / 疾风迅雷:~f / 商情:~g / 憋尿:~i / 意见书:~n	商展:~a / 憋屈:~b / 疾风迅雷:~f / 商情:~g / 憋尿:~i / 意见书:~n
moc_wubi86_simp_plus	umw	商: / 商代:~a / 旁见侧出:~b / 前几个月:~e / 商会:~f / 意见分歧:~h	商: / 商代:~a / 前几个月:~e / 商会:~f / 意见分歧:~h / 曾几何时:~j
moc_wubi86_simp_plus	unf	童心未泯:~i / 决堤:~j / 闷雷:~l / 问心无愧:~n / 决无:~q / 新剧场版:~t	童心未泯:~i / 决堤:~j / 闷雷:~l / 问心无愧:~n / 决无:~q / 新剧场版:~t
moc_wubi86_simp_plus	unr	疡: / 竭尽所能:~c / 闷气:~n / 交臂失之:~p / 并发控制:~r / 并发执行:~t	疡: / 竭尽所能:~c / 闷气:~n / 并发控制:~r / 并发执行:~t / 闷热:~v
moc_wubi86_simp_plus	upi	uPic:~c / 竞赛活动:~f / 养家活口:~k / 帝喾:~p / 遵守法律:~t / 曾被誉为:~y	竞赛活动:~f / 养家活口:~k / 帝喾:~p / 遵守法律:~t / 曾被誉为:~y / 旁注:~y
moc_wubi86_simp_plus	upq	旁氏:~a / 盗窃犯:~t / 郊寒岛瘦:~u / 闻之色变:~y / 美容外科:~t	旁氏:~a / 盗窃犯:~t / 闻之色变:~y / 美容外科:~t
moc_wubi86_simp_plus	uqh	头昏眼花:~a / 资金占用:~e / 交上:~h / 效颦:~i / 交战:~k / 竞争战略:~l	头昏眼花:~a / 资金占用:~e / 交上:~h / 交战:~k / 竞争战略:~l / 音乐频道:~u
moc_wubi86_simp_plus	uqn	疱: / 音乐剧:~d / 将尉:~f / 交情:~g / 交臂:~k / 闻名遐迩:~q	疱: / 音乐剧:~d / 将尉:~f / 交情:~g / 闻名遐迩:~q / 意外发生:~t
moc_wubi86_simp_plus	uqr	关键所在:~d / 资质:~f / 交兵:~g / 次年:~h / 瓷缸:~m / 盗掘:~n	关键所在:~d / 资质:~f / 交兵:~g / 次年:~h / 瓷缸:~m / 盗掘:~n
moc_wubi86_simp_plus	urh	羊质虎皮:~h / 逆势上涨:~i / 新手上路:~k	逆势上涨:~i / 新手上路:~k
moc_wubi86_simp_plus	urn	逆反心理:~g / 新年快乐:~q / 斗批改:~t	逆反心理:~g / 新年快乐:~q
moc_wubi86_simp_plus	uru	交白卷:~d / 疯牛病:~g / 交换意见:~m / 美的美居:~n / 总投资额:~p / 总投资:~q	交白卷:~d / 疯牛病:~g / 交换意见:~m / 美的美居:~n / 总投资额:~p / 总投资:~q
moc_wubi86_simp_plus	usl	闲置:~f / 新车:~g / 门可罗雀:~i / 尊驾:~k / 新田:~l / 单相思:~n	闲置:~f / 新车:~g / 门可罗雀:~i / 新田:~l / 单相思:~n / 新罗:~q
moc_wubi86_simp_plus	usu	亲: / 新闻:~b / 亲眷:~d / 新装:~f / 新站:~h / 新意:~j	亲: / 新闻:~b / 亲眷:~d / 新装:~f / 新站:~h / 新意:~j
moc_wubi86_simp_plus	utu	疼: / 疙瘩:~a / 疼痛:~c / 产前:~e / 疾病:~g / 首站:~h	疼: / 疙瘩:~a / 疼痛:~c / 产前:~e / 疾病:~g / 首站:~h
moc_wubi86_simp_plus	uua	辛辛苦苦:~a / 立项:~d / 新闻工作者:~f / 新闻节目:~h / 闯关东:~i / 北斗七星:~j	辛辛苦苦:~a / 立项:~d / 新闻工作者:~f / 新闻节目:~h / 闯关东:~i / 北斗七星:~j
moc_wubi86_simp_plus	uue	头头脑脑:~e / 立脚:~f / 闭门觅句:~q / 头疼脑热:~r / 头部受伤:~w / 新闻采编:~x	头头脑脑:~e / 立脚:~f / 头疼脑热:~r / 头部受伤:~w / 新闻采编:~x / 新闻采访:~y
moc_wubi86_simp_plus	uuu	立: / 关门弟子:~b / 阅卷:~d / 疱疹病毒:~g / 冷冰冰:~i / 立意:~j	立: / 关门弟子:~b / 阅卷:~d / 疱疹病毒:~g / 冷冰冰:~i / 立意:~j
moc_wubi86_simp_plus	uuw	总产值:~f / 立命:~g / 立候:~h / 新闻集团:~l / 亲痛仇快:~n / 新新人类:~o	总产值:~f / 立命:~g / 新闻集团:~l / 亲痛仇快:~n / 新新人类:~o / 立像:~q
moc_wubi86_simp_plus	uux	关闭弹幕:~a / 新闻组:~e / 部门经理:~g / 立约:~q / 阙疑:~t / 资产组合:~w	关闭弹幕:~a / 新闻组:~e / 部门经理:~g / 立约:~q / 资产组合:~w / 慈善组织:~x
moc_wubi86_simp_plus	uxa	冀东:~i / 兼弱攻昧:~j / 北欧:~q / 北约东扩:~r / 北医:~t / 冰红茶:~w	冀东:~i / 北欧:~q / 北约东扩:~r / 北医:~t / 冰红茶:~w / 凝药:~x
moc_wubi86_simp_plus	uxg	北至:~c / 背静:~e / 曾经一起:~f / 北环:~g / 总经理:~j / 背带:~k	北至:~c / 背静:~e / 曾经一起:~f / 北环:~g / 总经理:~j / 背带:~k
moc_wubi86_simp_plus	uxj	背时:~f / 背题:~g / 曾母暗沙:~i / 兹日:~j / 北电:~n / 递归:~v	背时:~f / 背题:~g / 曾母暗沙:~i / 北电:~n / 递归:~v / 总结归纳:~x
moc_wubi86_simp_plus	uxm	北邮:~b / 北岸:~d / 北周:~f / 弊绝风清:~i / 北山:~m / 北风:~q	北邮:~b / 北岸:~d / 北周:~f / 北山:~m / 北风:~q / 背风:~q
moc_wubi86_simp_plus	uxu	辫: / 凝冻:~a / 前线部队:~b / 背痛:~c / 慈善:~d / 北斗:~f	辫: / 凝冻:~a / 前线部队:~b / 背痛:~c / 慈善:~d / 北斗:~f
moc_wubi86_simp_plus	uya	阅读功能:~c / 辛苦:~d / 凉菜:~e / 凉鞋:~f / 六七:~g / 门牙:~h	阅读功能:~c / 辛苦:~d / 凉菜:~e / 凉鞋:~f / 六七:~g / 门牙:~h
moc_wubi86_simp_plus	uyh	门: / 凉皮:~c / 门上:~h / 六点:~k / 疾言遽色:~q / 并肩战斗:~u	门: / 凉皮:~c / 门上:~h / 六点:~k / 并肩战斗:~u / 门齿:~w
moc_wubi86_simp_plus	vbl	好转:~f / 君子固穷:~p / 好软:~q / 好困:~s / 好办:~w / 好累:~x	好转:~f / 好软:~q / 好困:~s / 好办:~w / 好累:~x
moc_wubi86_simp_plus	vbo	如堕烟海:~i	
moc_wubi86_simp_plus	vct	即行:~f / 既得:~j / 奴役:~m / 那又怎样:~s / 那又怎么:~t / 弩箭:~u	即行:~f / 既得:~j / 奴役:~m / 那又怎样:~s / 弩箭:~u / 既往:~y
moc_wubi86_simp_plus	vdg	姑: / 灵感来了:~b / 姑表:~e / 忍不下去:~f / 群而不党:~i / 既成事实:~p	姑: / 灵感来了:~b / 姑表:~e / 忍不下去:~f / 既成事实:~p / 退耕还林:~s
moc_wubi86_simp_plus	vdo	刀耕火耨:~d / 刀耕火种:~t	刀耕火种:~t
moc_wubi86_simp_plus	vec	鼠肚鸡肠:~e / 既爱又恨:~n / vector:~tor	既爱又恨:~n / vector:~tor
moc_wubi86_simp_plus	vew	退伍:~g / 如胶似漆:~i / 退保:~k / 退佃:~l / 退伙:~o / 奶爸:~q	退伍:~g / 如胶似漆:~i / 退保:~k / 退伙:~o / 奶爸:~q / 退休:~s
moc_wubi86_simp_plus	via	via: / 奶油芝士:~f / 剥落:~i / 肃敬:~q / 妙药:~x / Viagra:~gra	via: / 奶油芝士:~f / 剥落:~i / 妙药:~x / Viagra:~gra
moc_wubi86_simp_plus	viy	剥离:~b / 妙计:~f / 灵活调整:~g / 好漂亮啊:~k / 妙诀:~n / 好漂亮的:~r	剥离:~b / 妙计:~f / 灵活调整:~g / 好漂亮啊:~k / 妙诀:~n / 好漂亮的:~r
moc_wubi86_simp_plus	vje	如果爱:~p / 如蝇逐臭:~t / 如果用户:~y	如果爱:~p / 如果用户:~y
moc_wubi86_simp_plus	vjy	如日方升:~t / 如果说:~u / 如果这个:~w	如果说:~u / 如果这个:~w
moc_wubi86_simp_plus	vmf	如风过耳:~b / 女同志:~n	女同志:~n
moc_wubi86_simp_plus	vmp	好肉剜疮:~u	
moc_wubi86_simp_plus	vmw	好几个:~h / 妖由人兴:~i / 那几个字:~p / 刀山剑树:~s / VMware:~are / VMware Fusion:~arefusion	好几个:~h / 那几个字:~p / VMware:~are / VMware Fusion:~arefusion / VMware Fusion Pro:~arefusionpro / VMware Fusion Player:~arefusionplayer
moc_wubi86_simp_plus	vpk	婉顺:~d / 巡哨:~i / 巡视员:~m	巡哨:~i / 巡视员:~m
moc_wubi86_simp_plus	vpq	婉: / 婉然:~d / 怒之铁拳:~u / 鼠窃狗偷:~w	婉: / 婉然:~d / 怒之铁拳:~u
moc_wubi86_simp_plus	vpt	姹: / 婉辞:~d / 巡航:~e / 巡行:~f / 君实生物:~t / 嫁入:~y	姹: / 巡航:~e / 巡行:~f / 君实生物:~t / 嫁入:~y
moc_wubi86_simp_plus	vpx	毁家纾难:~c / 婶母:~g / 巡缉:~k / 婉约:~q / 嫁给:~w	毁家纾难:~c / 婶母:~g / 婉约:~q / 嫁给:~w
moc_wubi86_simp_plus	vqt	如鱼得水:~i / 既然选择:~r / 如狼牧羊:~u / 好多私信:~w	如鱼得水:~i / 既然选择:~r / 好多私信:~w
moc_wubi86_simp_plus	vqv	婚媾:~f / 既然如此:~h / 婚姻:~l / 婚嫁:~p / 好久好久:~q / 女儿女婿:~v	既然如此:~h / 婚姻:~l / 婚嫁:~p / 好久好久:~q / 女儿女婿:~v / 娱乐媒体:~w
moc_wubi86_simp_plus	vqw	如解倒悬:~e / 娱乐八卦:~f / 娘儿俩:~g / 如狼似虎:~h / 如饥似渴:~i / 婚介:~j	娱乐八卦:~f / 娘儿俩:~g / 如狼似虎:~h / 如饥似渴:~i / 婚介:~j / 娱乐作品:~k
moc_wubi86_simp_plus	vrq	寻找乐趣:~f / 好的角色:~q / 如牛负重:~t	寻找乐趣:~f / 好的角色:~q
moc_wubi86_simp_plus	vsr	杂技:~f / 寻枝摘叶:~k / 好样的:~q / 杂拌:~u / 鼠标垫:~v / 鼠标操作:~w	杂技:~f / 好样的:~q / 杂拌:~u / 鼠标垫:~v / 鼠标操作:~w / 那样的话:~y
moc_wubi86_simp_plus	vvw	女仔:~b / 女优:~d / 女佣:~e / 妈妈们都:~f / 女侠:~g / 女仆:~h	女仔:~b / 女优:~d / 女佣:~e / 女侠:~g / 女仆:~h / 好好保护:~r
moc_wubi86_simp_plus	vwg	媒体平台:~c / 如何正确:~d / 媒体表示:~f / 录像带:~k / 如何开展:~n / 好人一生平安:~p	媒体平台:~c / 如何正确:~d / 媒体表示:~f / 录像带:~k / 如何开展:~n / 好人一生平安:~p
moc_wubi86_simp_plus	vwy	妗: / 如何应对:~c / 那你就在:~d / 如何度过:~f / 杂货店:~h / 如何证明:~j	妗: / 如何应对:~c / 如何度过:~f / 杂货店:~h / 如何证明:~j / 那你为啥:~k
moc_wubi86_simp_plus	vxj	嫌疑最大:~d / 始终坚持:~r / 婚纱影楼:~s / 婚纱照:~v / 妙绝时人:~w	嫌疑最大:~d / 始终坚持:~r / 婚纱影楼:~s / 婚纱照:~v
moc_wubi86_simp_plus	vyq	妙语解颐:~a / 女主角:~e / 娘儿:~t / 建设银行:~t / 好望角:~e	女主角:~e / 娘儿:~t / 建设银行:~t / 好望角:~e
moc_wubi86_simp_plus	wab	袋子:~b / 借取:~c / 人工降雨:~f / 供职:~k / 借出:~m / 借了:~n	袋子:~b / 借取:~c / 人工降雨:~f / 供职:~k / 借出:~m / 借了:~n
moc_wubi86_simp_plus	wac	袋熊:~e / 人莫予毒:~g	袋熊:~e
moc_wubi86_simp_plus	waw	供: / 借贷:~a / 八荣八耻:~b / 人工合成:~d / 分期付款:~f / 借债:~g	供: / 借贷:~a / 八荣八耻:~b / 人工合成:~d / 分期付款:~f / 借债:~g
moc_wubi86_simp_plus	wbd	但也不能:~c / 保险套:~d / 他有:~e / 拿了不少:~i / 倾耳而听:~k / 创面:~m	但也不能:~c / 保险套:~d / 他有:~e / 拿了不少:~i / 创面:~m / 做了三年:~r
moc_wubi86_simp_plus	wcs	公权:~c / 你能想到:~g / 颂歌:~k / 俟机:~m / 俊杰:~o / 余勇可贾:~s	公权:~c / 你能想到:~g / 颂歌:~k / 俊杰:~o
moc_wubi86_simp_plus	wct	俟: / 公升:~a / 公私:~c / 公敌:~d / 俊秀:~e / 公告:~f	俟: / 公升:~a / 公私:~c / 公敌:~d / 俊秀:~e / 公告:~f
moc_wubi86_simp_plus	wcv	公帑:~c / 翁姑:~d / 翁媪:~j / 翁婿:~n / 体验如何:~w	公帑:~c / 翁姑:~d / 翁婿:~n / 体验如何:~w
moc_wubi86_simp_plus	wcw	俊: / 仅供:~a / 公仔:~b / 仅仅:~c / 公会:~f / 公债:~g	俊: / 仅供:~a / 公仔:~b / 仅仅:~c / 公会:~f / 公债:~g
moc_wubi86_simp_plus	wda	佐: / 做工:~a / 保存期限:~b / 做菜:~e / 似有若无:~f / 优雅:~h	佐: / 做工:~a / 保存期限:~b / 做菜:~e / 似有若无:~f / 优雅:~h
moc_wubi86_simp_plus	wdg	估: / 仨: / 全面开花:~a / 华盛顿:~b / 做到:~c / 从左到右:~d	估: / 仨: / 全面开花:~a / 华盛顿:~b / 做到:~c / 从左到右:~d
moc_wubi86_simp_plus	wdj	佰: / 你不是在:~d / 食不果腹:~e / 伏旱:~f / 估量:~g / 集成电路:~k	佰: / 你不是在:~d / 食不果腹:~e / 伏旱:~f / 估量:~g / 集成电路:~k
moc_wubi86_simp_plus	wdn	优: / 优异:~a / 仗恃:~f / 全面发力:~l / 僚属:~t / 傻不愣登:~w	优: / 优异:~a / 仗恃:~f / 全面发力:~l / 僚属:~t / 傻不愣登:~w
moc_wubi86_simp_plus	wdt	做: / 段长:~a / 他不得不:~d / 优秀:~e / 优先:~f / 倚重:~g	做: / 段长:~a / 他不得不:~d / 优秀:~e / 优先:~f / 倚重:~g
moc_wubi86_simp_plus	wdu	僚: / 做着:~d / 优美:~g / 休克疗法:~i / 你愿意吗:~k / 人面兽心:~n	僚: / 做着:~d / 优美:~g / 休克疗法:~i / 你愿意吗:~k / 人面兽心:~n
moc_wubi86_simp_plus	wfg	仁: / 仕: / 传开:~a / 传到:~c / 从无到有:~d / 传球:~f	仁: / 仕: / 传开:~a / 传到:~c / 从无到有:~d / 传球:~f
moc_wubi86_simp_plus	wfv	佞: / 传媒:~a / 会好:~b / 含垢忍辱:~d / 八零九零:~f / 从未如此:~h	佞: / 传媒:~a / 会好:~b / 八零九零:~f / 从未如此:~h / 佳妙:~i
moc_wubi86_simp_plus	wga	修理工:~a / 使节:~b / 使其:~d / 合著:~f / 倒戈:~g / 使臣:~h	修理工:~a / 使节:~b / 使其:~d / 合著:~f / 倒戈:~g / 使臣:~h
moc_wubi86_simp_plus	wgc	倒: / 使劲:~a / 你还能有:~d / 全能:~e / 侄:~f / 登台:~k	倒: / 使劲:~a / 全能:~e / 侄:~f / 登台:~k / 偿还能力:~l
moc_wubi86_simp_plus	wgp	贪天之功:~a / 你死定了:~b / 便宜:~e / 公开赛:~f / 拿定:~g / 便宴:~j	贪天之功:~a / 你死定了:~b / 便宜:~e / 公开赛:~f / 拿定:~g / 便宴:~j
moc_wubi86_simp_plus	wgt	全长:~a / 俯下身子:~b / 合适:~d / 仪表盘:~e / 例行:~f / 全球第一:~g	全长:~a / 俯下身子:~b / 合适:~d / 仪表盘:~e / 例行:~f / 全球第一:~g
moc_wubi86_simp_plus	whd	仍旧不能:~c / 从此不再:~g / 侦破:~h / 修面:~m / 仅此而已:~n / 焦虑不安:~p	仍旧不能:~c / 从此不再:~g / 侦破:~h / 修面:~m / 仅此而已:~n / 焦虑不安:~p
moc_wubi86_simp_plus	whf	企: / 悠哉:~a / 倏地:~b / 任督二脉:~e / 修士:~g / 修真:~h	企: / 悠哉:~a / 倏地:~b / 任督二脉:~e / 修士:~g / 修真:~h
moc_wubi86_simp_plus	whl	修车:~g / 候驾:~k / 修罗:~q / 企图:~t / 侦办:~w / 候车:~g	修车:~g / 修罗:~q / 企图:~t / 侦办:~w / 候车:~g
moc_wubi86_simp_plus	whq	修色:~c / 悠然:~d / 倏尔:~i / 修饰:~n / 倏忽:~r / 个儿:~t	修色:~c / 悠然:~d / 修饰:~n / 倏忽:~r / 个儿:~t / 低龄儿童:~u
moc_wubi86_simp_plus	whr	个把:~c / 修持:~f / 候缺:~m / 悠扬:~n / 侦探:~p / 修护:~y	个把:~c / 修持:~f / 悠扬:~n / 侦探:~p / 修护:~y
moc_wubi86_simp_plus	whs	修枝:~f / 修配:~g / 侦查:~j / 从睡梦中:~k / 候机:~m / 佛眼相看:~r	修枝:~f / 修配:~g / 侦查:~j / 从睡梦中:~k / 候机:~m / 修桥:~t
moc_wubi86_simp_plus	wip	偿: / 化学家:~e / 俟河之清:~i / 傥:~q / 优劣之分:~w	偿: / 化学家:~e / 傥:~q / 优劣之分:~w
moc_wubi86_simp_plus	wit	全省各地:~f / 依法处理:~g / 依法惩治:~i / 含沙射影:~j / 你觉得呢:~k / 登堂入室:~p	全省各地:~f / 依法处理:~g / 依法惩治:~i / 含沙射影:~j / 你觉得呢:~k / 登堂入室:~p
moc_wubi86_simp_plus	wjj	介: / 今是昨非:~d / 但是:~g / 偶遇:~m / 全明星赛:~p / 但是最近:~r	介: / 但是:~g / 偶遇:~m / 全明星赛:~p / 但是最近:~r / 全明星:~t
moc_wubi86_simp_plus	wls	焦国标:~f / 位置可以:~n / 公办本科:~t / 值回票价:~w / 全力配合:~w	位置可以:~n / 公办本科:~t / 值回票价:~w / 全力配合:~w
moc_wubi86_simp_plus	wmf	倜: / 佩戴:~a / 催动:~c / 催款:~f / 侧击:~m / 合同规定:~p	倜: / 佩戴:~a / 催动:~c / 催款:~f / 侧击:~m / 合同规定:~p
moc_wubi86_simp_plus	wmh	仙: / 侧目:~h / 催眠:~n / 侧睡:~t / 人同此心:~n	仙: / 侧目:~h / 催眠:~n / 侧睡:~t
moc_wubi86_simp_plus	wmp	他山之石:~d / 作曲家:~e / 侧室:~g / 食肉寝皮:~h / 贫贱之交:~u / 仙鹤:~w	他山之石:~d / 作曲家:~e / 侧室:~g / 贫贱之交:~u / 仙鹤:~w / 坐骨神经:~x
moc_wubi86_simp_plus	wmu	侧闻:~b / 侧着:~d / 佩兰:~f / 仙童:~j / 侧部:~k / 合同效力:~l	侧着:~d / 佩兰:~f / 仙童:~j / 侧部:~k / 合同效力:~l / 仙风道骨:~m
moc_wubi86_simp_plus	wmw	催: / 人赃俱获:~a / 仙翁:~c / 人见人爱:~e / 仙剑:~g / 人山人海:~i	催: / 人赃俱获:~a / 仙翁:~c / 人见人爱:~e / 仙剑:~g / 人山人海:~i
moc_wubi86_simp_plus	wnk	僻: / 公司员工:~a / 倾心吐胆:~e / 人情味:~f / 亿吨:~g / 追踪:~h	僻: / 公司员工:~a / 人情味:~f / 亿吨:~g / 追踪:~h / 假唱:~j
moc_wubi86_simp_plus	wnt	侯: / 低收入者:~f / 人民生活水平:~g / 修改版:~h / 人民生活:~i / 坐以待旦:~j	侯: / 低收入者:~f / 人民生活水平:~g / 修改版:~h / 人民生活:~i / 人民委员:~k
moc_wubi86_simp_plus	wow	wow: / 企业贷款:~f / 从业人员:~k / 企业集团:~l / 创业企业:~o / 拿糖作醋:~s	wow: / 企业贷款:~f / 从业人员:~k / 企业集团:~l / 创业企业:~o / 企业债务:~t
moc_wubi86_simp_plus	woy	伙: / 创业计划:~a / 伙计:~f / 企业主:~g / 人类文明:~j / 伙房:~n	伙: / 创业计划:~a / 伙计:~f / 企业主:~g / 人类文明:~j / 伙房:~n
moc_wubi86_simp_plus	wpk	伫足:~h / 侦察员:~m	侦察员:~m
moc_wubi86_simp_plus	wps	WPS: / 全家桶:~c / 傧相:~h / 全军覆没:~i / 侦察机:~m / 住宅楼:~o	WPS: / 全家桶:~c / 全军覆没:~i / 侦察机:~m / 住宅楼:~o / 凭空想象:~q
moc_wubi86_simp_plus	wpw	倥: / 住宿体验:~c / 全社会:~f / 伫候:~h / 公安人员:~k / 倥侗:~m	倥: / 住宿体验:~c / 全社会:~f / 公安人员:~k / 公安分局:~n / 做完作业:~o
moc_wubi86_simp_plus	wpy	从容应对:~c / 住宿方面:~d / 保定市:~m / 伫望:~n / 化害为利:~t / 拿定主意:~u	从容应对:~c / 住宿方面:~d / 保定市:~m / 化害为利:~t / 拿定主意:~u / 儒家文化:~w
moc_wubi86_simp_plus	wqb	爷: / 父子:~b / 偶尔也有:~d / 做错了事:~g / 仰:~h / 你也:~n	爷: / 父子:~b / 偶尔也有:~d / 做错了事:~g / 仰:~h / 你也:~n
moc_wubi86_simp_plus	wqr	斧: / 父皇:~g / 你看:~h / 你所:~n / 你的:~q / 仰拍:~r	斧: / 父皇:~g / 你看:~h / 你所:~n / 你的:~q / 仰拍:~r
moc_wubi86_simp_plus	wqy	低度:~a / 集贸市场:~f / 低语:~g / 你就:~i / 低调:~m / 代名词:~n	低度:~a / 集贸市场:~f / 低语:~g / 你就:~i / 低调:~m / 代名词:~n
moc_wubi86_simp_plus	wrd	倒持泰阿:~b / 人的大脑:~e / 你看不起:~f / 今年春天:~g / 人所不齿:~h / 八抬大轿:~l	人的大脑:~e / 你看不起:~f / 今年春天:~g / 人所不齿:~h / 八抬大轿:~l / 你看不见:~m
moc_wubi86_simp_plus	wsn	体惜:~a / 您可以用:~e / 体悟:~g / 何惧:~h / 体己:~n / 何必:~t	您可以用:~e / 体悟:~g / 何惧:~h / 何必:~t / 分配情况:~u / 何以:~y
moc_wubi86_simp_plus	wss	傈: / 分析模式:~a / 何极:~e / 分析模型:~g / 休想:~h / 你想要啥:~k	傈: / 分析模式:~a / 分析模型:~g / 休想:~h / 你想要啥:~k / 候机楼:~o
moc_wubi86_simp_plus	wsv	何如:~k / 剑树刀山:~m / 你要好好:~v / 何妨:~y	何如:~k / 你要好好:~v / 何妨:~y
moc_wubi86_simp_plus	wsw	位极人臣:~a / 体会:~f / 体例:~g / 分析化学:~i / 分析仪器:~k / 休假:~n	位极人臣:~a / 体会:~f / 体例:~g / 分析化学:~i / 分析仪器:~k / 休假:~n
moc_wubi86_simp_plus	wth	作:~f / 全身上下:~g / 健身卡:~h / 八步:~i / 叙旧:~j / 作战:~k	作:~f / 全身上下:~g / 健身卡:~h / 八步:~i / 叙旧:~j / 作战:~k
moc_wubi86_simp_plus	wtx	侮: / 途经:~c / 人生经历:~d / 优先级:~e / 斜线:~g / 什么结果:~j	侮: / 途经:~c / 人生经历:~d / 优先级:~e / 斜线:~g / 什么结果:~j
moc_wubi86_simp_plus	wuf	伴: / 华北地区:~a / 佯动:~c / 坐北朝南:~f / 凭着直觉:~i / 拿着地图:~l	伴: / 华北地区:~a / 佯动:~c / 坐北朝南:~f / 凭着直觉:~i / 拿着地图:~l
moc_wubi86_simp_plus	wui	但并没有:~d / 公关活动:~f / 倍添:~g / 傍水:~i / 假道学:~p / 伴当:~v	但并没有:~d / 公关活动:~f / 倍添:~g / 傍水:~i / 假道学:~p / 伴游:~y
moc_wubi86_simp_plus	wuu	你背叛了:~b / 伴着:~d / 佯装:~f / 伴音:~j / 创新产品:~k / 贫病交加:~l	你背叛了:~b / 伴着:~d / 佯装:~f / 伴音:~j / 创新产品:~k / 贫病交加:~l
moc_wubi86_simp_plus	wuv	倾盖如故:~d / 分辨好坏:~f / 倒背如流:~i / 休闲娱乐:~q / 伴娘:~y / 从善如流:~i	分辨好坏:~f / 倒背如流:~i / 休闲娱乐:~q / 伴娘:~y / 从善如流:~i
moc_wubi86_simp_plus	wvb	分: / 分子:~b / 分阴:~e / 倾巢出动:~f / 分隔:~g / 仇隙:~i	分: / 分子:~b / 倾巢出动:~f / 分隔:~g / 仇隙:~i / 分出:~m
moc_wubi86_simp_plus	wvj	分晓:~a / 作如是观:~c / 但如果不:~d / 分明:~e / 从那时起:~f / 分量:~g	分晓:~a / 作如是观:~c / 但如果不:~d / 分明:~e / 从那时起:~f / 分量:~g
moc_wubi86_simp_plus	wvk	分号:~g / 贫嘴:~h / 岔口:~k / 分别:~l / 伊川:~t / 岔路:~h	分号:~g / 贫嘴:~h / 岔口:~k / 分别:~l / 伊川:~t / 岔路:~h
moc_wubi86_simp_plus	wvp	侵: / 侵害:~d / 分家:~e / 贫寒:~f / 贫富:~g / 分之:~p	侵: / 侵害:~d / 分家:~e / 贫寒:~f / 贫富:~g / 从那之后:~r
moc_wubi86_simp_plus	wwj	价: / 从紧:~c / 个人电脑:~e / 丛里:~f / 份量:~g / 人体蜈蚣:~j	价: / 从紧:~c / 个人电脑:~e / 丛里:~f / 份量:~g / 人体蜈蚣:~j
moc_wubi86_simp_plus	wwm	会合周期:~a / 信贷风险:~b / 个人网页:~d / 坐骨:~e / 耸峙:~f / 仆仆风尘:~i	会合周期:~a / 信贷风险:~b / 个人网页:~d / 坐骨:~e / 耸峙:~f / 偏信则暗:~j
moc_wubi86_simp_plus	www	众: / www: / 个人储蓄:~a / 谷仓:~b / 使人们对:~c / 从优:~d	众: / www: / 个人储蓄:~a / 谷仓:~b / 使人们对:~c / 从优:~d
moc_wubi86_simp_plus	wwy	从: / 坐席:~a / 伦敦:~b / 伶:~c / 令人讨厌:~d / 坐庄:~f	从: / 坐席:~a / 伦敦:~b / 伶:~c / 令人讨厌:~d / 坐庄:~f
moc_wubi86_simp_plus	wxm	货: / 佛典:~a / 华胄:~e / 偕同:~g / 传统网游:~i / 佛山:~m	货: / 佛典:~a / 偕同:~g / 传统网游:~i / 佛山:~m / 传统内容:~p
moc_wubi86_simp_plus	wxp	佛家:~e / 华宇:~g / 人给家足:~k / 华军:~l / 父母官:~n / 化之:~p	佛家:~e / 华宇:~g / 华军:~l / 父母官:~n / 化之:~p / 华安:~v
moc_wubi86_simp_plus	wxy	化育:~c / 化斋:~d / 华裔:~e / 传统市场:~f / 货主:~g / 货店:~h	化育:~c / 华裔:~e / 传统市场:~f / 货主:~g / 货店:~h / 传统方法:~i
moc_wubi86_simp_plus	wyc	令: / 翎: / 邻:~b / 人高马大:~d / 作为参考:~f / 欲言又止:~h	令: / 翎: / 邻:~b / 人高马大:~d / 作为参考:~f / 欲言又止:~h
moc_wubi86_simp_plus	wyn	仿: / 颔: / 偏:~a / 今:~b / 保证性能:~c / 邻居:~d	仿: / 颔: / 偏:~a / 今:~b / 保证性能:~c / 邻居:~d
moc_wubi86_simp_plus	wyt	人弃我取:~b / 你说得对:~c / 健康长寿:~d / 领航:~e / 领先:~f / 今生:~g	人弃我取:~b / 你说得对:~c / 健康长寿:~d / 领航:~e / 领先:~f / 今生:~g
moc_wubi86_simp_plus	wyy	雠: / 信度:~a / 偏离:~b / 依序:~c / 食斋:~d / 登高望远:~f	雠: / 信度:~a / 偏离:~b / 依序:~c / 登高望远:~f / 领主:~g
moc_wubi86_simp_plus	xbk	绵阳中学:~i / 弭患:~k	绵阳中学:~i
moc_wubi86_simp_plus	xce	引颈受戮:~n / 经受:~p / 绝对服从:~w / 经脉:~y	经受:~p / 绝对服从:~w / 经脉:~y
moc_wubi86_simp_plus	xcw	绝对值:~f / 绝对公平:~g / 绝对优势:~r / 绝对领先:~t / 经停:~y / 经售:~y	绝对值:~f / 绝对公平:~g / 绝对优势:~r / 绝对领先:~t / 经停:~y / 经传:~f
moc_wubi86_simp_plus	xdg	缄: / 缠在一起:~f / 终有一天:~g / 绑带:~k / 绮丽:~m / 引而不发:~n	缄: / 缠在一起:~f / 终有一天:~g / 绑带:~k / 绮丽:~m / 引而不发:~n
moc_wubi86_simp_plus	xdw	约克公爵:~e / 引而伸之:~p / 绝非偶然:~q / 绑住:~y	约克公爵:~e / 绝非偶然:~q / 绑住:~y
moc_wubi86_simp_plus	xdx	缭绕:~a / 绑缚:~g / 绮绣:~t / 结不结婚:~v / 给不给你:~w / 绯红:~a	缭绕:~a / 绑缚:~g / 结不结婚:~v / 给不给你:~w / 绯红:~a
moc_wubi86_simp_plus	xdy	编码方法:~i / 顷刻:~n / 绮靡:~s / 毋庸:~v / 绝不放弃:~y	编码方法:~i / 顷刻:~n / 毋庸:~v / 绝不放弃:~y
moc_wubi86_simp_plus	xge	缚: / 母乳:~b / 母爱:~p / 母腹:~t / 弱不胜衣:~y	缚: / 母乳:~b / 母爱:~p / 母腹:~t
moc_wubi86_simp_plus	xgp	线宽:~a / 引玉之砖:~d / 终天之恨:~n / 统一安排:~r	线宽:~a / 引玉之砖:~d / 统一安排:~r
moc_wubi86_simp_plus	xkl	强固:~d / 绳墨:~f / 强国:~g / 强加:~k / 强力:~t / 绳圈:~u	强固:~d / 强国:~g / 强加:~k / 强力:~t / 绳圈:~u
moc_wubi86_simp_plus	xme	母婴用品:~k / 纳彩:~s	母婴用品:~k
moc_wubi86_simp_plus	xmk	引风吹火:~o	
moc_wubi86_simp_plus	xmn	纶巾羽扇:~y	
moc_wubi86_simp_plus	xnx	纠结:~f / 费心费力:~l / 纪纲:~m / 纽约:~q / 红情绿意:~u / 纠纷:~w	纠结:~f / 费心费力:~l / 纪纲:~m / 纽约:~q / 纠纷:~w / 纠缠:~y
moc_wubi86_simp_plus	xob	缕陈:~a / 继子:~b / 继承:~d / 毕业院校:~s	继子:~b / 继承:~d / 毕业院校:~s
moc_wubi86_simp_plus	xos	继配:~g / 纳米材料:~o / 缕析:~r / 缕述:~y	继配:~g / 纳米材料:~o
moc_wubi86_simp_plus	xqe	纸膜:~a / 弥月:~e / 纸鹞:~r	纸膜:~a / 弥月:~e
moc_wubi86_simp_plus	xss	结构模式:~a / 贯朽粟陈:~b / 结构模型:~g / 乡村歌曲:~m / 红楼梦:~s	结构模式:~a / 结构模型:~g / 乡村歌曲:~m / 红楼梦:~s
moc_wubi86_simp_plus	xtf	纤: / 绗: / 统筹规划:~a / 疑云:~c / 张震:~d / 乡土:~f	纤: / 绗: / 统筹规划:~a / 疑云:~c / 张震:~d / 乡土:~f
moc_wubi86_simp_plus	xtp	乡宦:~a / 绣字:~b / 张家:~e / 张宇:~g / 终审:~j / 张军:~l	绣字:~b / 张家:~e / 张宇:~g / 终审:~j / 张军:~l / 纤密:~n
moc_wubi86_simp_plus	xwq	纵然:~d / 给钱:~g / 给你多少:~i / 纪念馆:~n / 纷争:~v / 强作解人:~w	纵然:~d / 给钱:~g / 给你多少:~i / 纪念馆:~n / 纷争:~v / 给人留下:~g
moc_wubi86_simp_plus	xyn	纺: / 编:~a / 编剧:~d / 编导:~f / 纹眉:~h / 统计局:~n	纺: / 编:~a / 编剧:~d / 编导:~f / 纹眉:~h / 统计局:~n
moc_wubi86_simp_plus	yam	席: / 度曲:~a / 谋财:~f / 试岗:~m / 庶几:~t / 京东购物:~t	席: / 谋财:~f / 试岗:~m / 庶几:~t / 京东购物:~t / YAML:~l
moc_wubi86_simp_plus	yaq	讴: / 试错:~a / 刻苦钻研:~d / 计划外:~h / 试销:~i / 谮:~j	讴: / 试错:~a / 刻苦钻研:~d / 计划外:~h / 试销:~i / 谮:~j
moc_wubi86_simp_plus	ycg	弃于:~f / 主观恶性:~n / 序列:~q / 谓予不信:~w	弃于:~f / 主观恶性:~n / 序列:~q
moc_wubi86_simp_plus	ycy	高难度:~a / 诵读:~f / 话又说回来:~g / 译为:~l / 请允许我:~t / 序论:~w	高难度:~a / 诵读:~f / 话又说回来:~g / 译为:~l / 请允许我:~t / 序论:~w
moc_wubi86_simp_plus	ydt	诚不我欺:~a / 记不得了:~b / 诚笃:~c / 库存积压:~d / 说不利索:~f / 诚征:~g	诚不我欺:~a / 记不得了:~b / 库存积压:~d / 说不利索:~f / 诚征:~g / 望而生畏:~l
moc_wubi86_simp_plus	yec	哀矜:~b / 弯腰驼背:~u	弯腰驼背:~u
moc_wubi86_simp_plus	yfw	讨伐:~a / 诸公:~c / 毫无作用:~e / 记者会:~f / 讨债:~g / 永无休止:~h	讨伐:~a / 诸公:~c / 毫无作用:~e / 记者会:~f / 讨债:~g / 永无休止:~h
moc_wubi86_simp_plus	ygh	证: / 妄下雌黄:~a / 谈不上:~h / 主频:~i / 评点:~k / 变速齿轮:~l	证: / 谈不上:~h / 主频:~i / 评点:~k / 变速齿轮:~l / 这一瞬间:~u
moc_wubi86_simp_plus	ygj	证明:~e / 主题:~g / 这天晚上:~h / 席不暇暖:~j / 主帅:~m / 夜不归宿:~p	证明:~e / 主题:~g / 这天晚上:~h / 主帅:~m / 夜不归宿:~p / 议事日程:~t
moc_wubi86_simp_plus	ygk	语: / 高速路:~h / 主唱:~j / 变速器:~k / 话到嘴边:~l / 主叫:~n	语: / 高速路:~h / 主唱:~j / 变速器:~k / 话到嘴边:~l / 主叫:~n
moc_wubi86_simp_plus	yhw	让他:~b / 文具盒:~g / 为虎傅翼:~n / 望眼欲穿:~p / 让你:~q / 说些什么:~t	让他:~b / 文具盒:~g / 望眼欲穿:~p / 让你:~q / 说些什么:~t / 让位:~u
moc_wubi86_simp_plus	yiu	京: / 就着:~d / 广泛关注:~i / 请注意:~j / 就问:~k / 旅游产业:~o	京: / 就着:~d / 广泛关注:~i / 请注意:~j / 就问:~k / 旅游产业:~o
moc_wubi86_simp_plus	yjr	谒拜:~d / 课后:~g / 弃暗投明:~j / 变电所:~n / 这里看看:~r / 裹扎:~n	课后:~g / 弃暗投明:~j / 变电所:~n / 这里看看:~r / 裹扎:~n
moc_wubi86_simp_plus	ykg	误: / 识到:~c / 衰:~e / 襄理:~j / 误事:~k / 谴责:~m	误: / 识到:~c / 衰:~e / 襄理:~j / 误事:~k / 谴责:~m
moc_wubi86_simp_plus	yki	调嘴学舌:~t	
moc_wubi86_simp_plus	ykw	识: / 误会:~f / 误伤:~t / 庸中佼佼:~w / 识货:~x / 训令:~y	识: / 误会:~f / 误伤:~t / 识货:~x / 训令:~y / 这叫什么:~t
moc_wubi86_simp_plus	ylc	高车驷马:~c / 设置参数:~o / 为难:~w	设置参数:~o / 为难:~w
moc_wubi86_simp_plus	yld	为大:~d / 床边故事:~g / 库存:~h / 为非:~j / 施加压力:~l / 库克:~q	为大:~d / 床边故事:~g / 库存:~h / 为非:~j / 施加压力:~l / 库克:~q
moc_wubi86_simp_plus	ylh	旋转餐厅:~d / 为止:~h / 为盼:~w / 为此:~x	旋转餐厅:~d / 为止:~h / 为此:~x
moc_wubi86_simp_plus	ylj	为最:~b / 禀明:~e / 为时:~f / 为题:~g / 弃甲曳兵:~r / 为鉴:~t	为最:~b / 禀明:~e / 为时:~f / 为题:~g / 为鉴:~t
moc_wubi86_simp_plus	ylm	禀赋:~g / 为由:~h / 摩加迪沙:~i / 为国内外:~q / 库内:~w / 夜黑风高:~y	禀赋:~g / 为由:~h / 摩加迪沙:~i / 为国内外:~q / 库内:~w / 夜黑风高:~y
moc_wubi86_simp_plus	ylq	衣架饭囊:~g / 为乐:~i / 为名:~k / 忘恩负义:~y / 为国争光:~i / 妄加猜测:~i	为乐:~i / 为名:~k / 忘恩负义:~y / 为国争光:~i / 妄加猜测:~i
moc_wubi86_simp_plus	ymg	敲开:~a / 调到:~c / 这几天:~d / 高于:~f / 褒贬不一:~g / 市政:~h	敲开:~a / 调到:~c / 这几天:~d / 高于:~f / 褒贬不一:~g / 市政:~h
moc_wubi86_simp_plus	ymr	调摄:~b / 高抬:~c / 遮风挡雨:~f / 这几年来:~g / 这几年:~h / 高挑:~i	调摄:~b / 高抬:~c / 遮风挡雨:~f / 这几年来:~g / 这几年:~h / 高挑:~i
moc_wubi86_simp_plus	ymw	讷: / 腐败分子:~b / 高估:~d / 市值:~f / 高傲:~g / 高企:~h	讷: / 腐败分子:~b / 高估:~d / 市值:~f / 高傲:~g / 高企:~h
moc_wubi86_simp_plus	ynb	邙: / 房子:~b / 赢取:~c / 记忆障碍:~d / 忘了:~n / 为民除害:~p	邙: / 房子:~b / 赢取:~c / 记忆障碍:~d / 忘了:~n / 为民除害:~p
moc_wubi86_simp_plus	yng	诩: / 户型:~a / 望到:~c / 毫发不爽:~d / 词表:~e / 赢球:~f	诩: / 户型:~a / 望到:~c / 毫发不爽:~d / 词表:~e / 赢球:~f
moc_wubi86_simp_plus	ynu	戽: / 肩头:~d / 房前:~e / 豪情壮志:~f / 房间:~j / 肩部:~k	戽: / 肩头:~d / 房前:~e / 豪情壮志:~f / 房间:~j / 肩部:~k
moc_wubi86_simp_plus	yot	变长:~a / 弯矩:~d / 变盘:~e / 变迁:~f / 孪生:~g / 亦算:~h	变长:~a / 弯矩:~d / 变盘:~e / 变迁:~f / 孪生:~g / 变得:~j
moc_wubi86_simp_plus	yoy	弯度:~a / 就业率达:~d / 亦庄:~f / 谜语:~g / 变为:~l / 变调:~m	弯度:~a / 亦庄:~f / 谜语:~g / 变为:~l / 变调:~m / 谈谈:~o
moc_wubi86_simp_plus	ypf	郭富城:~d / 这款:~f / 豪雨:~g / 亮起:~h / 言之过早:~j / 这场:~n	郭富城:~d / 这款:~f / 豪雨:~g / 亮起:~h / 言之过早:~j / 这场:~n
moc_wubi86_simp_plus	ypj	高官显爵:~e / 这里:~f / 这是:~g / 高富帅:~m / 认祖归宗:~p / 这颗:~s	这里:~f / 这是:~g / 高富帅:~m / 认祖归宗:~p / 这颗:~s / 这时:~f
moc_wubi86_simp_plus	yqd	诡: / 言犹在耳:~b / 诤友:~c / 齐鲁大地:~f / 试金石:~g / 底面:~m	诡: / 言犹在耳:~b / 齐鲁大地:~f / 试金石:~g / 底面:~m / 永久磁铁:~q
moc_wubi86_simp_plus	yqn	庖: / 诡异:~a / 诡怪:~c / 底层:~f / 言多必失:~r / 永久性:~t	庖: / 诡异:~a / 底层:~f / 言多必失:~r / 永久性:~t / 义愤:~f
moc_wubi86_simp_plus	yqp	谗害:~d / 义冢:~e / 义赛:~f / 义军:~l / 摩尔定律:~t / 底裤:~u	谗害:~d / 义冢:~e / 义赛:~f / 义军:~l / 摩尔定律:~t / 底裤:~u
moc_wubi86_simp_plus	yqu	良金美玉:~g / 许多问题:~j / 询问:~k / 底端:~m / 诸多弊端:~u / 义弟:~x	许多问题:~j / 询问:~k / 底端:~m / 诸多弊端:~u / 义弟:~x / 诡辩:~y
moc_wubi86_simp_plus	yqw	底仓:~b / 谗佞:~f / 店铺优惠:~g / 课外作业:~o / 义父:~q / 为外人道:~u	底仓:~b / 店铺优惠:~g / 课外作业:~o / 义父:~q / 为外人道:~u / 高危人群:~v
moc_wubi86_simp_plus	yrn	广播剧:~d / 哀兵必胜:~e / 亵慢:~j / 诛戮:~w / 诛心:~y	广播剧:~d / 哀兵必胜:~e / 诛戮:~w / 诛心:~y
moc_wubi86_simp_plus	yrx	言近旨远:~f / 调控经济:~i	调控经济:~i
moc_wubi86_simp_plus	ysg	摩天:~d / 调查表:~e / 恋栈不去:~f / 这样一来:~g / 麾下:~h / 主要来源:~i	摩天:~d / 调查表:~e / 这样一来:~g / 麾下:~h / 主要来源:~i / 主要还是:~j
moc_wubi86_simp_plus	ytb	施: / 旗子:~b / 诈取:~c / 谱系障碍:~d / 州际:~f / 广告联盟:~j	施: / 旗子:~b / 诈取:~c / 谱系障碍:~d / 州际:~f / 广告联盟:~j
moc_wubi86_simp_plus	ytg	旆: / 放开:~a / 放到:~c / 课程表:~e / 这么一来:~g / 放下:~h	旆: / 放开:~a / 放到:~c / 课程表:~e / 这么一来:~g / 放下:~h
moc_wubi86_simp_plus	ytj	施暴:~a / 这么晚了:~b / 旋紧:~c / 州里:~f / 话题:~g / 许昌:~j	施暴:~a / 这么晚了:~b / 旋紧:~c / 州里:~f / 话题:~g / 许昌:~j
moc_wubi86_simp_plus	ytm	谢: / 放赈:~d / 就等同于:~g / 旗帜:~h / 课程内容:~p / 旋风:~q	谢: / 就等同于:~g / 旗帜:~h / 课程内容:~p / 旋风:~q / 谈笑风生:~t
moc_wubi86_simp_plus	ytn	旋: / 施展:~a / 率先发难:~c / 话剧:~d / 诱导:~f / 这种情形:~g	旋: / 施展:~a / 率先发难:~c / 话剧:~d / 诱导:~f / 这种情形:~g
moc_wubi86_simp_plus	ytw	放贷:~a / 记得保存:~d / 施舍:~f / 诱使:~g / 主管人员:~k / 广告位置:~l	放贷:~a / 记得保存:~d / 施舍:~f / 诱使:~g / 主管人员:~k / 广告位置:~l
moc_wubi86_simp_plus	yud	详: / 高头大马:~c / 敲门砖:~f / 席卷而来:~g / 州立大学:~i / 这并不是:~j	详: / 高头大马:~c / 敲门砖:~f / 席卷而来:~g / 州立大学:~i / 这并不是:~j
moc_wubi86_simp_plus	yup	谤: / 计将安出:~b / 说完:~f / 谱写:~g / 谛:~h / 记问之学:~i	谤: / 计将安出:~b / 说完:~f / 谱写:~g / 谛:~h / 详审:~j
moc_wubi86_simp_plus	yur	谈判技巧:~a / 论资排辈:~d / 望门投止:~h / 摩拳擦掌:~i / 刻意抹黑:~l / 说白:~r	谈判技巧:~a / 论资排辈:~d / 摩拳擦掌:~i / 刻意抹黑:~l / 说白:~r / 高新技术:~s
moc_wubi86_simp_plus	yux	谙练:~a / 详细:~l / 说给:~w	详细:~l / 说给:~w
moc_wubi86_simp_plus	yvm	庚帖:~h / 唐山:~m	唐山:~m
moc_wubi86_simp_plus	yvu	良善:~d / 唐装:~f / 良好效果:~j / 文君新寡:~p / 良将:~q / 唐门:~y	良善:~d / 唐装:~f / 良好效果:~j / 良将:~q / 唐门:~y / 良好状态:~d
moc_wubi86_simp_plus	ywc	讼: / 谁又:~c / 谁能:~e / 让人难堪:~f / 为丛驱雀:~i / 这个难题:~j	讼: / 谁又:~c / 谁能:~e / 让人难堪:~f / 这个难题:~j / 这个劲儿:~q
moc_wubi86_simp_plus	ywg	诠: / 放你一马:~c / 课代表:~e / 为人正直:~f / 谁不:~i / 论理:~j	诠: / 放你一马:~c / 课代表:~e / 为人正直:~f / 谁不:~i / 论理:~j
moc_wubi86_simp_plus	yxa	诺维斯基:~a / 庇荫:~b / 训练基地:~f / 变幻莫测:~i / 高级工程师:~j / 训练营:~p	诺维斯基:~a / 庇荫:~b / 训练基地:~f / 变幻莫测:~i / 高级工程师:~j / 训练营:~p
moc_wubi86_simp_plus	yxq	率然:~d / 率尔:~i / 玄铁:~r / 详细解答:~t / 义结金兰:~u	玄铁:~r / 详细解答:~t / 义结金兰:~u
moc_wubi86_simp_plus	yyk	文号:~g / 文中:~h / 磨磨蹭蹭:~k / 议员:~m / 文史:~q / 肩摩踵接:~r	文号:~g / 文中:~h / 磨磨蹭蹭:~k / 议员:~m / 文史:~q / 言喻:~w
moc_wubi86_simp_plus	yyy	言: / 广度:~a / 广袤:~c / 设计方面:~d / 诉讼请求:~f / 言语:~g	言: / 广度:~a / 广袤:~c / 设计方面:~d / 诉讼请求:~f / 言语:~g
